designer,3461,128,128
feature_extractor,2554,1342,1687
coder,6755,4143,5121
designer,4375,0,1382
feature_extractor,4725,0,413
coder,12286,0,2513
designer,4375,0,1042
feature_extractor,4399,0,413
coder,11960,0,2255
designer,3462,1496,1963
feature_extractor,2968,1265,1585
designer,11105,1765,2412
designer,10945,2841,3394
feature_extractor,3036,1410,1717
designer,12569,597,1137
feature_extractor,3031,1756,2116
designer,12569,1757,2397
feature_extractor,3123,1848,2142
designer,3462,3052,3807
feature_extractor,3213,1634,1924
coder,10744,2124,3426
coder,10664,3944,4858
coder,10135,3226,4512
designer,3462,1675,2171
feature_extractor,2999,1602,1899
coder,13293,2918,4040
designer,3462,1434,1938
feature_extractor,3001,1958,2279
coder,11733,3281,4181
coder,11019,2923,4067
coder,10536,4085,5071
profiler,6302,1105,1328
profiler,4980,1014,1151
profiler,4858,1818,2051
sketch,4523,296,957
sketch,4326,1151,1679
sketch,4401,1902,2401
feature_extractor,3436,1111,1433
feature_extractor,3558,1738,2053
feature_extractor,3361,1092,1399
designer,3561,17457,18518
feature_extractor,3616,29004,29640
coder,17799,26858,29389
coder,14277,25249,28232
coder,20871,2708,5743
designer,3561,32874,33622
feature_extractor,3322,14172,14611
coder,11974,15912,17706
coder,12687,20549,22497
coder,14325,29405,31620
coder,15192,16293,18342
coder,17250,20084,21881
profiler,5734,3009,3170
coder,17440,24220,26192
coder,18170,28766,31511
coder,17235,23099,25031
coder,15317,26582,28740
coder,14525,12398,14226
coder,17405,14835,17350
coder,14570,18467,20350
coder,16211,23273,26059
profiler,6705,5683,5919
sketch,5262,19895,21207
sketch,6233,29218,30485
designer,3618,28105,28841
feature_extractor,2711,5267,5637
feature_extractor,2711,6196,6571
feature_extractor,2711,7094,7456
coder,10450,16842,17882
coder,11758,16944,19074
coder,10281,24140,26006
designer,3618,29539,30252
feature_extractor,2711,5498,5879
feature_extractor,2711,6132,6536
feature_extractor,2711,6963,7343
coder,15248,8654,10217
designer,3618,17864,18509
feature_extractor,2711,6223,6634
feature_extractor,2711,7211,7498
feature_extractor,2711,7944,8332
coder,10218,17622,18808
coder,10823,18798,20055
coder,11724,24352,25870
designer,3618,15942,16578
feature_extractor,3259,5426,5766
coder,12294,11296,12528
coder,15347,3551,3578
coder,12294,19738,20904
coder,11830,24606,25698
coder,12209,12660,13935
coder,14584,12895,13921
profiler,3082,5130,5311
profiler,6385,3393,3561
sketch,4598,9597,10187
sketch,4821,19919,20588
feature_extractor,3855,5674,6007
feature_extractor,3632,6466,6818
designer,3653,32232,33417
feature_extractor,3805,4938,5394
coder,15761,18201,19799
coder,16362,18291,20359
coder,15459,33220,34842
coder,21193,9814,11996
designer,3597,25028,28042
designer,3618,15287,15975
feature_extractor,3333,4894,5225
coder,12800,5905,7088
coder,10980,8573,9701
coder,12017,9986,11090
coder,14490,8018,9033
coder,13659,12531,13848
coder,14100,10009,11056
coder,13442,7042,8371
coder,12834,13239,14333
coder,15257,9836,11533
designer,3618,18050,18760
feature_extractor,3345,6212,6551
coder,12380,7538,8771
profiler,3070,2698,2873
coder,12934,20347,21376
coder,12380,21222,21244
coder,13260,15224,15251
profiler,4187,18826,19071
coder,12715,6570,7836
profiler,5689,4175,4350
sketch,4841,15500,16120
sketch,4607,18023,18704
sketch,4809,37668,38421
feature_extractor,3875,3552,3909
feature_extractor,3641,4494,4868
feature_extractor,3843,8890,9242
designer,3618,28975,29632
feature_extractor,3301,5138,5455
coder,11156,10218,11464
coder,10317,12088,13204
coder,11085,15575,16539
profiler,2957,3826,3997
profiler,2804,5673,5839
profiler,3071,13247,13451
sketch,4539,12013,12611
sketch,4693,14077,14739
sketch,4807,21215,21792
feature_extractor,3573,4417,4779
feature_extractor,3841,8342,8691
feature_extractor,3727,4466,4826
designer,7361,6114,6768
feature_extractor,3300,7351,7685
designer,8066,4982,5719
feature_extractor,3360,4686,5015
designer,8126,3221,3961
feature_extractor,3360,5147,5493
coder,12395,12800,14099
coder,12395,13077,14471
coder,12395,18853,20143
profiler,4532,5904,6034
profiler,4456,7394,7573
profiler,4433,9235,9499
sketch,4951,14835,15426
sketch,4850,19182,19813
sketch,4875,22781,23461
feature_extractor,3985,6018,6412
feature_extractor,3884,4613,4978
feature_extractor,3909,3505,3876
designer,7678,4143,4832
feature_extractor,3321,8201,8561
designer,8404,4999,5684
feature_extractor,3317,5584,5952
designer,8400,18350,19056
feature_extractor,3330,6363,6710
coder,20073,9417,10757
coder,12664,11271,13004
coder,14547,13317,14895
coder,15226,3602,5172
profiler,4488,7293,7526
profiler,7054,5289,5495
profiler,4715,5623,5800
sketch,4907,11780,12362
sketch,5267,16436,17018
sketch,5134,19286,19869
feature_extractor,4301,5552,5917
feature_extractor,3941,7410,7772
feature_extractor,4168,4687,5077
designer,8059,11035,11966
feature_extractor,3548,4163,4514
designer,9012,12586,13682
feature_extractor,3702,6516,6863
designer,9166,18883,20062
feature_extractor,3810,6229,6621
coder,16064,27834,29414
coder,14933,37319,38940
coder,12449,43483,44737
coder,15869,3351,4993
profiler,6161,3804,4007
coder,17032,8646,10414
coder,17555,28196,29363
coder,16101,10151,11879
profiler,4317,9607,9900
coder,21223,20810,22229
coder,17401,11828,13182
profiler,4502,10327,10519
sketch,4921,9954,10608
sketch,5193,22505,23056
sketch,4736,29382,29973
feature_extractor,4227,5753,6142
feature_extractor,3955,7025,7420
feature_extractor,3770,3986,4381
designer,7934,8509,9259
feature_extractor,3385,9637,10024
designer,8724,10625,11419
feature_extractor,3415,6251,6609
designer,8754,7333,8138
feature_extractor,3429,5502,5896
coder,12783,12383,13742
coder,14037,13932,15076
coder,15405,4510,5984
coder,13618,32329,33357
coder,16059,10639,12005
coder,14324,28680,29885
coder,16847,9328,10472
profiler,7172,5568,5754
profiler,6736,17568,17780
coder,15579,44740,46121
coder,16830,6838,7917
profiler,4245,16205,16396
sketch,4657,17818,18469
sketch,4943,18373,18982
sketch,4711,19036,19685
feature_extractor,3977,9686,10063
feature_extractor,3745,5899,6260
feature_extractor,3691,5317,5654
designer,8215,9855,10618
feature_extractor,3382,5110,5487
designer,9002,7497,8656
feature_extractor,3752,7824,8168
designer,9372,5961,6791
feature_extractor,3446,4705,5110
coder,16041,7559,8886
coder,12194,18200,19377
coder,16576,3692,4885
coder,19576,15156,16288
coder,16450,35176,36825
coder,18980,9602,10987
profiler,4366,23537,23729
coder,14826,19598,21214
profiler,4770,8965,9152
coder,16462,27483,28688
profiler,4380,16679,16917
sketch,4797,10624,11282
sketch,4783,18480,19083
sketch,5192,19096,19657
feature_extractor,3831,8483,8884
feature_extractor,3817,6630,6630
designer,3637,56095,57434
feature_extractor,3929,9657,10244
coder,13684,24040,26166
coder,13754,27252,28966
coder,16773,3989,6146
coder,15643,7299,9382
coder,15290,65535,65535
profiler,5203,8460,8645
profiler,6471,4369,4513
coder,13294,20641,22510
coder,19297,12435,14483
profiler,5105,12163,12362
sketch,5583,16086,17181
sketch,5637,24064,25164
sketch,5681,29605,30681
feature_extractor,4614,11920,12501
feature_extractor,4712,10657,11269
feature_extractor,4668,13365,13986
designer,10105,65534,65534
feature_extractor,2730,8940,9524
coder,15588,14474,16217
coder,10786,31330,32733
coder,10686,28017,29605
profiler,4816,15034,15313
profiler,4676,7059,7249
coder,15663,12997,14576
coder,18313,10646,12267
coder,14851,12715,14351
coder,18016,11120,12724
coder,15806,14666,16437
coder,14343,4751,6476
coder,13564,10428,12201
coder,17575,25459,27206
sketch,5291,8998,10415
sketch,5150,34382,35547
feature_extractor,4322,10951,11576
feature_extractor,4181,11914,12596
designer,15589,7667,8915
feature_extractor,3862,8446,9060
designer,16836,12142,13405
feature_extractor,3847,7239,7810
coder,13393,13113,15602
coder,13393,18902,20990
coder,13393,20915,23067
coder,16816,10912,13133
coder,16355,7943,9601
coder,15712,15647,17327
profiler,3487,8248,8433
coder,16568,19482,21203
coder,15350,7084,8831
coder,16087,12319,14376
profiler,4876,30836,31150
coder,16346,39225,40843
coder,16018,17457,19091
profiler,4815,9765,9951
sketch,5215,19312,20315
sketch,5216,27935,28855
sketch,5278,55550,56517
feature_extractor,4309,13221,13843
feature_extractor,4246,12926,13511
feature_extractor,4247,7423,7968
designer,15150,9696,11374
feature_extractor,4264,10446,11059
designer,16799,6200,7761
feature_extractor,4149,16041,16589
designer,16684,9906,11458
feature_extractor,4141,11702,12317
coder,16093,17537,19831
coder,14166,32362,34321
coder,14550,33724,35507
coder,16930,16681,19259
profiler,7931,1373,1532
coder,17096,13191,15050
coder,19050,26687,28814
profiler,6476,3320,3496
coder,19952,15194,17187
profiler,6361,10153,10345
sketch,5642,23099,24764
sketch,5511,27627,28825
sketch,5530,65532,65532
designer,3507,16479,17044
feature_extractor,3098,9335,9730
coder,13344,21122,22819
coder,11820,24145,25926
coder,11465,25369,26884
profiler,5770,3829,4020
profiler,6022,7275,7468
coder,13072,14462,16648
coder,16343,11496,13029
profiler,7180,6614,6868
sketch,4938,14546,15604
sketch,4975,18101,19264
sketch,5187,23649,24710
feature_extractor,4222,9102,9571
feature_extractor,4010,5788,6258
feature_extractor,3973,6048,6462
designer,9106,19915,21352
feature_extractor,3878,7245,7670
designer,8962,11668,13047
feature_extractor,3846,8489,8938
designer,10324,8746,9996
feature_extractor,3702,7883,8310
designer,10180,32807,34108
feature_extractor,3750,11516,11978
coder,17580,14589,16554
coder,14961,14232,16325
coder,17580,15578,17697
coder,15181,6030,7943
coder,16322,7343,9342
coder,18780,16838,18918
profiler,4807,22472,22716
coder,17396,19956,21772
profiler,7552,4405,4545
coder,16092,20474,22273
profiler,6040,5591,5764
sketch,5208,28345,29729
sketch,5239,27938,29221
sketch,5287,32357,33640
feature_extractor,4274,5524,6019
feature_extractor,4243,5212,5683
feature_extractor,4322,5603,6013
designer,9513,15751,16961
feature_extractor,3691,7686,8117
designer,10720,21859,23183
feature_extractor,3794,11513,11958
designer,10823,14870,16516
feature_extractor,4100,4694,5126
coder,13898,19897,22557
coder,13898,20827,23043
coder,14448,32183,34488
coder,17153,6623,8556
coder,17710,14518,16623
coder,17559,8635,10596
coder,16774,16363,18821
profiler,6352,6529,6745
coder,16987,10983,13075
coder,18102,11777,13871
coder,16460,12529,14369
profiler,7915,21256,21467
coder,16417,13645,15666
coder,16459,5171,7307
coder,17087,12485,14525
coder,17030,28673,30628
coder,18114,12687,14782
sketch,5522,13136,14003
sketch,5501,18540,19265
feature_extractor,4536,7831,8257
feature_extractor,4557,8964,9443
designer,9410,5901,6857
feature_extractor,3461,9054,9474
designer,10387,11516,12999
feature_extractor,3939,8427,8822
designer,10865,24817,26180
feature_extractor,3811,6018,6448
coder,13345,20021,21622
coder,13345,25671,27509
coder,13345,27769,29795
profiler,5854,6606,6783
coder,16333,6987,8813
coder,16127,12852,14709
coder,15840,12789,14782
coder,15814,26133,27801
profiler,6229,11920,12160
profiler,5923,10029,10193
sketch,5086,15510,16318
sketch,5392,26964,28324
sketch,5017,34530,35651
feature_extractor,4121,5424,5910
feature_extractor,4052,8950,9388
feature_extractor,4427,12529,13052
designer,9379,5932,7250
feature_extractor,3796,6659,7091
designer,10691,7530,8927
feature_extractor,3870,5083,5517
designer,10765,18115,19351
feature_extractor,3754,8524,8965
coder,15390,11509,13619
coder,15390,21634,23397
coder,18343,6010,8088
coder,15390,32172,34030
coder,18166,8067,10126
coder,18276,10114,12193
profiler,6312,21155,21337
coder,18361,26405,28323
coder,18523,13121,15345
coder,18665,12366,14483
coder,17993,11771,13816
coder,18399,4840,6831
profiler,6201,6041,6218
profiler,6332,18343,18525
sketch,5496,14421,15634
sketch,5372,15448,16644
sketch,5475,23429,24227
feature_extractor,4407,12479,12935
feature_extractor,4531,7239,7736
feature_extractor,4510,5436,5866
designer,9644,3179,4591
feature_extractor,3861,4969,5410
designer,11021,5485,6925
feature_extractor,3887,6789,7264
designer,11047,9933,11488
feature_extractor,3994,5886,6324
coder,18592,7836,10115
coder,13041,22737,24199
coder,16246,28021,29549
coder,23782,16813,18522
coder,15169,11735,13566
coder,21072,12968,14562
coder,18761,13242,15128
coder,20177,4923,6795
profiler,6125,6382,6554
profiler,7689,6451,6677
coder,18199,20237,22020
coder,16965,14592,16364
profiler,6871,7547,7715
sketch,5272,9984,10606
sketch,5288,14743,15834
sketch,5195,30697,31446
feature_extractor,4230,5441,5866
feature_extractor,4323,5543,6049
feature_extractor,4307,10812,11293
designer,9350,15208,16475
feature_extractor,3743,7000,7426
designer,10609,11367,12745
feature_extractor,3855,7993,8453
designer,10721,4559,5864
feature_extractor,3792,7604,8033
coder,18649,13716,15489
coder,16107,16287,17889
profiler,7418,10492,10672
profiler,5872,13699,13871
coder,13902,45612,47199
profiler,5856,10152,10357
sketch,5037,22238,23345
sketch,5209,35164,36434
sketch,5019,65531,65531
designer,3601,18969,19736
feature_extractor,3371,7380,7812
coder,15934,14216,15657
coder,15934,18268,19632
coder,15934,23338,24673
profiler,4492,1677,1892
profiler,4554,3117,3276
coder,18237,6168,7594
coder,18377,4777,6310
coder,18516,14597,15939
coder,18321,3613,5025
profiler,4519,11036,11260
sketch,4916,11228,11958
sketch,4978,16856,17865
sketch,4943,31044,31823
feature_extractor,3943,5457,5971
feature_extractor,3970,10092,10568
feature_extractor,4005,8444,8969
designer,8216,4689,5825
feature_extractor,3737,6290,6760
designer,9375,8030,9032
feature_extractor,3609,5114,5601
designer,9247,7330,8312
feature_extractor,3590,9215,9686
coder,15562,19403,20902
coder,15289,19547,21280
coder,18295,3784,5502
coder,15562,42836,44245
coder,20287,11193,12765
profiler,7046,6022,6190
profiler,4692,4794,4983
coder,15954,11367,12769
profiler,6758,2499,2666
sketch,5258,10754,11625
sketch,4959,14321,15204
sketch,5113,17593,18452
feature_extractor,4285,4741,5222
feature_extractor,4140,9116,9620
feature_extractor,3986,6759,7278
designer,8610,19692,20678
feature_extractor,3622,4676,5162
designer,9654,15808,16757
feature_extractor,3565,6191,6688
designer,9597,9257,10199
feature_extractor,3551,4627,5105
coder,12346,19626,21079
coder,14517,23188,24592
coder,12338,34988,36426
coder,16066,3482,5150
profiler,5363,10822,11008
profiler,6047,8845,9073
coder,15753,21781,23194
profiler,4543,5127,5303
sketch,5185,12017,12977
sketch,4954,15470,16185
sketch,4946,27806,28572
feature_extractor,3973,5356,5808
feature_extractor,4212,6311,6810
feature_extractor,3981,6737,7235
designer,11022,24751,25924
feature_extractor,3752,14106,14580
designer,12195,2295,3458
feature_extractor,3742,10244,10731
designer,12185,9210,10567
feature_extractor,3888,8015,8477
coder,14212,9506,11380
coder,14212,20267,22063
coder,14212,29938,31871
profiler,7010,14627,14892
profiler,7725,9306,9484
sketch,5351,19021,19832
sketch,5322,65189,65533
feature_extractor,4349,7307,7807
feature_extractor,4378,5628,6167
designer,10943,3329,4289
feature_extractor,3539,4677,5113
designer,11903,3335,4388
feature_extractor,3634,5043,5498
designer,11998,6482,7546
feature_extractor,3652,4918,5415
coder,18410,14563,16146
coder,16614,18031,19640
coder,18114,24988,26415
coder,19797,13566,15019
coder,17934,7832,9388
profiler,6797,4101,4282
coder,18139,23775,25218
profiler,4658,12269,12502
coder,18260,22243,23563
profiler,5831,9548,9707
sketch,4885,11353,12351
sketch,5077,19707,20439
sketch,5009,25187,25999
feature_extractor,4036,8857,9354
feature_extractor,4104,8206,8710
feature_extractor,3912,7496,7977
designer,10747,6105,6976
feature_extractor,3477,4949,5412
designer,11645,14495,15380
feature_extractor,3476,6311,6769
designer,11644,12787,13725
feature_extractor,3526,6623,7071
coder,17087,12105,13744
coder,13356,13264,14877
coder,19112,5183,6498
coder,12835,28904,30310
profiler,4785,10646,10806
profiler,4410,4607,4847
coder,19084,16758,18101
designer,3561,32790,34144
coder,18115,7637,9302
profiler,3472,9249,9478
feature_extractor,3899,19944,20517
sketch,5204,14462,15262
sketch,4855,21147,22165
coder,13264,15347,17268
sketch,5149,42712,43441
coder,12297,26209,28156
feature_extractor,4176,9390,9861
coder,13264,31398,33621
feature_extractor,4232,6265,6745
feature_extractor,3882,5354,5804
designer,10763,7097,8442
profiler,7745,17153,17368
feature_extractor,3933,13098,13631
coder,16211,44446,46403
coder,15698,25049,27375
coder,16287,14076,16039
designer,12117,12509,13875
coder,17392,26283,28397
feature_extractor,3948,8543,9024
profiler,7066,16776,16972
coder,15643,9908,11980
profiler,8424,5561,5713
sketch,5549,19912,21403
designer,12132,13646,14968
sketch,5443,27906,29173
feature_extractor,3890,8947,9461
sketch,5441,35743,37255
feature_extractor,4475,18665,19286
feature_extractor,4584,23232,23868
coder,15124,18397,19811
coder,15438,32362,33886
coder,15306,7661,9556
feature_extractor,4477,27459,28133
coder,16755,48295,50089
coder,15416,9422,11236
coder,17041,4274,6144
coder,20911,3803,5560
profiler,6112,10483,10710
coder,16317,21397,22898
profiler,7452,13830,14082
sketch,5039,11848,12574
sketch,5269,33010,33866
designer,3561,16360,18386
feature_extractor,4297,7346,7806
feature_extractor,4474,15219,15865
feature_extractor,4066,10578,11037
designer,10893,14180,15143
coder,15999,18305,21001
coder,16035,18058,20242
feature_extractor,3570,6933,7422
coder,17892,8869,10961
coder,21034,13611,15800
coder,17260,44220,46732
profiler,7247,5051,5255
designer,11884,10261,11228
feature_extractor,3578,8373,8853
profiler,6884,10861,11014
profiler,7351,8643,9010
sketch,6012,22737,24285
sketch,5557,34412,35981
designer,11892,17777,18748
feature_extractor,3581,8238,8703
sketch,5663,56789,58481
feature_extractor,4697,18341,19102
coder,16032,14567,16105
coder,14304,15272,16578
coder,14650,20511,21861
feature_extractor,4591,24378,25280
coder,16490,3549,5167
profiler,4454,13150,13359
coder,14820,18396,19963
feature_extractor,5046,18796,19594
coder,20007,17250,18484
coder,15045,13354,14874
profiler,5479,5537,5695
sketch,4873,12269,13066
sketch,5062,23617,24411
feature_extractor,4089,6386,6890
feature_extractor,3900,5046,5527
designer,10715,10194,11113
feature_extractor,3505,5656,6099
designer,11641,7373,8358
feature_extractor,3576,5284,5730
designer,11712,11338,12362
feature_extractor,3619,7018,7523
coder,16581,10004,11781
coder,13943,20999,22353
profiler,4874,9601,9769
coder,18786,29721,31274
profiler,6727,13104,13320
coder,17274,41191,42724
coder,18152,9961,11390
coder,15447,10482,11865
profiler,4524,23137,23309
sketch,4945,17024,17930
sketch,5295,16424,17288
sketch,4924,27686,28480
feature_extractor,3951,5719,6205
feature_extractor,4322,5905,6456
feature_extractor,3972,6131,6614
designer,10612,3962,4989
feature_extractor,3625,7900,8394
designer,11658,12195,13164
feature_extractor,3571,11141,11624
designer,11604,13829,14815
feature_extractor,3589,6092,6607
designer,3606,13340,14040
feature_extractor,3338,6672,7044
coder,11892,6726,8411
coder,11892,12839,14242
coder,11892,15721,17131
profiler,6994,2544,2705
profiler,5368,4544,4696
coder,14464,18312,19541
profiler,4369,9962,10126
sketch,5201,6998,7703
sketch,4950,10840,11606
sketch,4790,18387,19128
feature_extractor,3821,4941,5353
feature_extractor,3981,4207,4672
feature_extractor,4232,7492,7966
designer,3606,7766,8549
feature_extractor,3403,4742,5110
coder,15353,6306,7597
coder,12447,11539,13212
coder,17620,9400,10587
coder,15051,27037,28380
profiler,5718,4470,4638
profiler,4799,14679,14906
coder,14422,5983,7237
profiler,4387,7745,7949
sketch,4806,9290,9987
sketch,4765,10032,10683
sketch,5220,27972,28702
feature_extractor,4252,5492,5935
feature_extractor,3837,4491,4988
feature_extractor,3796,5405,5863
designer,8290,5020,5844
feature_extractor,3430,5881,6394
designer,9137,6503,7382
feature_extractor,3482,5668,6117
coder,12526,12257,13784
coder,12526,14198,15629
coder,12526,26570,26570
coder,15037,5977,7358
profiler,7445,3604,3788
coder,14929,4809,6123
coder,12725,11876,13115
profiler,4393,12740,12942
coder,14226,4754,6066
coder,14136,2638,3810
profiler,4320,10042,10225
sketch,4739,11967,12622
sketch,4985,12224,12853
sketch,4812,21144,21816
feature_extractor,4016,7021,7425
feature_extractor,3843,5530,5970
feature_extractor,3770,7134,7531
designer,7698,9517,10247
feature_extractor,3357,13192,13629
designer,8472,6953,7679
feature_extractor,3352,7401,7866
designer,8467,4287,5037
feature_extractor,3375,5849,6236
coder,12009,12378,13730
coder,10390,13002,13959
coder,11766,30401,31599
coder,13287,7335,9003
coder,13865,12187,13296
profiler,4248,3849,4002
coder,14341,9887,11157
profiler,3082,6933,7134
coder,15124,25972,27515
profiler,4682,4234,4420
sketch,4820,12494,13163
sketch,4693,17444,18049
sketch,5101,20624,21333
feature_extractor,4132,6781,7260
feature_extractor,3851,5585,6067
feature_extractor,3724,6258,6736
designer,8545,10258,11133
feature_extractor,3495,6300,6735
designer,9457,11969,12781
feature_extractor,3445,4326,4812
designer,9407,9265,10094
feature_extractor,3440,7041,7480
coder,15088,7168,8428
coder,15088,16878,18153
coder,15088,17280,18489
coder,17325,9879,11353
profiler,4463,5305,5490
profiler,4384,6631,6789
profiler,4624,9829,10000
sketch,4824,16104,16744
sketch,5045,22073,22776
sketch,4803,20187,20812
feature_extractor,3855,6570,7009
feature_extractor,3834,5681,6181
feature_extractor,4076,7064,7554
designer,8346,4845,5642
feature_extractor,3423,5603,6033
designer,9185,3229,4049
feature_extractor,3435,6357,6780
designer,9198,9621,10416
feature_extractor,3414,8795,9235
coder,15965,10187,11992
coder,15965,13337,14755
coder,15965,13390,14613
profiler,4584,5016,5238
coder,18727,10934,12769
profiler,4368,10571,10761
profiler,4918,6764,6968
sketch,5345,9870,10464
sketch,4784,13675,14484
sketch,5000,20908,21799
feature_extractor,4376,7826,8330
feature_extractor,3815,8169,8582
feature_extractor,4031,4442,4869
designer,7873,6349,7272
feature_extractor,3539,5747,6190
designer,8829,7286,8188
feature_extractor,3519,4286,4678
designer,9560,5604,6719
feature_extractor,3611,9257,9712
designer,8809,16746,17668
feature_extractor,3530,7705,8170
designer,10687,8961,10072
feature_extractor,3582,6811,7271
coder,12237,6664,8260
coder,12237,11992,13958
profiler,4697,11885,12089
coder,12237,31576,33453
coder,15171,16434,18068
designer,10658,14863,16118
profiler,5583,9952,10177
profiler,7854,16639,16816
feature_extractor,3707,7596,8051
sketch,5118,6643,7309
sketch,5398,10294,10899
sketch,5165,20663,21306
feature_extractor,4429,4923,5374
feature_extractor,4149,6620,7125
feature_extractor,4196,9313,9758
designer,8080,8248,9021
feature_extractor,3398,4364,4776
coder,13241,13132,15041
coder,13241,16538,18204
coder,13241,25069,26904
coder,16067,4954,6771
coder,15578,6333,8130
designer,8895,6600,7383
profiler,6039,14138,14316
coder,16052,21802,23594
profiler,7630,7420,7578
feature_extractor,3411,7529,7924
profiler,6004,14096,14281
sketch,5165,20994,22267
designer,8908,3928,4708
sketch,5216,25275,26645
feature_extractor,3408,4401,4808
sketch,5212,35883,37014
feature_extractor,4247,7595,8033
feature_extractor,4200,9347,9784
feature_extractor,4252,8159,8620
coder,12042,8450,9992
designer,9865,4791,5955
feature_extractor,3660,4415,4842
coder,11076,17546,19209
coder,11076,23654,25089
profiler,5494,12031,12244
coder,14575,11607,13172
profiler,4789,12937,13122
profiler,4675,7994,8168
sketch,5096,14813,15482
sketch,5070,14258,15066
designer,11041,43774,45121
sketch,5203,20357,21079
feature_extractor,3812,6996,7408
feature_extractor,4101,5761,6226
feature_extractor,4127,9654,10100
feature_extractor,4234,4862,5296
designer,8142,5813,6609
designer,11193,13344,14728
feature_extractor,3409,6270,6665
feature_extractor,3854,9855,10290
designer,8968,12432,13365
feature_extractor,3537,7125,7516
coder,14154,7283,9573
coder,14154,22860,24463
coder,17436,12863,14892
coder,14154,51772,53531
profiler,5876,22851,23054
designer,9096,5776,6674
coder,16082,7907,9870
profiler,7635,14785,14971
feature_extractor,3502,8579,8963
coder,16626,22375,24327
coder,12876,6101,7626
profiler,6235,11133,11323
coder,12876,14337,15758
profiler,4558,5551,5720
sketch,5342,10928,11772
coder,15307,17361,18794
coder,12876,41610,42866
coder,14606,6825,8304
profiler,6617,2308,2477
sketch,5424,39578,40736
profiler,4591,6391,6588
sketch,4977,7834,8558
sketch,4825,14346,15177
sketch,5041,65534,65534
sketch,5012,16501,17202
feature_extractor,4008,6786,7212
feature_extractor,4043,5477,5884
feature_extractor,3856,6606,7048
designer,8224,17031,18388
feature_extractor,3918,9804,10265
designer,9559,29838,31029
feature_extractor,3775,9212,9699
designer,9416,6364,7699
feature_extractor,3915,9204,9635
coder,16509,9970,12339
coder,15047,9845,11855
coder,16226,16862,18571
coder,18555,4542,6888
coder,17548,12273,13944
profiler,6392,13728,13951
coder,17294,12393,14740
coder,18203,8596,10423
coder,19960,8710,10892
profiler,6503,5493,5715
profiler,7770,16052,16245
sketch,5665,13044,13935
sketch,5350,19656,20650
sketch,5501,22785,23854
feature_extractor,4696,10700,11144
feature_extractor,4533,5301,5714
designer,9582,6107,7138
feature_extractor,4381,6796,7204
designer,9136,6142,6961
designer,9085,7860,9066
feature_extractor,3430,7484,7906
feature_extractor,3694,12363,12822
designer,10295,8912,9866
designer,9983,8679,9500
feature_extractor,3460,5953,6368
feature_extractor,3430,6915,7375
designer,10061,4883,6122
feature_extractor,3726,8664,9099
designer,9983,5584,6400
feature_extractor,3428,8879,9294
designer,3653,21433,22314
feature_extractor,3541,7073,7467
coder,13260,11073,13220
coder,13562,20141,21921
coder,13562,26168,28396
coder,16795,3472,5202
coder,13572,8736,9904
coder,15497,8394,9747
coder,16349,9004,11167
coder,15497,14631,16092
coder,17192,18823,20804
coder,15076,23093,24511
coder,13118,23507,24729
profiler,5999,12987,13133
coder,17456,8625,10871
coder,16399,9443,11625
profiler,7783,6805,7009
coder,14454,39344,40692
profiler,7429,6805,6988
coder,15688,22569,24058
coder,15463,4865,6455
coder,15577,16452,17802
coder,16341,14699,16578
profiler,4366,18480,18709
coder,15680,34126,35571
coder,17678,3629,5171
profiler,6890,12798,13085
coder,16241,6455,7871
profiler,7456,9349,9552
coder,16861,20374,22210
profiler,4585,5605,5754
sketch,4787,9674,10321
coder,18024,16346,18244
coder,16135,7377,9437
sketch,4951,15809,16561
sketch,5100,22493,23204
profiler,5007,7127,7330
feature_extractor,4131,4815,5225
coder,16057,7840,9995
feature_extractor,3982,6901,7388
profiler,6387,6210,6428
feature_extractor,3818,6928,7331
sketch,5486,25043,26183
sketch,5766,29165,30265
sketch,5162,14485,15097
sketch,5038,35225,36494
sketch,5550,19522,20185
sketch,5364,22848,23992
feature_extractor,4067,6804,7327
feature_extractor,4197,12417,12857
feature_extractor,4795,10243,10746
feature_extractor,4585,9454,10004
feature_extractor,4515,10327,10824
feature_extractor,4400,7416,7827
designer,10118,6903,8101
feature_extractor,3806,6068,6529
designer,9262,8919,9740
feature_extractor,3342,7152,7574
designer,11294,8566,9736
feature_extractor,3782,7538,8005
designer,11270,17708,18910
designer,10120,11103,12298
feature_extractor,3810,7512,7967
coder,13190,18850,20497
coder,13190,24260,25713
profiler,6893,3572,3756
coder,13190,33469,35013
coder,15574,10062,11653
coder,15012,10387,11828
profiler,4695,6072,6245
designer,3715,33819,34973
profiler,7350,16921,17096
feature_extractor,3868,18662,19203
sketch,5174,24865,25775
sketch,5029,22948,23998
sketch,5223,29993,31069
feature_extractor,4058,8161,8659
coder,13629,19722,22159
coder,13629,26056,28253
coder,13629,32742,34673
feature_extractor,4203,9135,9635
feature_extractor,4252,10024,10505
coder,15878,18017,20194
designer,9016,3171,4403
coder,15724,19411,21655
feature_extractor,3836,8643,9126
coder,16744,23217,25766
coder,17049,8986,11267
coder,15299,15586,18570
coder,17096,14314,16871
coder,15026,13952,15621
coder,16994,11154,13977
coder,15026,23900,25871
coder,15490,24999,26964
coder,16750,11722,13405
coder,18419,4572,6807
coder,16703,34792,37028
profiler,7217,9149,9373
coder,16214,28864,31343
profiler,6920,8956,9167
coder,16262,23734,26247
coder,17014,24242,26127
coder,17334,16694,19145
coder,17698,13521,16323
profiler,4986,11077,11243
coder,17032,26835,29200
coder,15854,16155,18645
coder,16462,14091,16734
sketch,5250,23812,25047
sketch,5548,24965,25983
sketch,5446,43260,44413
feature_extractor,4279,6275,6770
coder,15337,24232,26553
feature_extractor,4475,9776,10267
coder,17513,24891,27753
coder,15857,34710,37399
feature_extractor,4577,12454,12927
designer,10149,6607,7814
coder,16309,10229,13162
feature_extractor,3838,7523,8034
profiler,5849,13554,13825
coder,16714,31628,33919
coder,12873,20655,22552
coder,14715,28042,29972
coder,15909,20367,22725
coder,18722,2420,4405
profiler,7156,16683,16848
coder,14555,63657,65534
coder,17461,4829,7188
coder,17322,22005,23430
coder,17378,27137,29307
profiler,8297,31979,32298
sketch,6298,29752,31121
coder,17151,28061,29470
profiler,4542,10304,10507
sketch,5888,10590,11936
sketch,5017,15518,16573
feature_extractor,5327,38643,39719
sketch,5491,20658,21795
feature_extractor,4520,9471,9975
designer,11983,20908,22539
feature_extractor,4046,15859,16369
feature_extractor,4917,11481,12024
feature_extractor,4292,28199,29261
designer,9357,7794,8871
feature_extractor,3714,7315,7816
designer,10441,8582,10030
coder,13165,22020,25071
coder,13801,26376,30284
coder,13417,28667,31409
feature_extractor,4039,9790,10275
coder,16794,10735,13634
coder,17990,9000,13078
coder,16951,14178,17145
designer,10766,6061,7368
coder,19619,5629,9824
feature_extractor,3928,11399,11900
coder,17984,8464,11440
coder,18218,25262,27882
coder,13744,6638,8444
coder,17451,17814,20788
coder,18313,13804,16629
coder,14805,11588,13247
coder,18795,5105,6982
coder,18042,38564,41457
coder,16538,21769,23657
coder,18605,12298,13983
profiler,7319,8457,8629
profiler,7773,8561,8725
coder,16303,22054,25145
coder,15846,25046,27768
coder,17887,24559,27364
coder,15674,29364,30881
profiler,6778,2406,2591
coder,16516,16631,19626
coder,16276,19160,21951
sketch,5113,7507,8628
coder,18351,16794,19877
sketch,5457,16022,17302
coder,18610,13031,16161
coder,17585,20773,23774
sketch,5435,43065,44164
coder,16913,32716,35241
feature_extractor,4464,14312,14805
coder,18166,14046,17117
coder,17118,17770,20811
feature_extractor,4486,7735,8244
coder,17631,8040,10912
coder,17975,25904,28537
feature_extractor,4142,12750,13236
coder,17396,15149,18763
designer,9685,9615,10781
feature_extractor,3836,7634,8121
coder,16559,29325,32082
designer,10891,9053,10226
designer,3562,39913,41039
feature_extractor,3839,9429,9906
feature_extractor,3650,13985,14616
designer,10894,6619,8086
feature_extractor,4072,7586,8057
coder,12383,17081,19242
coder,16078,23825,25766
coder,15469,7936,10296
coder,15211,35942,37675
coder,18633,8117,10268
coder,15741,13416,15184
coder,16745,10586,12170
profiler,7046,5903,6094
coder,15870,19342,21181
coder,14131,21459,23223
coder,15090,29036,31061
coder,15157,20329,22211
profiler,7256,3344,3529
coder,14595,16004,17818
profiler,7764,19381,19649
coder,15001,31863,34012
sketch,5346,7561,8777
coder,15972,13846,15929
sketch,5591,10409,11521
sketch,5162,19846,20969
coder,19492,15537,17562
coder,15909,10452,12528
feature_extractor,4191,10349,10858
coder,15350,6359,8258
coder,18735,17161,19073
feature_extractor,4620,6387,6918
coder,16188,16628,18606
feature_extractor,4375,5908,6376
designer,9674,7945,9249
feature_extractor,3926,6939,7415
coder,18531,23086,25103
coder,16151,28410,30520
coder,16198,30569,32398
coder,16286,16194,18416
coder,16027,14177,16081
coder,16347,21034,22797
coder,16739,9257,11380
coder,16366,11479,13674
coder,16816,22143,24090
coder,14244,26110,27860
coder,14978,19685,21448
coder,15116,30109,31652
coder,13780,33102,34839
profiler,7749,13467,13660
coder,18008,13996,15677
profiler,6991,10415,10598
profiler,6811,14943,15105
sketch,5138,17388,18547
sketch,5321,22360,23527
sketch,5333,65531,65531
designer,3562,17686,19020
designer,11983,15720,17329
feature_extractor,3875,13280,13844
feature_extractor,4270,26649,27313
coder,15435,12851,14868
coder,12648,13806,15948
coder,12894,23454,26086
coder,16740,15755,18225
coder,14160,22930,25753
coder,14031,29084,31469
coder,16299,30311,33121
coder,17588,29330,31394
coder,14866,12412,14350
coder,16845,16118,19015
coder,19061,15993,18027
coder,16182,17091,19668
coder,17094,8356,10639
coder,17494,10696,13913
coder,16402,12462,14909
coder,20196,11557,14637
coder,17089,14425,17221
coder,19118,35141,37086
coder,18090,24917,27661
coder,19403,26247,28204
coder,17292,17598,20807
designer,3507,16166,16660
feature_extractor,3029,7952,8338
coder,18360,24491,27537
coder,20077,15832,18742
coder,17783,27118,28953
coder,15692,11054,13179
coder,17919,8312,11410
coder,17693,10690,13662
coder,12563,23425,25350
coder,17332,11680,13847
coder,17992,19413,22210
coder,12563,22949,24902
coder,19753,23262,26127
coder,16508,10473,12466
profiler,4919,6739,6906
coder,18208,21260,24664
coder,20553,17544,20538
coder,16262,12655,14888
coder,20177,19969,22017
coder,14695,20247,21975
coder,20758,23500,26659
coder,17964,31248,33747
coder,12563,54089,55730
coder,17964,11975,14351
coder,16706,21069,23343
coder,17326,14066,17112
coder,14954,13301,14946
profiler,8103,15081,15219
coder,18777,13025,15172
coder,18512,42071,45279
coder,15168,8412,10195
coder,18758,16283,18181
coder,18502,51871,55243
coder,18105,28494,31749
coder,17697,12369,15100
coder,14426,41813,43582
sketch,5933,21450,23218
coder,14980,20729,22373
coder,19131,29662,32743
feature_extractor,4967,17300,17974
coder,15256,14095,15850
coder,17941,17317,20703
profiler,4671,13570,13784
profiler,4772,4810,4959
designer,12083,9356,11438
coder,17635,27503,30284
coder,17215,15647,19651
sketch,5335,15211,15730
sketch,5189,17373,18617
sketch,5083,20131,20595
feature_extractor,4593,20075,20760
feature_extractor,4224,4433,4866
feature_extractor,4118,3938,4370
designer,14136,3950,6101
feature_extractor,4370,5424,5845
designer,13028,13665,15097
feature_extractor,4655,23681,24574
feature_extractor,3872,8886,9326
designer,14198,15022,17118
designer,14415,9360,10733
feature_extractor,3802,7568,8008
feature_extractor,4603,21751,22473
designer,14344,46391,47778
feature_extractor,3817,6438,6854
coder,13336,24275,26879
coder,13032,22793,26048
coder,16242,33133,36197
coder,18480,13126,15814
coder,14117,15274,17111
profiler,7277,10395,10569
profiler,7492,12749,12976
profiler,8947,5431,5578
coder,15453,26171,27697
profiler,4789,5850,6028
coder,17994,27480,29122
coder,18876,9933,11704
coder,18954,11200,13176
coder,17487,6544,8140
sketch,6498,41498,43221
sketch,6651,48248,50136
coder,18966,10331,11921
coder,18714,16708,18185
sketch,6127,63092,65082
coder,16014,8742,10211
profiler,5851,23931,24235
feature_extractor,5685,22240,22921
profiler,5737,19309,19487
feature_extractor,5161,15561,16126
sketch,5264,13747,14856
sketch,5012,18500,19599
sketch,4898,19816,20787
feature_extractor,3933,5986,6438
feature_extractor,5532,14784,15495
feature_extractor,4047,5914,6327
designer,22170,5886,8132
feature_extractor,4299,5070,5478
designer,14894,12316,13637
feature_extractor,4682,19347,20058
feature_extractor,3822,6602,7077
designer,16231,3871,5212
feature_extractor,3808,6481,6887
designer,3673,18756,19391
designer,24312,23092,25499
designer,16217,3298,4667
feature_extractor,3342,10260,10730
feature_extractor,3801,7659,8121
feature_extractor,4843,19947,20649
coder,13347,17829,20680
designer,24473,8671,11121
profiler,7171,3289,3454
coder,14815,13004,14878
coder,13347,27415,30586
coder,12541,14050,15824
coder,12885,30097,32748
coder,12541,15955,18030
designer,13684,5146,6504
profiler,8872,6890,7081
feature_extractor,3791,8511,8982
coder,17089,8815,11127
profiler,8878,8698,8875
feature_extractor,4872,25246,25939
profiler,6113,23979,24220
profiler,4716,21977,22198
designer,14990,16570,17856
profiler,6547,12566,12770
sketch,6180,24865,26822
feature_extractor,3722,7852,8309
sketch,6639,36518,38577
sketch,6389,34446,36967
coder,16224,20123,23029
sketch,5716,21305,22586
designer,14921,2983,4331
sketch,5197,22594,23863
coder,13995,23137,26289
coder,20649,33585,36430
feature_extractor,3780,8103,8554
feature_extractor,5421,12891,13507
coder,17534,14683,18675
sketch,5284,46264,47551
coder,20656,14106,17622
coder,20954,19742,22823
feature_extractor,4751,7847,8311
feature_extractor,5212,13871,14486
coder,16935,6007,8014
feature_extractor,4232,8315,8753
feature_extractor,5671,9429,10069
coder,12797,19069,20972
coder,15808,8996,10894
coder,21759,18746,22879
feature_extractor,4319,4381,4821
coder,19533,15606,19180
coder,20520,29526,31292
profiler,6114,3988,4206
designer,13588,13390,15432
coder,18032,28216,31206
designer,14052,9552,11101
feature_extractor,4676,7628,8198
coder,23018,11438,15444
profiler,4715,15093,15314
feature_extractor,3947,9406,9830
profiler,6153,26418,26621
designer,15614,10595,12866
coder,19361,24527,27584
sketch,5285,14164,15321
coder,19090,29778,33318
feature_extractor,4818,11219,11801
designer,15514,10279,11939
sketch,5190,23190,23897
sketch,5324,26680,27995
coder,17357,9650,13008
designer,15756,3965,6263
feature_extractor,4041,8941,9361
coder,24408,32644,36542
feature_extractor,4320,8553,9015
feature_extractor,4844,12064,12683
feature_extractor,4225,5855,6282
coder,21077,30832,34185
coder,21800,14683,18668
feature_extractor,4359,6918,7413
coder,17636,27854,31207
designer,15608,23936,25690
coder,26427,6913,10887
designer,14568,13112,14530
feature_extractor,4122,9670,10139
feature_extractor,3882,5985,6408
coder,19766,4934,8792
coder,22016,22898,26505
coder,20217,14044,17154
coder,17854,32480,34850
coder,17137,33422,35562
coder,15552,32896,35722
coder,21309,17236,20786
coder,18624,8199,11165
coder,20823,12779,15751
coder,17077,14129,16526
designer,15965,11733,13170
coder,21705,15721,19170
coder,20683,5880,8889
feature_extractor,3897,5994,6449
profiler,8769,23871,24160
coder,16963,24893,26958
profiler,8237,9543,9731
coder,20453,24149,26460
profiler,9253,6973,7137
coder,12852,28565,30997
coder,18049,13894,17497
designer,15980,6595,8049
coder,25920,25670,28779
coder,19736,8514,11460
coder,16659,12722,15139
coder,20912,22438,24627
feature_extractor,3913,12792,13231
sketch,5930,27245,28871
coder,26074,10728,14355
sketch,5928,28581,30774
sketch,6506,38357,40653
coder,19470,11671,14314
coder,21690,9757,12107
feature_extractor,4962,9632,10251
feature_extractor,4960,7349,7972
profiler,8638,5002,5129
coder,16190,23019,25147
coder,14373,10474,12156
coder,17285,13319,15955
coder,14373,22741,24364
coder,14373,18110,19850
feature_extractor,5538,11859,12514
coder,20315,18104,20225
profiler,8462,11278,11446
coder,17048,20532,22234
designer,13346,15091,17473
coder,16983,11224,12980
coder,17107,15278,16897
profiler,7997,9271,9428
coder,16708,8391,10195
feature_extractor,4900,12195,12756
coder,17043,6979,8549
sketch,5517,14158,15563
coder,17126,23694,25329
sketch,5731,23055,24362
profiler,6046,12607,12790
profiler,5833,12184,12442
designer,15596,15757,17875
sketch,5984,32308,33695
feature_extractor,4552,5856,6269
feature_extractor,4688,11697,12293
feature_extractor,5019,6056,6420
feature_extractor,4766,7315,7738
coder,16997,37130,38726
designer,15384,11761,14092
designer,14974,6302,7652
profiler,4541,9850,10078
feature_extractor,3783,8130,8552
feature_extractor,4853,11865,12509
sketch,5001,18165,19411
sketch,5020,32123,33385
coder,18122,11806,15329
sketch,5214,51181,52367
designer,16272,20189,21658
coder,19596,13500,16484
feature_extractor,4036,4924,5396
feature_extractor,3899,6546,6967
profiler,8597,5294,5491
coder,14573,28705,31155
feature_extractor,4055,5633,6072
coder,24234,16087,19127
feature_extractor,4249,7522,8046
profiler,8073,7103,7325
coder,23077,6088,9134
designer,14177,9582,10786
designer,16388,20442,21898
feature_extractor,3686,8599,9057
profiler,9380,9462,9664
feature_extractor,3895,7549,8004
sketch,5985,29772,31955
designer,15378,8224,9455
sketch,6538,33807,35572
sketch,6509,38757,40468
feature_extractor,3710,5784,6235
coder,13060,11028,13036
feature_extractor,5017,20094,20685
coder,15162,16829,18649
coder,15970,21221,22792
profiler,7073,8505,8700
designer,15401,2247,3574
profiler,4529,4422,4622
feature_extractor,5541,14563,15208
coder,18005,10116,11921
feature_extractor,3807,7774,8218
profiler,6052,3728,3895
feature_extractor,5570,8746,9416
designer,12893,17669,19818
sketch,5405,26902,27960
sketch,5223,36468,37661
sketch,5012,44591,45952
feature_extractor,4720,15445,16026
feature_extractor,4258,6723,7150
coder,14107,30993,33106
coder,14569,32114,34023
coder,14569,32340,34186
feature_extractor,4047,9039,9512
feature_extractor,4440,5631,6081
coder,17302,4285,6448
coder,17021,6666,8615
designer,14616,8293,9516
designer,14963,15840,18063
profiler,5076,5546,5697
feature_extractor,3674,5145,5570
coder,17165,7644,9573
coder,16552,19289,21082
feature_extractor,4763,11953,12610
designer,15805,4350,5587
profiler,6037,8710,8906
coder,17044,21485,23491
designer,15006,15132,17195
feature_extractor,3683,13198,13662
coder,16770,2872,4982
feature_extractor,4638,11441,11968
coder,17348,2595,4713
coder,17362,5190,7345
designer,15814,13987,15284
feature_extractor,3749,8385,8832
profiler,6390,25662,25830
sketch,5206,10880,11529
coder,16585,18205,20923
coder,14692,30108,32406
sketch,5554,26218,27595
coder,18651,9672,12543
coder,17004,37944,40479
sketch,5559,43556,44271
profiler,8232,9035,9258
coder,14608,11077,13140
coder,15655,11494,13636
feature_extractor,4589,10207,10658
profiler,8123,6432,6601
profiler,8486,12913,13108
coder,19523,23573,25121
feature_extractor,4241,8926,9422
coder,20324,10577,12277
profiler,5804,6562,6739
coder,17249,12664,14484
feature_extractor,4594,4410,4851
sketch,6028,24880,27065
sketch,5926,27722,29330
designer,13639,7266,8099
sketch,6392,33650,35486
feature_extractor,3357,8017,8440
feature_extractor,5060,11244,11896
profiler,7525,22464,22721
sketch,5114,17778,18879
sketch,4973,20616,21676
feature_extractor,4958,14714,15263
feature_extractor,4149,9708,10175
feature_extractor,5424,11022,11607
designer,14511,12002,13464
feature_extractor,4008,8864,9338
designer,13418,7068,9074
feature_extractor,3931,13907,14386
feature_extractor,4520,10936,11502
designer,12980,19701,21094
feature_extractor,3849,6088,6530
designer,15085,7509,8488
designer,14344,6962,8273
designer,15288,11888,14216
feature_extractor,3501,7989,8420
feature_extractor,3773,8102,8563
feature_extractor,4815,7216,7762
designer,14268,7627,9027
designer,15583,5902,8069
feature_extractor,3863,6739,7164
feature_extractor,4666,8452,9057
coder,15025,26805,28406
coder,15671,29507,31855
coder,16439,43476,45297
coder,17339,11484,13598
coder,14163,14532,16394
coder,16314,23863,25941
coder,14163,24890,26704
profiler,7689,3745,3920
coder,13182,26070,28147
profiler,8416,18865,19019
coder,13795,16344,18947
profiler,6066,2591,2752
profiler,6311,9519,9754
coder,16613,24841,27247
coder,16245,26593,29065
profiler,6767,6002,6216
coder,16846,11083,13714
coder,17419,22265,24848
coder,16185,33368,35544
profiler,8235,4648,4875
coder,17557,65533,65533
profiler,8189,9386,9571
sketch,6139,42763,44291
coder,15985,10673,12468
sketch,6096,24249,26178
profiler,7432,7454,7643
coder,15612,20234,22124
sketch,5981,45905,47909
sketch,5275,11342,12517
feature_extractor,5171,6861,7552
sketch,5227,13241,14132
sketch,5237,18658,19845
feature_extractor,5014,5541,6117
feature_extractor,4310,4599,5090
profiler,7505,22991,23240
feature_extractor,5128,12596,13265
feature_extractor,4272,10801,11248
sketch,5214,11831,12811
feature_extractor,4262,9337,9803
designer,12735,16217,18245
sketch,5480,36479,37908
designer,14323,6855,7985
feature_extractor,4595,9883,10432
feature_extractor,3647,4868,5298
sketch,5302,57765,58987
feature_extractor,4337,5102,5553
feature_extractor,4249,11631,12125
feature_extractor,4515,8803,9270
designer,14679,1410,4340
feature_extractor,5421,8019,8593
designer,15338,10137,11625
feature_extractor,3938,9085,9532
designer,15485,15864,17092
feature_extractor,3681,9852,10299
designer,15506,14513,17213
designer,16790,2758,4253
feature_extractor,5296,9659,10262
feature_extractor,3942,9694,10146
designer,15519,6849,8097
feature_extractor,3698,7532,7986
designer,16795,7105,8545
feature_extractor,3905,9584,10016
coder,16326,18810,21686
coder,16326,23740,26459
coder,15769,24914,27896
coder,15638,22160,23966
coder,18125,4157,6848
coder,17625,14487,17361
coder,14735,23499,25426
coder,13399,33684,35589
profiler,8578,14314,14525
coder,17451,9395,11091
coder,18417,6293,8975
profiler,9245,6031,6207
coder,18857,11040,13112
profiler,8315,4638,4791
coder,16625,13143,14789
profiler,7316,16663,16878
coder,15540,15617,17810
coder,14204,14247,16756
sketch,6209,12424,14756
coder,17831,7916,9907
profiler,5887,14970,15185
sketch,6490,28856,31114
profiler,4903,2616,2789
coder,18682,12198,14275
sketch,6404,43969,45788
coder,18644,19856,22078
coder,15842,62109,63960
sketch,5111,24152,25300
sketch,5058,25024,26137
feature_extractor,5522,9976,10616
coder,16930,8596,10747
sketch,5383,33180,34207
profiler,6427,7381,7601
profiler,4829,5797,6008
feature_extractor,5436,11981,12586
feature_extractor,4093,10515,10956
profiler,7209,8420,8610
sketch,5599,6538,7171
feature_extractor,5241,8532,9103
feature_extractor,4418,9475,9929
sketch,5541,16569,17366
feature_extractor,4146,5989,6444
sketch,5303,22098,23256
designer,13172,7259,9678
feature_extractor,4338,7547,8028
feature_extractor,4915,10224,10733
feature_extractor,4576,8667,9105
designer,15329,28907,30207
feature_extractor,4634,5887,6386
feature_extractor,3793,9964,10395
designer,14198,6575,7398
feature_extractor,3336,10825,11240
designer,15437,17339,20018
feature_extractor,5152,7174,7741
designer,16637,3740,4952
feature_extractor,3689,5738,6177
designer,15049,7683,8443
feature_extractor,3276,8733,9168
designer,15673,14355,17135
designer,16533,15785,17001
feature_extractor,5248,6451,7034
feature_extractor,3716,8520,8942
designer,14989,13730,14965
feature_extractor,3682,6168,6620
coder,17740,24840,26440
coder,13003,27189,29210
coder,13514,32026,33867
coder,16893,22678,25555
coder,19474,9703,11334
coder,15474,12039,14061
coder,16524,29420,32368
profiler,7149,3892,4069
coder,16429,40150,43055
coder,17553,18702,20371
profiler,8540,8503,8660
coder,16918,10369,12260
coder,18266,10129,12187
profiler,7204,12603,12826
coder,15643,6465,8387
coder,20804,14080,16269
profiler,6292,8193,8334
coder,13216,10796,12586
coder,14854,16931,18889
sketch,6421,26228,27908
coder,15318,19900,21622
profiler,6409,9150,9349
profiler,6167,18027,18230
sketch,5578,8437,9163
sketch,6367,38215,40456
coder,16314,15240,16994
profiler,7656,8610,8835
sketch,5461,14310,15541
sketch,6445,58784,60881
sketch,5338,19841,20548
coder,15577,17965,20161
feature_extractor,4496,5487,5949
feature_extractor,5399,10412,11035
profiler,5992,12326,12499
feature_extractor,4373,8692,9152
feature_extractor,5453,8882,9443
coder,18752,16503,18350
feature_extractor,4613,4965,5471
feature_extractor,5477,13822,14447
designer,14989,13697,15126
coder,15558,14623,16461
designer,12591,4060,6320
feature_extractor,3900,8627,9069
feature_extractor,4835,11722,12259
profiler,6085,26895,27092
sketch,5163,17199,18002
sketch,5344,17420,18507
sketch,5254,33597,34853
feature_extractor,4198,3634,4068
feature_extractor,4379,6055,6492
designer,16404,12873,13990
feature_extractor,4289,3711,4186
feature_extractor,3628,6781,7198
designer,14776,23079,24999
designer,14744,32333,33929
feature_extractor,4515,10826,11455
feature_extractor,4098,7865,8288
designer,16132,11972,13831
feature_extractor,4302,9035,9505
designer,14456,7683,9915
feature_extractor,4785,11069,11639
designer,16357,7485,8897
feature_extractor,3916,7482,7903
coder,17595,15750,18149
coder,13319,27939,29816
coder,16636,13155,15543
designer,16175,3115,4557
coder,16614,12394,15195
coder,18716,15620,17740
coder,19132,3717,5979
feature_extractor,3921,9022,9465
coder,21320,8953,11328
coder,15191,35073,37592
coder,17386,43794,46589
profiler,6338,15022,15255
coder,16576,16241,18144
coder,14655,46776,49845
profiler,8162,4184,4355
coder,21001,12342,14634
coder,16251,3434,5489
profiler,6512,6217,6379
profiler,8687,9810,9984
profiler,8632,21322,21495
coder,19716,11433,13433
coder,13400,13708,15801
sketch,6593,14417,16262
coder,12938,28837,30560
coder,19616,13169,14993
coder,18057,28955,31351
coder,15902,8147,10536
sketch,6068,41149,43036
sketch,6331,41460,43505
profiler,6140,9307,9488
coder,16724,5507,7856
coder,15355,12158,13972
profiler,6584,6602,6786
feature_extractor,5363,15620,16253
sketch,5680,22947,24257
coder,15966,8960,11227
sketch,5514,40987,42230
feature_extractor,5625,14240,14937
sketch,5248,32871,34125
coder,15363,16412,18394
feature_extractor,4549,10222,10699
coder,16489,9458,11669
profiler,6229,7221,7419
feature_extractor,5100,15156,15759
feature_extractor,4283,9258,9735
feature_extractor,4715,7567,8000
coder,20210,15142,17091
designer,13586,14405,16773
feature_extractor,4857,7093,7646
profiler,6176,20374,20572
sketch,5400,14807,15876
sketch,5345,25813,27003
sketch,5747,37723,38952
feature_extractor,4380,4625,5127
feature_extractor,4782,7072,7557
designer,15793,6750,9263
feature_extractor,4435,8054,8541
feature_extractor,4991,7854,8420
designer,15652,34983,36481
feature_extractor,3954,8074,8516
designer,15927,26863,29459
feature_extractor,5067,8189,8744
designer,17121,13373,15138
coder,14912,17855,20689
coder,15121,21139,24023
coder,14912,29217,32269
profiler,7121,2404,2680
profiler,8596,3612,3806
profiler,8503,17945,18175
feature_extractor,4181,9197,9638
sketch,6507,20324,22540
sketch,6338,46125,48278
sketch,6421,59346,61521
feature_extractor,5453,9880,10443
feature_extractor,5539,14266,14870
designer,17348,15987,17574
feature_extractor,4031,11312,11750
feature_extractor,5370,11708,12407
designer,13063,13696,15922
feature_extractor,4762,8487,9108
coder,14141,7922,9631
coder,13151,12162,14310
designer,15175,8534,10559
profiler,7340,8709,8958
feature_extractor,4588,8039,8688
coder,13628,29530,31243
coder,16754,19052,20889
coder,18814,13706,15643
coder,16622,12580,14313
coder,17664,5480,7508
profiler,5996,5678,5848
designer,15001,8265,10490
feature_extractor,4765,8874,9442
sketch,5140,30723,31840
sketch,5165,36926,37953
feature_extractor,4200,6313,6824
feature_extractor,4175,7004,7453
coder,16714,13933,16469
coder,14120,30157,32867
coder,12879,25666,28285
profiler,6834,19468,19594
profiler,8323,19017,19266
coder,18296,41397,43866
coder,19182,32910,35561
profiler,8303,10866,11063
sketch,6227,24460,26565
sketch,6208,23176,25591
sketch,6055,31548,33517
feature_extractor,5087,8643,9291
feature_extractor,5259,11224,11850
feature_extractor,5240,10202,10859
designer,15056,14932,16141
feature_extractor,3822,10364,10934
designer,16263,19375,21005
feature_extractor,4213,11370,11934
designer,16654,8728,10070
feature_extractor,3951,11099,11703
coder,13497,12883,14821
coder,12516,15972,17526
profiler,5968,2411,2576
coder,12516,24537,26318
profiler,6336,10153,10435
coder,16425,12177,13931
profiler,6154,4233,4379
sketch,5319,17840,18983
sketch,5501,32159,33280
sketch,5134,33354,34458
feature_extractor,4165,12244,12830
designer,8090,6679,7450
feature_extractor,3398,6394,6771
feature_extractor,4350,9611,10199
feature_extractor,4532,11892,12511
designer,15330,11286,12720
designer,8893,11235,12237
feature_extractor,3617,6204,6556
feature_extractor,4017,10144,10668
designer,9112,9972,10948
feature_extractor,3584,4945,5287
designer,16732,11759,13034
feature_extractor,3894,8751,9289
designer,3561,25187,26452
designer,16609,13020,14295
coder,12501,16114,17731
feature_extractor,3796,19868,20590
coder,15820,23695,25062
feature_extractor,3890,8433,9054
coder,11411,27558,29148
coder,13860,26819,28249
coder,17267,15482,17025
profiler,5884,5496,5680
profiler,5835,18982,19205
coder,15356,20486,23216
coder,13802,20879,23441
coder,13404,22148,25210
coder,21067,12020,13239
profiler,4370,7516,7736
coder,22022,6931,9341
coder,18722,10754,13827
coder,13640,18529,20530
sketch,4789,13759,14319
coder,14026,20947,22750
coder,12805,24847,26774
coder,20281,17427,20074
sketch,5006,16735,17215
profiler,7776,2254,2413
coder,19169,13642,15555
coder,16368,15213,18413
coder,21985,14680,16282
coder,22372,22884,25289
sketch,4959,54448,55146
coder,15808,23328,25199
coder,17509,8960,10774
feature_extractor,4040,6415,6813
profiler,7489,10936,11105
feature_extractor,3993,5548,5881
coder,18458,18231,20736
feature_extractor,3823,5749,6108
coder,16080,23215,25053
designer,7817,3174,3913
coder,19853,22657,24550
profiler,6261,22519,22722
profiler,5493,8927,9210
feature_extractor,3369,10006,10348
profiler,5041,3276,3436
coder,17425,12143,13803
sketch,6091,29818,31434
sketch,5947,33692,35383
coder,15596,10481,12069
sketch,6621,38873,40699
profiler,3437,6932,7083
designer,8591,8950,9733
feature_extractor,3405,7876,8215
feature_extractor,4981,22364,23025
sketch,5432,21472,22531
sketch,5175,20998,22052
sketch,5469,25112,26418
feature_extractor,4500,7771,8382
feature_extractor,5125,23229,23940
feature_extractor,4463,12467,13108
feature_extractor,4206,4817,5391
designer,8627,9220,10023
feature_extractor,3426,10336,10690
designer,15520,17668,19066
feature_extractor,5655,28551,29272
feature_extractor,3967,14361,14958
designer,20733,14985,16726
feature_extractor,4229,16101,16753
coder,15611,10134,11449
coder,11506,15236,16626
designer,22423,14533,16363
coder,14778,21873,23019
coder,13968,5913,7187
designer,16872,12685,13814
feature_extractor,4307,15689,16176
coder,19812,10124,11360
profiler,6621,9004,9187
feature_extractor,3728,8137,8658
coder,16765,20465,21609
profiler,4381,5020,5194
designer,22501,7894,9806
profiler,5674,18879,19069
sketch,4723,8186,8795
sketch,4798,7886,8444
designer,16633,4719,6186
sketch,4826,10575,11222
feature_extractor,4375,25493,25982
feature_extractor,3832,5533,5904
feature_extractor,4037,11399,12011
feature_extractor,3757,6625,6990
feature_extractor,3860,5368,5754
coder,16014,11336,14105
coder,15900,19878,21925
profiler,7095,2712,2896
designer,7503,20519,21269
coder,18724,2513,4903
feature_extractor,3387,4638,4994
coder,16917,39276,41761
coder,18185,11767,13823
coder,18185,15619,17562
coder,20075,12386,15062
coder,18185,23434,25533
coder,16904,20356,22876
designer,8295,15065,15813
profiler,5083,4402,4601
coder,21091,16952,19000
feature_extractor,3387,6591,6956
coder,16898,13114,15849
profiler,5213,3140,3328
coder,17244,4425,6920
coder,20115,8356,10909
coder,21256,12154,14134
profiler,8361,6361,6544
profiler,5930,3235,3404
designer,8295,6290,7067
coder,20223,15576,17918
feature_extractor,3415,6379,6723
sketch,5639,18552,19940
sketch,5524,24872,26169
sketch,5509,25528,26657
feature_extractor,4540,6159,6810
coder,20014,18544,20921
feature_extractor,4555,10494,11101
feature_extractor,4670,7232,7782
coder,19938,23060,25250
designer,15401,10344,11543
coder,16725,17607,18918
feature_extractor,3810,7467,8061
coder,14439,10536,11761
coder,17021,12760,14061
coder,17692,5640,6715
designer,16596,24221,25533
profiler,8096,8494,8692
feature_extractor,3926,7958,8555
sketch,5951,18423,19872
coder,17619,11563,12615
coder,17114,14857,15936
sketch,6220,21953,23535
coder,13664,1883,3001
profiler,4230,8775,8920
sketch,5681,44856,46520
coder,19308,31108,32301
designer,16712,6802,8399
profiler,4357,12854,13079
feature_extractor,5254,16899,17596
feature_extractor,4186,10762,11321
profiler,4282,35386,35592
sketch,4771,11938,12596
sketch,4644,13529,14152
sketch,4694,16846,17473
feature_extractor,3728,5190,5568
feature_extractor,4715,27990,28707
feature_extractor,3678,7242,7585
feature_extractor,3805,6647,6987
designer,7601,2523,3193
coder,14956,22686,24901
coder,13980,30631,32465
feature_extractor,4985,20525,21233
feature_extractor,3309,6237,6614
coder,14243,30883,33056
coder,16974,11486,13733
designer,20499,17576,19284
coder,16044,24321,26459
profiler,6534,25384,25703
profiler,8197,19221,19480
feature_extractor,4188,23268,23873
coder,18235,6339,8408
designer,8315,5311,6151
profiler,6436,8784,8987
feature_extractor,3478,6418,6818
sketch,5778,17676,18714
sketch,5607,27554,28844
coder,16730,26025,28288
sketch,5705,37308,38445
coder,13553,28026,30441
coder,14846,30085,32632
designer,8484,9750,10666
feature_extractor,4736,13659,14291
coder,15795,9171,12011
feature_extractor,3549,7045,7453
profiler,6871,13865,14114
feature_extractor,4638,9253,9942
profiler,6643,21221,21378
coder,16579,13032,15859
feature_extractor,4809,9814,10463
designer,15401,8805,10107
coder,16656,14511,17043
feature_extractor,3882,10213,10781
coder,12434,7119,8607
coder,14670,8437,9520
coder,18726,7204,9785
coder,15621,19632,21086
profiler,4595,2638,2886
coder,15204,10017,11499
coder,13931,14949,16064
coder,19602,20441,22948
designer,16668,5349,6563
profiler,4641,11673,11927
feature_extractor,3790,11731,12316
coder,14429,19500,20775
coder,19520,15434,18026
profiler,5817,10045,10277
sketch,4870,7515,8091
sketch,5014,14426,15072
coder,18887,15627,18294
sketch,5060,21046,21672
feature_extractor,4048,6197,6564
designer,16576,10012,11298
feature_extractor,3857,8088,8655
feature_extractor,3904,8033,8446
feature_extractor,4094,6169,6564
profiler,8519,42023,42223
sketch,5736,23577,25040
sketch,6106,19609,21029
sketch,6003,27653,29064
coder,13612,19057,20868
coder,13612,17502,19478
feature_extractor,5140,16991,17586
profiler,5122,2439,2573
coder,13612,29717,31423
coder,16380,16940,19167
feature_extractor,4770,22580,23437
coder,15562,12105,12147
coder,16822,5900,8478
feature_extractor,5037,18675,19346
coder,13947,25316,27295
designer,18967,5758,7262
coder,17149,22685,24821
feature_extractor,4009,25431,26068
coder,15848,21385,23155
profiler,4938,5856,6049
profiler,5278,24714,24942
designer,20437,12799,14354
sketch,5522,21859,22890
sketch,5678,21627,22604
feature_extractor,4053,15622,16296
sketch,5337,29607,30649
feature_extractor,4368,15277,15865
feature_extractor,4709,12732,13364
coder,17175,15986,18268
coder,14082,16676,19667
feature_extractor,4553,8876,9421
coder,16108,30086,32347
designer,15673,4561,5800
coder,20286,15563,17922
profiler,7288,14034,14244
designer,3653,28911,29603
feature_extractor,3858,11754,12301
profiler,7978,16510,16670
designer,9511,10654,11847
coder,17291,22486,25218
feature_extractor,3859,8177,8646
designer,16916,15053,16344
feature_extractor,3926,9225,9775
designer,10740,9496,10643
feature_extractor,3795,12846,13350
coder,20708,12231,14805
designer,16984,5498,6771
feature_extractor,3850,9266,9828
coder,17421,15953,18487
designer,10676,10355,11603
feature_extractor,3919,8957,9420
coder,20782,43186,45701
coder,13907,16894,18898
coder,13907,28420,30469
coder,15570,5894,7827
coder,16795,16503,19005
coder,12891,30173,32315
coder,16727,10677,12600
profiler,7290,15218,15401
coder,16434,22271,24733
coder,16053,8715,10582
coder,16636,42149,44161
coder,20614,13191,15139
coder,20713,15905,18724
profiler,4999,10541,10728
coder,13230,17190,18964
coder,16629,11376,13464
coder,16362,28120,29910
sketch,5743,18033,19385
coder,16128,24449,26282
sketch,6426,41180,42590
coder,15615,28068,29884
coder,15377,29026,30725
profiler,7253,27446,27628
profiler,7082,11688,11876
profiler,7169,10216,10407
coder,16390,9538,11464
feature_extractor,5460,26011,26718
sketch,5383,17985,19129
profiler,7166,7850,8022
sketch,5504,30138,31391
feature_extractor,4777,13527,14072
sketch,5425,34282,35454
feature_extractor,4535,6291,6889
designer,19353,7440,9101
sketch,5376,17817,19044
sketch,5491,21179,22267
feature_extractor,4414,9765,10346
sketch,5405,45082,46476
feature_extractor,4456,10749,11354
feature_extractor,4158,23863,24444
feature_extractor,4434,9540,10060
designer,15388,18417,19582
feature_extractor,4405,9859,10389
feature_extractor,3820,6172,6698
feature_extractor,4520,11807,12311
coder,13758,20137,22997
coder,14816,22990,25320
designer,9731,4511,6097
coder,13423,34871,37249
feature_extractor,4163,9964,10438
coder,18446,2221,4544
coder,16345,5026,7852
designer,16593,4942,6185
profiler,6717,7771,7964
feature_extractor,3865,15473,16033
coder,16335,15965,18377
profiler,7926,15118,15266
coder,15968,31892,34118
designer,11264,13510,15123
feature_extractor,4222,10170,10656
designer,16638,7847,9125
feature_extractor,3905,9845,10418
coder,19624,25344,27576
designer,11323,11691,13451
coder,18473,29701,31948
feature_extractor,4335,8722,9244
coder,14377,14555,16573
coder,16015,21603,23291
coder,17047,15014,17778
coder,16015,24000,26142
coder,18486,15358,17235
profiler,6116,10605,10778
coder,17210,4714,6575
coder,18680,16051,17690
coder,17910,28923,31397
coder,17231,13553,15424
profiler,4799,13576,13842
coder,16428,14050,16172
coder,15989,12073,15283
coder,15367,22297,24569
coder,16607,9684,12101
profiler,7918,4443,4606
coder,19579,3511,5842
coder,19024,7499,9891
coder,18865,18088,20417
coder,16551,16441,18727
profiler,8643,10438,10637
coder,19006,14667,17110
sketch,6242,19007,20264
coder,18817,18517,20471
sketch,5801,26049,27384
coder,17017,8788,11301
profiler,7953,2908,3094
sketch,5509,15979,16949
feature_extractor,5276,20336,20993
sketch,5661,23537,24680
sketch,5222,23846,24941
profiler,9195,25338,25516
feature_extractor,4253,16871,17490
feature_extractor,4835,20510,21129
feature_extractor,4692,6666,7320
designer,19832,4996,6446
feature_extractor,4540,6342,6947
sketch,5921,27657,29032
sketch,5687,33505,34781
sketch,6023,38852,40195
feature_extractor,3975,17842,18492
feature_extractor,4716,9834,10344
feature_extractor,4950,10832,11368
designer,21268,9097,10591
feature_extractor,5052,11513,12071
designer,10226,8036,9244
feature_extractor,3812,8462,8960
feature_extractor,4008,26533,27244
designer,11408,4590,5881
coder,13028,14349,16811
feature_extractor,3885,9783,10254
coder,15647,35773,38225
coder,14666,37332,39493
coder,18970,19994,22409
designer,11481,9402,10657
coder,18725,10273,12906
coder,18084,12654,15110
feature_extractor,3845,5175,5685
coder,18131,24191,26505
designer,10747,9768,10734
profiler,5492,10606,10753
coder,18196,11700,14201
feature_extractor,3594,6049,6515
coder,16409,3498,6058
coder,19081,34014,36423
coder,19156,23639,26163
coder,14163,16221,17867
designer,11762,11202,12194
coder,19091,3482,5858
coder,13699,25202,26976
coder,14163,25920,27536
feature_extractor,3622,6589,7057
coder,18157,9328,11726
coder,18935,7347,9746
profiler,7647,9461,9669
profiler,7587,5275,5441
coder,16419,16487,18267
coder,18965,13668,16033
designer,11790,5205,6191
profiler,7012,7480,7694
feature_extractor,3568,7566,8025
coder,16310,15551,18244
coder,19126,40674,43070
sketch,5227,15942,17129
sketch,5353,21806,23015
sketch,5171,39722,40764
coder,13877,8179,9811
coder,12712,11780,13402
feature_extractor,4256,11809,12291
coder,14629,20519,21772
profiler,5607,11075,11226
coder,18097,32170,34594
feature_extractor,4382,8198,8683
profiler,6613,8085,8260
coder,16560,16026,18275
coder,15239,35054,36338
feature_extractor,4200,12263,12796
designer,9721,8518,9876
profiler,6662,11193,11362
feature_extractor,3952,8452,8958
coder,16381,21129,23877
sketch,5184,11737,12665
sketch,4866,13754,14569
sketch,4822,23239,24016
sketch,5935,18460,19647
feature_extractor,4211,6895,7341
designer,11043,6049,7313
feature_extractor,3849,5862,6371
feature_extractor,3868,7422,7909
feature_extractor,4969,16076,16666
feature_extractor,3893,11845,12326
designer,19360,3427,4907
designer,10959,6269,7546
feature_extractor,4001,22659,23290
designer,21819,10105,12203
feature_extractor,3885,10866,11369
feature_extractor,4550,17115,17875
coder,13610,20037,22260
coder,14761,26479,28910
coder,14708,33270,35350
coder,15252,12424,14149
profiler,6561,11740,11987
coder,13612,16887,18651
profiler,6446,8073,8273
coder,17226,12466,15229
coder,16744,28475,30069
coder,19456,8535,10250
coder,13843,40339,43892
coder,16651,46022,48973
profiler,7062,14483,14666
coder,14697,56632,59462
profiler,4822,20948,21164
coder,16533,8079,9733
coder,21121,6126,9622
sketch,6201,13321,14719
profiler,8366,11120,11276
profiler,6971,19572,19770
profiler,9004,10802,11005
profiler,6917,26442,26676
profiler,8503,34571,34777
sketch,5577,54985,56503
sketch,5701,55464,56732
sketch,5303,16799,17930
sketch,6267,22374,24364
sketch,6878,26655,28570
sketch,6383,25203,27154
sketch,5252,39680,40882
sketch,5301,35410,36498
feature_extractor,4611,20807,21457
feature_extractor,4330,7711,8262
feature_extractor,5912,14282,14982
feature_extractor,4281,10236,10754
feature_extractor,4735,24375,25026
feature_extractor,5417,17549,18283
feature_extractor,4332,6528,7030
feature_extractor,5235,23217,23827
feature_extractor,5301,21398,22015
designer,23230,7139,9258
designer,18051,27523,29137
feature_extractor,4576,19436,20061
designer,25266,9420,11581
feature_extractor,4095,19618,20275
feature_extractor,4609,14951,15610
designer,19607,12218,13874
feature_extractor,4130,22460,23125
coder,14209,15458,18906
coder,16763,19980,23487
coder,13629,26087,29412
coder,21201,4933,8513
coder,17867,20313,23682
profiler,9065,3045,3213
profiler,9420,9147,9349
designer,19642,11537,13441
profiler,8889,9543,9765
sketch,6786,21460,23514
sketch,6945,22675,24546
feature_extractor,4365,21997,22673
sketch,6708,30165,31991
feature_extractor,5979,15245,15937
feature_extractor,5820,17725,18457
coder,12749,13687,16677
feature_extractor,5742,17040,17789
coder,16271,28624,30678
coder,17422,36774,39685
designer,22385,9190,11196
profiler,8777,11902,12102
profiler,5087,9177,9322
coder,19357,14484,17104
feature_extractor,4493,20355,21092
designer,24338,17731,19740
sketch,5536,52584,54125
sketch,6368,59328,60784
feature_extractor,4519,24457,25236
feature_extractor,5403,13554,14152
feature_extractor,4570,24135,24740
designer,24364,28457,30649
designer,19580,5419,7152
feature_extractor,4238,14416,15055
feature_extractor,4721,28313,29022
coder,16360,13722,17391
coder,16641,21933,25478
coder,14100,30340,33914
coder,22157,15874,19402
designer,21279,37941,39692
coder,23338,14686,18526
coder,22016,6458,9993
profiler,7765,11288,11512
feature_extractor,4250,20444,21195
profiler,9660,10149,10412
profiler,9389,19233,19403
sketch,7224,28499,30599
sketch,6927,29465,31571
designer,21291,18313,19898
sketch,6981,65534,65534
feature_extractor,4142,23686,24394
coder,14387,15212,17530
coder,16570,15873,18497
coder,12526,23097,24955
coder,17042,17581,19801
profiler,5598,12896,13114
profiler,4892,14982,15239
profiler,8098,17080,17232
sketch,5679,23177,24601
sketch,5342,44185,45832
sketch,6050,56438,57744
feature_extractor,5084,20235,20933
feature_extractor,4376,23242,23950
feature_extractor,4713,20085,20796
designer,18140,10673,12197
feature_extractor,4022,25312,25960
designer,19622,9340,10979
feature_extractor,4128,25858,26475
designer,19728,17866,19438
feature_extractor,4065,32768,33397
coder,14241,17961,19968
coder,16166,29770,31728
coder,12486,33630,35601
coder,16802,4975,7076
designer,21924,28515,30522
profiler,6333,8786,8976
feature_extractor,4536,11181,11880
coder,16200,12951,15082
profiler,6460,12275,12445
profiler,6469,12809,12973
sketch,5598,12395,13723
sketch,5460,38206,39736
coder,13711,16763,20142
sketch,5585,42888,44286
coder,16126,28620,31414
coder,13955,31122,34206
coder,17487,9583,12706
coder,19649,5330,8451
feature_extractor,4494,20017,20712
profiler,7297,11137,11407
profiler,8609,8380,8569
feature_extractor,4619,19118,19683
profiler,8661,16408,16587
sketch,6512,20985,23151
sketch,6564,26646,28521
sketch,6504,34124,36049
feature_extractor,4632,19634,20314
feature_extractor,5598,25850,26415
feature_extractor,5546,15209,15842
feature_extractor,5538,21607,22287
designer,23883,8703,10989
feature_extractor,4722,16232,16899
designer,11983,16618,17925
designer,26065,10086,12542
feature_extractor,4887,22384,23057
feature_extractor,3978,45527,46748
designer,26230,14329,16700
coder,13476,23867,27174
coder,12840,27807,30174
feature_extractor,4802,31530,32199
coder,12377,33404,36371
coder,17040,9669,12243
coder,17883,7202,10684
coder,16507,5043,8087
coder,19304,11389,15125
coder,16077,24848,27436
coder,16956,21378,24177
coder,14831,28564,31697
coder,16363,23939,28085
coder,14778,26949,30521
profiler,10235,3796,3974
coder,17759,23691,26950
coder,16277,23698,26693
coder,17558,29327,31651
profiler,9821,11276,11515
profiler,8670,23336,23551
coder,18047,24586,28247
sketch,6997,25122,27158
coder,18317,25274,28456
sketch,6544,22891,24768
coder,17730,30073,32408
coder,18081,9254,12871
sketch,7468,44002,45894
coder,17248,27075,29879
feature_extractor,6502,18743,19719
coder,16436,29119,31608
coder,18479,26306,30349
feature_extractor,6031,17622,18304
coder,18851,10104,14623
coder,16755,19701,22132
coder,17558,33364,35999
coder,18772,6327,10104
feature_extractor,5578,28644,29259
coder,17248,25907,28843
coder,16098,30179,32831
designer,23801,19395,21755
coder,17795,10063,12742
feature_extractor,4792,13678,14358
coder,17544,24641,27680
coder,13176,13200,16509
coder,14768,18194,22251
coder,14274,32907,35939
profiler,9538,10305,10448
profiler,7512,22636,22862
profiler,8582,16726,16924
sketch,7435,21289,23351
sketch,6723,26085,28141
sketch,6452,30571,32530
feature_extractor,5486,13834,14619
feature_extractor,5757,22610,23287
feature_extractor,6469,14059,14700
designer,24656,12344,14649
feature_extractor,4681,23223,23968
designer,26797,6754,9268
feature_extractor,4910,18435,19060
designer,11983,8683,10317
designer,27026,18537,21185
feature_extractor,4277,25022,25597
feature_extractor,5024,27496,28290
designer,13567,8427,9770
feature_extractor,4012,27116,28068
coder,13773,17455,20068
coder,16702,15656,20043
coder,13392,28293,31037
coder,13286,27567,30596
coder,23207,32989,35996
coder,16376,32093,35379
coder,16914,15318,18564
coder,21644,16180,19869
coder,16758,11524,14463
coder,16233,17389,20459
profiler,9780,5582,5771
coder,24816,26190,29553
profiler,9209,20599,20818
coder,18281,8462,11374
coder,18457,6543,9764
profiler,8822,6202,6419
coder,16338,28049,30633
sketch,6450,18662,20254
coder,20375,18384,21491
sketch,6778,31831,34104
sketch,7047,35265,37175
coder,16196,18833,21579
feature_extractor,6081,11502,12187
coder,17147,41793,44666
coder,16538,18748,21676
feature_extractor,5484,22568,23305
coder,16659,35137,37933
coder,18111,35036,37642
feature_extractor,5812,24723,25424
coder,18433,31639,34705
coder,17539,41643,44318
designer,22428,14938,16905
coder,17880,18456,21143
coder,17109,11368,14360
feature_extractor,4508,17535,18168
coder,16559,12837,15863
coder,16565,28128,30978
coder,16763,22986,26150
coder,17919,11480,14589
coder,20199,15046,18244
coder,16745,28048,30757
coder,18264,29673,32147
designer,24396,10493,12754
coder,19809,26347,29086
feature_extractor,4699,12837,13358
coder,18879,35439,38922
coder,15357,38105,41056
coder,13822,52038,55046
coder,17027,21871,25308
coder,20810,13369,17273
coder,19244,19391,22563
coder,17321,3642,7135
profiler,9994,7740,7922
profiler,8675,4720,4869
coder,18442,12686,16152
coder,17569,22947,26739
profiler,10400,14992,15260
sketch,7162,21013,22724
sketch,6589,34328,36347
sketch,7269,33430,35155
feature_extractor,5623,17367,18023
feature_extractor,6303,16204,16929
feature_extractor,6196,14272,14975
designer,24865,7010,9086
feature_extractor,4571,20181,20850
designer,26896,18241,20149
feature_extractor,4413,18110,18809
designer,26738,12555,14818
feature_extractor,4737,20712,21403
coder,15740,16179,19917
coder,14102,24218,28309
coder,13769,26438,29887
profiler,9333,5335,5504
profiler,9643,3337,3553
coder,20607,22281,25657
coder,20213,7045,10495
profiler,8930,7831,7986
sketch,6846,9645,11703
sketch,7422,30881,32486
sketch,7093,51787,53573
feature_extractor,6456,19907,20568
feature_extractor,6127,19553,20243
feature_extractor,5880,23165,23793
designer,3540,5651,6214
feature_extractor,3134,3756,4022
designer,3649,7973,8755
feature_extractor,3451,5066,5592
coder,13757,6369,7697
coder,13757,8689,10023
coder,13293,12233,13662
coder,16844,3994,5375
coder,16146,6099,7363
coder,16991,8816,10008
coder,15718,10264,11521
coder,18508,4305,5598
coder,17649,11044,12319
coder,16180,5559,6881
coder,17843,10969,12179
profiler,3099,4213,4368
profiler,3099,4796,5004
profiler,3099,4277,4428
designer,3561,8772,9332
feature_extractor,3150,3719,4024
designer,3649,12236,13036
feature_extractor,3450,3987,4541
coder,12990,9781,10966
coder,12990,10014,11355
coder,12990,11286,12674
coder,15310,6947,8071
coder,15349,3057,4547
coder,15243,9698,10973
coder,15579,3298,5259
coder,15217,8844,10200
coder,15183,3381,4936
coder,14631,3320,4664
coder,15348,18780,20144
coder,15619,4477,6020
coder,14678,4247,5549
coder,15327,7950,9057
coder,15708,4433,5880
profiler,3361,3745,3953
profiler,3168,3800,3970
coder,15463,10955,12444
profiler,4846,5379,5624
sketch,5078,5932,6916
sketch,4718,14320,15280
sketch,4911,19510,20494
feature_extractor,4111,5844,6424
feature_extractor,3944,4136,4729
feature_extractor,3751,6325,6941
designer,12735,2595,3615
feature_extractor,3646,6640,7237
designer,13753,5140,6127
feature_extractor,3618,5471,6058
designer,13726,4965,6036
feature_extractor,3685,8117,8692
coder,13497,8567,9818
coder,13400,8152,9311
coder,19465,10831,12035
coder,15425,3056,4375
coder,19808,3884,5177
profiler,3267,3324,3528
coder,21851,9541,10789
coder,16127,8216,9392
coder,18828,1889,3171
coder,16272,3046,4221
profiler,4669,1451,1634
coder,15286,5479,6691
profiler,4592,7008,7276
sketch,4822,7589,8471
sketch,4820,8561,9483
sketch,4901,20945,21872
feature_extractor,3934,8616,9241
feature_extractor,3855,6475,7000
feature_extractor,3853,5894,6497
designer,12548,4820,5889
feature_extractor,3683,5255,5826
designer,13604,4645,5725
feature_extractor,3695,7021,7607
designer,13616,7984,9042
feature_extractor,3674,5853,6447
coder,17920,6700,8156
coder,16282,7973,9225
coder,17920,9214,10698
profiler,3297,3448,3616
profiler,3517,2860,3051
coder,18238,9052,10589
profiler,4907,5938,6084
sketch,5070,9241,10150
sketch,5137,11844,12795
sketch,4850,13471,15128
feature_extractor,3883,6123,6699
feature_extractor,4103,5899,6531
feature_extractor,4170,4445,5016
designer,12651,567,1744
feature_extractor,3808,4888,5467
designer,13832,4478,5610
feature_extractor,3767,5374,5947
designer,13791,3470,4586
feature_extractor,3746,7461,8102
coder,16656,11199,12718
coder,15690,12200,13760
coder,16656,18559,20095
profiler,7091,9000,9185
coder,18266,13565,15091
coder,18358,8785,10426
coder,20769,4207,5721
profiler,4936,6976,7116
profiler,4943,4557,4802
sketch,5122,4387,5380
sketch,5115,5899,6924
sketch,5123,10179,11429
feature_extractor,4148,7814,8422
feature_extractor,4156,3761,4359
feature_extractor,4155,5590,6139
designer,12515,2706,4002
feature_extractor,3888,4819,5390
designer,13776,12430,13781
feature_extractor,3943,8462,8984
designer,13831,5332,6707
feature_extractor,3966,7858,8486
coder,16910,5980,7532
coder,16813,10208,12039
coder,13400,13558,14921
coder,19414,5024,6564
coder,19296,9825,11361
coder,23205,6643,8212
coder,19352,958,2472
coder,16680,13694,15198
profiler,3609,6322,6514
coder,21607,7189,8764
coder,15038,15855,17386
profiler,4939,11855,12007
coder,17319,11848,13388
coder,22379,12190,13697
coder,18119,5708,7156
coder,22348,8420,9856
coder,20737,17255,18779
sketch,5169,2643,3752
sketch,5162,12089,13097
feature_extractor,4195,7575,8091
feature_extractor,4202,3935,4503
designer,13492,7481,8602
feature_extractor,3738,7065,7648
designer,14603,3496,4613
feature_extractor,3731,4579,5119
designer,14596,2452,3633
feature_extractor,3785,10172,10698
coder,13421,6381,8128
coder,12706,11875,13440
coder,14396,12647,14200
profiler,5750,542,690
coder,19888,6078,7890
coder,19523,4785,6209
profiler,3474,1913,2115
profiler,5160,5553,5870
sketch,5144,7430,8396
sketch,5390,8885,9919
sketch,5025,19274,20288
feature_extractor,4423,3817,4398
feature_extractor,4058,5457,6048
feature_extractor,4177,8549,9158
designer,13545,6067,7109
feature_extractor,3676,5837,6400
designer,14594,8619,9857
feature_extractor,3867,3662,4190
designer,14785,4751,6045
feature_extractor,3917,4969,5517
coder,14968,10433,11865
coder,12904,11779,13447
coder,15556,12902,14484
coder,16552,2148,3836
coder,19074,5610,7188
coder,16485,6892,8638
coder,16535,2358,4061
profiler,5087,2769,2917
coder,19573,8086,9672
profiler,4946,6389,6618
coder,19305,14294,16060
coder,18917,9289,11057
coder,18006,6527,8293
coder,17155,8158,9897
profiler,3767,7846,8138
sketch,5324,5158,6035
sketch,5318,8113,9040
sketch,5178,9934,10936
feature_extractor,4351,5617,6195
feature_extractor,4358,5856,6469
feature_extractor,4211,6532,7075
designer,13314,5982,6975
feature_extractor,3620,5522,6100
designer,14307,3667,4673
feature_extractor,3628,7777,8368
designer,14315,4044,5113
feature_extractor,3684,7884,8503
coder,16531,4724,6141
coder,16531,19440,21073
profiler,3674,3491,3718
coder,17825,5936,7278
profiler,4687,2972,3136
coder,15326,14804,16301
coder,17698,7491,9024
profiler,3564,8025,8227
sketch,5227,2529,3532
sketch,4922,7280,8351
sketch,5120,12270,13247
feature_extractor,3955,6528,7085
feature_extractor,4260,7527,8118
feature_extractor,4153,5245,5821
designer,12543,6369,7497
feature_extractor,3751,3975,4527
designer,13667,4848,5976
feature_extractor,3751,5376,5962
designer,13667,4818,5956
feature_extractor,3761,8567,9149
coder,13098,6658,8174
coder,13431,9061,10524
coder,12160,10819,12608
profiler,4957,3934,4157
profiler,4836,4422,4525
coder,16198,4966,6530
profiler,3610,9889,10017
sketch,5158,8728,10090
sketch,5116,14190,15263
sketch,5071,16242,17373
feature_extractor,4191,7848,8461
feature_extractor,4104,4945,5529
feature_extractor,4149,4511,5169
designer,12962,5682,6903
feature_extractor,3853,8766,9375
designer,14188,1806,3023
feature_extractor,3849,6731,7347
designer,14184,5312,6529
feature_extractor,3850,5845,6401
coder,13520,5142,6723
coder,13520,7662,9353
coder,14156,10727,12410
coder,16034,867,2445
profiler,5100,3414,3533
coder,15766,4895,6323
profiler,5101,10220,10455
profiler,4805,7762,7933
sketch,5280,5102,6234
sketch,5037,8183,9249
sketch,5284,13929,15044
feature_extractor,4313,5682,6304
feature_extractor,4070,5473,6072
feature_extractor,4317,4642,5207
designer,3549,11217,11982,85.97
feature_extractor,3308,2447,2802,22.36
coder,11704,4092,5077,38.09
coder,13978,5168,6278,74.37
coder,15246,6887,7927,95.54
coder,16453,3390,4381,29.95
profiler,4348,3407,3575,46.22
coder,16966,865,1912,19.70
coder,17252,1559,2534,17.47
profiler,4284,2362,2508,22.60
profiler,2919,2822,2937,23.99
sketch,4614,4473,5205,31.99
sketch,4476,6115,6732,43.70
sketch,4550,7570,8295,54.63
feature_extractor,3649,3430,3818,26.78
feature_extractor,3585,2121,2480,18.28
feature_extractor,3511,4722,5085,37.25
designer,7268,1163,2014,11.51
feature_extractor,3407,2533,2878,21.26
designer,8149,1164,2011,11.12
feature_extractor,3405,4685,5045,37.93
designer,8147,6373,7215,50.16
feature_extractor,3401,2726,3077,23.27
coder,19175,4555,5850,72.04
coder,13647,8145,9365,66.22
coder,19175,11819,13143,105.21
coder,15921,2706,3893,27.06
coder,17995,2206,3460,24.99
coder,16672,9465,10670,76.24
profiler,4447,4101,4276,37.37
profiler,5885,2724,2962,26.68
profiler,3141,3485,3661,33.08
sketch,4689,6064,6713,41.66
sketch,4702,7098,7772,47.76
sketch,4743,6954,7680,49.21
feature_extractor,3725,3843,4241,31.70
feature_extractor,3737,5134,5476,44.06
feature_extractor,3778,2988,3358,26.04
designer,9426,3839,4649,28.33
feature_extractor,3368,3376,3746,28.06
designer,10267,4177,4923,35.33
feature_extractor,3308,4470,4834,37.34
designer,10207,5319,6065,43.35
feature_extractor,3308,4179,4538,38.65
coder,15343,2052,3282,23.89
coder,15256,5965,7178,77.34
coder,17485,7055,8302,69.64
profiler,6481,2424,2634,23.80
coder,14316,1214,2462,18.92
coder,16167,1826,3016,24.35
profiler,4482,6715,6863,69.63
profiler,6915,4941,5122,48.28
sketch,4692,5168,5820,41.85
sketch,4730,5255,5912,44.07
sketch,4748,10690,11350,73.32
feature_extractor,3727,4155,4560,35.46
feature_extractor,3783,3287,3681,29.12
feature_extractor,3765,5685,6056,51.09
designer,11157,13296,14304,98.32
feature_extractor,3546,5238,5603,44.90
designer,12176,4394,5508,45.05
feature_extractor,3649,2861,3245,28.19
designer,12279,5911,7044,57.47
feature_extractor,3668,3397,3745,31.95
coder,12509,8744,10010,106.33
coder,12700,8941,10259,96.42
coder,12700,10823,12187,98.73
coder,16405,3550,4837,39.82
coder,15051,2009,3321,24.06
profiler,7089,3482,3646,31.57
profiler,4550,2148,2344,22.87
profiler,7041,2248,2425,23.82
sketch,4818,4202,4828,34.24
sketch,4792,6288,6959,53.75
sketch,4864,7896,8611,61.71
feature_extractor,3827,4323,4704,37.85
feature_extractor,3853,2816,3204,25.13
feature_extractor,3899,3827,4188,35.16
designer,11454,2680,3426,21.04
feature_extractor,3318,3051,3413,26.57
designer,12245,4289,5033,31.95
feature_extractor,3319,4523,4889,38.83
designer,12246,5964,6711,46.33
feature_extractor,3316,4755,5110,43.90
coder,11059,4513,5574,57.66
coder,11695,5732,6849,52.56
coder,11695,10057,11336,110.05
profiler,4329,3107,3330,30.72
coder,14921,3957,5214,36.78
coder,13575,2828,4127,33.65
profiler,6366,5213,5380,51.67
profiler,4542,2001,2180,21.51
sketch,4621,3544,4262,30.18
sketch,4784,4792,5518,41.17
sketch,4571,5679,6539,51.61
feature_extractor,3819,6295,6684,58.34
feature_extractor,3606,3455,3807,32.55
feature_extractor,3656,4680,5072,42.58
designer,11176,3264,4069,33.28
feature_extractor,3364,3568,3935,32.81
designer,12013,4009,4716,37.98
feature_extractor,3269,3817,4168,33.83
designer,11918,4244,5132,39.93
feature_extractor,3433,4417,4776,37.80
coder,13893,5825,6837,87.13
coder,13893,7438,8700,85.41
coder,12795,9088,10206,85.46
profiler,4291,3043,3233,41.39
coder,14956,2573,3697,30.72
coder,14554,2340,3577,29.13
profiler,5702,1496,1646,15.18
profiler,4509,3820,4016,42.63
sketch,4533,5950,6651,53.53
sketch,4746,7507,8102,62.78
sketch,4654,9052,9721,68.81
feature_extractor,3568,2749,3143,28.84
feature_extractor,3781,2885,3277,26.57
feature_extractor,3689,4819,5197,45.14
designer,11185,2214,3118,22.47
feature_extractor,3452,4392,4751,41.78
designer,12110,2806,3760,31.38
feature_extractor,3501,4022,4414,39.26
designer,12159,5889,6829,49.53
feature_extractor,3487,3987,4345,39.49
coder,16794,3669,5117,64.88
coder,18344,5942,7154,55.82
coder,14294,7885,9259,92.32
coder,15880,5286,6500,51.18
coder,20182,3772,4999,40.37
coder,15327,6177,7363,50.64
profiler,6939,1721,1883,25.84
coder,20629,4399,5634,47.98
profiler,4458,3037,3184,32.60
profiler,4498,2073,2249,25.51
sketch,4699,2196,2811,21.77
sketch,4739,2092,2804,22.52
sketch,4715,6225,6958,54.35
feature_extractor,3750,5435,5807,48.87
feature_extractor,3734,2455,2822,22.59
feature_extractor,3774,3857,4217,34.05
designer,11443,4165,4906,33.59
feature_extractor,3317,3602,3977,31.52
designer,12233,2086,3003,26.94
feature_extractor,3486,5163,5530,46.16
designer,12402,4143,5070,40.51
feature_extractor,3498,4248,4620,41.44
coder,14197,3647,4893,41.51
coder,17265,4823,6111,78.38
coder,17936,7253,8825,90.48
coder,19656,1606,2959,23.67
coder,19870,2615,3942,33.74
coder,17112,2031,3613,29.11
coder,20379,3209,4524,38.60
profiler,7059,1534,1784,17.86
profiler,7276,1009,1200,11.98
profiler,7047,9523,9704,90.65
sketch,4820,5495,6071,45.47
sketch,5049,5278,5996,49.03
sketch,4834,11850,12539,81.41
feature_extractor,3869,4313,4710,40.96
feature_extractor,4085,4737,5131,43.02
feature_extractor,3855,3361,3748,32.67
designer,11327,2738,3555,26.26
feature_extractor,3378,4775,5164,44.38
designer,12178,2265,3091,25.97
feature_extractor,3387,4275,4639,40.81
designer,12187,2116,2933,24.33
feature_extractor,3379,2294,2666,22.23
coder,14903,4315,5569,55.90
coder,13240,4905,6022,76.05
coder,15414,5771,6926,58.17
profiler,3203,4315,4511,46.23
coder,17501,1191,2319,17.14
profiler,5780,2203,2414,24.12
profiler,4407,1984,2140,21.92
sketch,4643,6153,6870,57.56
sketch,4757,6232,6854,62.13
sketch,4626,14051,14712,99.69
feature_extractor,3661,5450,5817,51.38
feature_extractor,3792,4272,4646,36.62
feature_extractor,3678,3012,3386,26.56
designer,10817,5382,5989,46.57
feature_extractor,3183,3076,3429,27.93
designer,11473,4301,5038,33.97
feature_extractor,3300,3796,4154,33.25
designer,11590,1679,2434,18.36
feature_extractor,3327,3825,4185,36.16
coder,12344,6013,6980,58.97
coder,12344,7047,8182,78.88
coder,12806,16454,17733,154.02
profiler,4219,2147,2296,23.51
coder,14449,3466,4617,38.56
coder,14656,3675,4823,45.51
coder,14498,3563,4744,39.34
profiler,4403,3200,3381,31.56
profiler,4435,2340,2512,25.44
sketch,4645,3602,4265,130.04
sketch,4485,6634,7299,152.68
sketch,4676,9834,10682,168.90
feature_extractor,3681,3102,3469,29.65
feature_extractor,3711,3777,4161,35.04
feature_extractor,3520,3959,4341,38.95
designer,9521,5136,5975,48.33
feature_extractor,3401,5751,6098,50.43
designer,3673,15590,16874,126.42
feature_extractor,3894,3749,4292,37.70
coder,13446,6772,8595,76.59
coder,15084,9810,11471,93.50
coder,15548,9780,11380,104.00
coder,17745,4293,6090,47.68
coder,16215,5277,7024,61.55
coder,16146,8900,10661,99.30
coder,18272,8799,10552,342.41
coder,18377,9307,11065,334.31
coder,18012,4255,5986,45.42
designer,12238,0,12798,196.50
feature_extractor,3434,0,1337,18.20
feature_extractor,3434,0,1289,42.21
feature_extractor,3434,0,1293,43.87
coder,9356,0,12725,172.01
designer,12238,0,9164,178.99
feature_extractor,3434,0,1028,14.36
feature_extractor,3434,0,1684,214.90
feature_extractor,3434,0,1303,215.80
designer,12238,0,13439,216.76
designer,12238,0,3666,79.06
designer,12238,0,4550,80.37
feature_extractor,4976,0,5763,265.68
coder,17652,0,2471,181.31
designer,28810,0,3957,227.11
feature_extractor,5437,0,3416,119.70
coder,10689,0,7486,133.23
designer,12238,0,17477,693.48
feature_extractor,13679,0,3651,97.85
coder,31251,0,4743,226.69
designer,12238,0,3144,137.85
feature_extractor,4679,0,2309,142.46
coder,20209,0,10041,120.60
coder,16410,0,15125,252.21
profiler,7114,0,1131,148.43
profiler,3460,0,771,63.27
coder,20518,0,11406,440.51
profiler,4472,0,913,24.16
sketch,6510,0,6278,133.02
feature_extractor,6292,0,2836,58.26
designer,3680,0,4726,285.40
feature_extractor,3232,0,2330,120.35
designer,2145,0,2117,33.93
feature_extractor,1994,0,1596,36.56
designer,3673,9599,10718,86.48
feature_extractor,3745,3683,4108,35.81
coder,13297,10052,11392,92.88
coder,13297,9772,11394,102.38
coder,13297,10912,12648,107.19
coder,16086,5299,7058,56.85
coder,15743,7714,9239,80.91
coder,16115,8072,9691,85.00
coder,16082,6645,8017,65.59
coder,16168,11181,13053,114.40
coder,16018,8983,10599,94.65
coder,15839,5191,6560,59.87
coder,16171,9502,11393,92.83
coder,15833,9123,10512,84.65
coder,16004,9215,10763,103.89
coder,16289,2500,4268,31.38
coder,15736,3172,4641,39.74
coder,15947,2993,4533,38.47
coder,15923,5662,7138,58.39
coder,16199,11852,13613,129.26
coder,15954,9151,10659,91.38
coder,15944,5859,7409,70.12
coder,15387,7612,9504,72.05
coder,15802,3526,5083,44.03
coder,15823,5158,6710,56.97
coder,15139,8490,10092,83.30
coder,16201,10906,12571,103.99
designer,3673,11990,13004,290.08
feature_extractor,3656,6064,6492,134.10
coder,13036,13505,15303,304.79
coder,13036,14923,16383,307.05
coder,13036,14776,16588,336.93
coder,15992,10157,12079,241.25
coder,15997,22804,24828,425.32
coder,15693,29460,30922,695.72
coder,16218,12514,14425,294.98
coder,16137,23130,24872,500.02
coder,15638,16564,18258,330.22
coder,15976,12542,14284,298.58
coder,16152,27669,29612,567.83
coder,15927,21524,23352,526.72
coder,16176,14603,16363,308.20
coder,15953,30631,32316,638.22
coder,15988,20611,22492,468.81
coder,15941,13667,15828,323.96
profiler,8121,2402,2573,52.51
coder,16079,27424,29101,621.41
coder,16064,20081,22092,485.74
coder,16191,15660,17729,354.15
coder,15953,28084,30031,625.09
profiler,7936,5083,5278,93.28
coder,16228,23585,25382,573.92
coder,16046,8277,10330,221.45
sketch,5528,17288,18438,339.26
sketch,5706,20298,21801,401.84
feature_extractor,6098,10306,10830,229.28
feature_extractor,5578,11588,12074,256.28
designer,10495,13554,14839,343.90
feature_extractor,3921,13801,14333,292.11
designer,11766,7325,8546,130.97
feature_extractor,3863,14335,14910,307.88
designer,11708,12566,13820,316.91
feature_extractor,3896,10062,10542,234.20
coder,12293,18022,19844,352.21
coder,12293,20523,22044,387.49
coder,12293,25681,27593,543.24
coder,15248,13794,15573,298.63
coder,15026,15247,16904,373.87
coder,15267,7751,9741,191.58
coder,15338,11333,13188,267.69
coder,15115,12887,14857,325.05
coder,15277,7457,9414,154.90
coder,15418,28552,30236,632.51
coder,15321,23624,25779,527.28
coder,15388,18853,20553,398.11
coder,15585,15050,17566,386.19
coder,15138,16794,18583,398.52
coder,15157,27965,29584,571.16
coder,15317,18300,20145,364.94
coder,15801,19453,22011,392.06
profiler,5860,3707,3933,80.24
coder,15183,17140,18540,383.59
coder,15344,22567,24608,491.90
coder,14085,23016,24941,409.84
coder,15626,34215,36205,732.57
coder,15340,22865,24669,549.41
coder,15434,19057,21096,443.65
sketch,6105,20798,22182,384.86
feature_extractor,6338,11533,12113,249.73
designer,14401,5787,6941,134.58
feature_extractor,3809,10726,11178,222.47
coder,11742,14737,16521,310.76
coder,12395,19950,21840,372.45
coder,13361,28503,30272,546.14
coder,14753,16953,18412,358.77
coder,15406,21911,23643,435.33
coder,14910,8112,9790,175.33
coder,15758,29894,31920,555.34
coder,14904,12072,13910,246.36
coder,16326,19798,21693,430.10
coder,14442,20515,22142,444.86
coder,14807,19442,21368,427.66
coder,15929,7534,9333,173.33
coder,14299,30641,32649,643.16
coder,13987,5569,7482,124.13
coder,15192,9828,11868,222.70
coder,15188,26302,28468,597.17
coder,15510,17933,19944,401.66
coder,15369,18564,20418,373.90
coder,15736,22048,24120,547.20
coder,15552,17368,19522,384.66
coder,15418,14693,16395,260.61
coder,15015,11805,13659,263.36
coder,14590,12195,13897,255.45
coder,14846,21459,23163,476.71
coder,15118,9368,10986,202.32
coder,14094,33138,34788,634.53
coder,15065,19044,20863,434.31
designer,14920,8941,10292,182.45
feature_extractor,3948,10025,10581,218.96
designer,16217,7536,8984,173.78
feature_extractor,4034,11483,12085,259.14
designer,16303,7347,8736,174.98
feature_extractor,3977,9293,9835,260.71
coder,12374,18678,20452,368.04
coder,11408,20979,23448,466.18
coder,13027,25069,27196,543.96
coder,15423,19993,21610,412.73
coder,15121,14509,16456,340.41
coder,17201,26420,28561,563.27
profiler,9356,4537,4809,106.89
coder,16682,12542,14183,293.50
coder,15314,21777,23362,465.11
coder,15040,26981,28559,591.53
coder,14107,33897,35818,767.55
coder,15246,13673,15387,331.09
coder,15867,6650,8537,166.14
coder,16074,22076,23734,541.48
coder,14196,10629,12340,257.46
coder,15502,16900,19174,411.62
coder,14272,11965,13667,271.79
coder,15990,21365,23874,521.72
coder,15380,25305,27205,550.20
profiler,8595,3388,3574,73.51
coder,15603,11743,13559,270.06
coder,14374,3002,5078,98.80
sketch,5435,15925,17041,311.90
sketch,5716,22279,23288,448.96
feature_extractor,5642,4886,5480,114.86
feature_extractor,5456,10611,11177,238.82
designer,13626,13896,15319,266.74
feature_extractor,4046,10976,11521,266.82
designer,15021,4242,5673,106.37
feature_extractor,4052,13706,14277,305.06
designer,15027,1816,2908,62.76
feature_extractor,3749,10362,10857,243.21
coder,16019,16119,17917,351.96
coder,17027,23085,24645,447.54
coder,14788,27268,29274,553.42
coder,18022,7950,9867,189.60
coder,17156,15005,17073,318.72
coder,17516,29536,31137,623.73
coder,20200,25520,27064,496.30
coder,18862,8151,10229,184.92
coder,18489,18993,20661,406.51
coder,16886,26205,28084,482.32
coder,16496,6746,8348,147.23
coder,19850,28462,30356,610.81
coder,19241,21265,23121,487.70
coder,19013,15551,17600,375.53
coder,15909,30255,31869,646.20
coder,16184,10691,12742,242.90
coder,16681,20560,21879,508.79
coder,17817,7477,9669,182.64
coder,18962,23941,25752,471.32
coder,18895,27548,29755,660.86
coder,20375,5644,7776,141.95
coder,18129,18586,20051,466.47
coder,17722,20829,23038,543.47
coder,19901,10139,12235,237.95
coder,19340,13402,15306,329.40
coder,18648,22298,24035,494.38
coder,17925,14191,16020,320.60
coder,16077,15669,17627,297.95
coder,19615,17307,19053,351.55
coder,19217,22779,24771,451.10
designer,3595,7156,7833,72.72
feature_extractor,3294,2150,2491,22.96
coder,14927,4735,5674,46.52
coder,13961,6095,7213,61.38
coder,10935,6617,7704,63.36
profiler,2985,4190,4345,40.54
profiler,6647,1411,1594,14.93
coder,13952,6751,7784,64.20
coder,14037,2774,3778,28.31
profiler,4351,3475,3741,37.15
sketch,4639,8254,8946,63.15
sketch,4560,9171,9767,69.99
sketch,4503,11441,12067,84.51
feature_extractor,4093,2142,2471,23.04
feature_extractor,4295,2727,3060,27.12
feature_extractor,4131,3145,3500,33.12
designer,7188,3590,4239,33.08
feature_extractor,3272,3701,4054,35.46
designer,7888,3267,3955,34.42
feature_extractor,3304,3012,3359,30.50
designer,7920,4337,5020,42.30
feature_extractor,3298,2641,2988,26.88
coder,16136,3572,4565,36.26
coder,16136,7275,8319,69.71
coder,12766,10322,11400,93.25
profiler,6567,2975,3126,41.73
profiler,6610,3600,3791,37.44
profiler,6628,5984,6181,56.84
sketch,4622,2844,3440,30.43
sketch,4561,5504,6184,45.79
sketch,4603,4590,5264,46.22
feature_extractor,4232,1960,2308,20.29
feature_extractor,4209,2337,2693,24.45
feature_extractor,4202,2939,3267,31.26
designer,7423,3567,4308,32.44
feature_extractor,3352,2920,3236,31.60
designer,8203,4192,4953,46.67
feature_extractor,3372,3488,3794,33.94
designer,8223,3448,4210,33.24
feature_extractor,3377,2712,3034,27.05
coder,11818,4761,5808,48.02
coder,12351,6216,7194,58.28
coder,12680,8474,9579,78.66
profiler,4374,2433,2593,29.19
profiler,4462,1895,2078,21.46
coder,14612,5385,6437,58.82
profiler,4399,3286,3448,37.12
sketch,4670,4700,5391,41.29
sketch,4609,5799,6430,49.48
sketch,4520,11147,11810,92.31
feature_extractor,4208,2436,2781,26.25
feature_extractor,4170,2295,2655,26.36
feature_extractor,4327,4101,4444,44.07
designer,7275,2674,3378,22.40
feature_extractor,3322,1465,1799,17.10
designer,8025,2713,3436,26.54
feature_extractor,3338,2359,2677,24.08
designer,8041,4028,4702,36.76
feature_extractor,3290,2551,2878,26.64
coder,12040,6363,7317,64.84
coder,12040,6135,7329,65.81
profiler,2992,3867,4073,39.16
coder,14250,4719,5720,47.26
coder,12040,17897,19040,142.08
coder,14201,2040,3164,26.21
profiler,4351,3282,3460,37.03
profiler,4468,1807,2032,21.73
sketch,4673,3697,4292,34.33
sketch,4556,4634,5194,42.42
sketch,4508,6839,7471,58.75
feature_extractor,4241,2791,3137,28.37
feature_extractor,4110,3730,4080,40.35
feature_extractor,4088,4074,4419,44.26
designer,7400,1297,2087,15.33
feature_extractor,3399,3567,3887,37.53
designer,8227,2362,3108,27.49
feature_extractor,3361,2948,3280,32.44
designer,8189,3404,4188,38.27
feature_extractor,3393,3372,3711,34.95
coder,12559,4598,5690,55.53
coder,13525,5007,6032,61.68
coder,12866,2003,3008,27.91
profiler,4454,4636,4778,57.53
coder,12422,18294,19796,157.61
profiler,3044,2362,2556,26.68
profiler,4839,4643,4799,52.62
sketch,5047,1657,2287,18.70
sketch,4562,7291,7898,63.41
sketch,4664,10653,11226,91.77
feature_extractor,4139,3995,4350,38.07
feature_extractor,4648,3644,4003,38.34
feature_extractor,4202,4094,4427,41.52
designer,7277,5749,6412,51.20
feature_extractor,3271,3398,3730,34.99
designer,7976,3294,3969,28.42
feature_extractor,3283,2525,2851,25.92
designer,7988,3994,4655,40.22
feature_extractor,3269,4106,4409,42.37
coder,10679,5412,6238,57.32
coder,10751,8222,9089,84.27
coder,11886,12363,13481,118.49
profiler,6399,3329,3507,39.36
profiler,4236,3153,3368,34.26
coder,14992,1797,2869,25.47
profiler,7275,1901,2055,20.51
sketch,4446,2513,3154,28.68
sketch,4616,4895,5528,43.76
sketch,4399,8331,8940,66.57
feature_extractor,4053,3101,3435,32.25
feature_extractor,4205,3774,4114,37.22
feature_extractor,3973,4314,4648,46.77
designer,7061,1274,1997,15.92
feature_extractor,3336,3799,4120,38.49
designer,7825,2926,3669,26.05
feature_extractor,3356,2426,2729,24.22
designer,7845,2662,3407,27.32
feature_extractor,3358,4299,4621,45.23
coder,11858,4170,5131,45.83
coder,10821,6763,7857,65.41
coder,10240,8260,9330,79.55
coder,13699,4384,5402,47.15
profiler,4446,1182,1353,19.17
profiler,3111,4727,4869,52.15
profiler,6568,5138,5315,53.20
sketch,4649,4295,4994,41.35
sketch,4626,5299,5885,48.04
sketch,4561,10090,10762,91.72
feature_extractor,4314,1768,2114,18.47
feature_extractor,4181,1956,2295,20.34
feature_extractor,4188,3568,3918,35.46
designer,7517,2072,2843,22.12
feature_extractor,3384,3064,3410,31.30
designer,8329,8262,9027,60.27
feature_extractor,3373,1871,2194,18.73
designer,8318,2865,3635,32.18
feature_extractor,3376,3340,3681,32.05
coder,11383,4015,4935,41.82
coder,13139,9443,10623,88.87
coder,13840,6389,7317,71.54
coder,13139,18339,19665,154.35
profiler,7177,2258,2445,30.15
profiler,4345,1075,1219,13.22
coder,14205,3813,4946,46.59
profiler,4457,2200,2333,22.13
sketch,4491,4303,4949,40.61
sketch,4726,5401,6015,55.56
sketch,4667,6546,7215,59.52
feature_extractor,4306,2762,3120,29.99
feature_extractor,4307,3532,3895,40.10
feature_extractor,4104,4230,4589,43.01
designer,7253,1995,2786,17.56
feature_extractor,3406,3598,3921,37.84
designer,8087,3665,4455,38.32
feature_extractor,3405,2602,2917,31.38
designer,8086,5388,6177,47.96
feature_extractor,3404,2991,3319,31.12
coder,10814,6832,7859,73.19
coder,12433,12938,12938,117.16
profiler,4367,1288,1465,17.60
coder,12433,17876,18793,178.17
coder,10916,8617,9808,88.32
profiler,4266,2079,2201,23.68
coder,14617,9049,10331,98.25
profiler,6833,3512,3647,34.96
sketch,4572,3403,4013,33.16
sketch,4833,5005,5647,49.01
sketch,4471,5945,6497,55.14
feature_extractor,4151,2230,2565,23.84
feature_extractor,3996,2941,3262,30.45
feature_extractor,4436,3862,4205,39.56
designer,7128,2352,3004,20.64
feature_extractor,3272,4034,4337,37.89
designer,7828,5388,6036,50.24
feature_extractor,3272,2054,2381,22.31
designer,7828,5197,5837,49.29
feature_extractor,3261,2526,2867,26.17
coder,11868,7872,8997,76.42
coder,10902,8993,10094,83.76
coder,12290,10133,11138,99.12
profiler,5831,3838,3949,44.17
coder,13969,5108,6173,51.80
profiler,6561,2242,2372,23.75
coder,14019,3709,4789,42.83
profiler,4428,5400,5557,57.52
sketch,4631,953,1635,11.20
sketch,4552,4505,5034,42.52
sketch,4663,6528,7228,55.31
feature_extractor,4284,2468,2822,26.00
feature_extractor,4056,2803,3159,27.26
feature_extractor,4350,2683,3027,28.86
designer,3578,13802,14771,130.73
designer,3544,8114,8628,82.38
feature_extractor,3533,9869,10346,94.57
designer,3771,15600,17654,147.12
designer,3717,19109,20012,190.84
feature_extractor,3105,7994,8360,70.58
feature_extractor,3624,5332,5734,53.70
coder,12829,13135,14590,121.88
coder,11900,7785,9645,86.33
coder,12066,13825,15512,124.79
feature_extractor,4695,14457,15212,127.50
coder,11962,15088,16703,139.53
coder,12119,11473,13069,109.30
coder,11900,11914,13216,118.86
coder,14619,3959,5582,46.44
coder,13272,15423,15997,155.33
coder,15203,6146,7728,62.69
coder,18717,6016,7645,59.24
coder,14919,12517,14625,114.79
coder,15830,17796,18292,176.79
profiler,5482,2966,3087,31.21
coder,13766,15571,19581,161.55
coder,13908,29865,31577,317.70
coder,14929,988,1560,12.98
coder,15586,14080,15696,261.08
coder,18596,2406,5773,42.12
coder,14515,8171,10112,76.31
coder,13766,23903,27456,537.97
profiler,5792,3989,4157,39.76
coder,15591,6944,8641,297.16
coder,18003,1496,4871,30.59
profiler,9244,5145,5319,56.79
coder,15082,5564,7195,60.77
profiler,3887,3130,3281,33.05
profiler,3639,2882,3035,30.88
profiler,9304,4667,4855,47.36
sketch,4784,3888,4722,37.60
sketch,5394,4062,5364,42.68
coder,18049,2908,6351,44.77
profiler,3710,1958,2122,19.97
coder,13766,21534,24899,733.35
sketch,5095,11291,12007,88.70
coder,18189,15152,18437,156.61
coder,15302,6987,8638,73.06
feature_extractor,4557,3718,4096,34.83
coder,19092,16541,18348,163.07
feature_extractor,5634,7575,8186,66.02
feature_extractor,4766,7599,8016,72.01
designer,13233,2707,3541,24.06
profiler,3674,1891,2085,18.68
sketch,5219,2787,3736,27.28
sketch,5145,3796,4835,37.78
coder,18116,6287,9841,77.33
feature_extractor,3371,4693,5069,44.00
coder,17975,6219,9614,76.52
sketch,5184,8288,9256,72.45
coder,18069,12406,15789,122.14
coder,17560,5555,9140,58.87
coder,18083,17126,19560,172.43
feature_extractor,5071,6879,7469,59.25
coder,11921,11202,12647,107.79
feature_extractor,5126,8723,9248,80.97
coder,11921,13438,14810,117.04
feature_extractor,5128,9691,10245,87.78
coder,11921,17344,18631,150.12
coder,18126,11151,14416,117.52
designer,14135,5375,6374,41.44
coder,18454,7303,11167,87.75
coder,18097,13137,16578,127.39
coder,14401,8561,10088,77.73
coder,17944,6059,9367,64.01
coder,19508,15068,17424,146.92
feature_extractor,3594,10113,10530,90.96
coder,12246,8367,9930,74.82
coder,13841,7709,9046,288.63
coder,18631,2936,6367,234.75
coder,18050,7756,11124,239.28
coder,15423,9421,11072,194.12
coder,13397,16253,18082,194.02
profiler,5476,1378,1555,15.38
coder,18069,8492,11784,89.70
coder,14503,4859,6381,91.51
coder,17614,4209,5779,93.51
coder,17472,5427,8946,74.05
coder,17199,23370,25139,229.24
coder,14604,11603,13332,126.22
coder,18185,11635,14913,434.00
coder,17980,14099,17652,427.22
profiler,5530,3289,3448,38.26
coder,17529,3324,5131,42.63
profiler,3662,978,1142,48.65
coder,18007,3083,6367,43.82
profiler,3829,1629,1752,18.04
profiler,5898,2507,2672,26.28
coder,18236,6290,9661,71.74
profiler,4905,2142,2253,21.31
sketch,4833,4949,5604,42.83
coder,18234,9581,13063,102.23
sketch,5338,7154,8147,59.51
sketch,4779,14512,15269,106.82
sketch,5093,10048,11068,73.15
coder,18293,8580,11883,84.33
sketch,5232,16644,17734,129.54
coder,19516,13698,15312,126.55
sketch,5168,18056,19298,123.72
feature_extractor,5279,4187,4546,41.00
feature_extractor,4498,4441,4796,45.87
coder,18167,16032,19554,121.66
feature_extractor,4458,7227,7621,67.22
feature_extractor,5042,8832,9421,82.27
feature_extractor,5264,10120,10688,90.67
feature_extractor,5339,10008,10611,93.03
designer,12995,6240,7351,59.91
coder,18223,6691,10398,69.04
designer,14431,484,1591,11.23
feature_extractor,3670,7015,7395,67.01
feature_extractor,3684,10023,10417,94.67
coder,17817,20364,22000,201.66
designer,15559,5925,7207,63.95
coder,18214,32420,35860,305.44
designer,14142,15012,16237,131.24
feature_extractor,3847,6954,7450,65.36
feature_extractor,3766,7097,7525,66.19
coder,18144,15386,17095,156.43
designer,15722,5062,6131,56.54
coder,12144,5151,6721,55.59
coder,18382,13415,16947,144.49
coder,12426,8515,10318,85.76
coder,12067,8282,10280,93.85
profiler,3573,2093,2228,22.96
feature_extractor,3628,12236,12695,111.65
coder,16507,3055,4853,40.26
coder,16602,3860,5598,43.07
coder,16698,12125,13976,124.48
coder,12916,11076,12987,92.88
coder,18436,16459,19941,157.40
profiler,5103,3240,3417,37.98
coder,12993,17928,19533,152.55
sketch,4237,8522,9540,92.39
coder,13160,15806,17256,153.37
profiler,3693,2972,3132,38.13
sketch,4315,9580,10765,101.10
profiler,3643,1087,1230,17.19
feature_extractor,4200,4219,4658,49.33
coder,15923,9434,11155,116.10
sketch,5080,7077,8125,71.09
profiler,3485,3626,3804,45.37
feature_extractor,4446,8889,9384,101.01
sketch,5283,11587,12607,114.33
sketch,5200,16329,17278,147.04
designer,7379,4658,5959,50.81
coder,15946,6818,8528,77.65
coder,14719,4370,6013,52.21
feature_extractor,4030,6271,6663,73.43
feature_extractor,5107,8509,9055,91.57
feature_extractor,5082,8737,9308,96.70
feature_extractor,5265,9524,10140,107.84
designer,13912,3285,4611,41.27
profiler,3649,4077,4299,45.88
designer,8715,7884,9210,85.98
sketch,5149,8439,9406,87.80
feature_extractor,4053,8112,8522,92.69
sketch,5155,10498,11491,107.28
feature_extractor,3855,14722,15153,162.28
designer,8738,5621,6913,63.22
sketch,4992,20700,21638,203.37
designer,15245,6854,7954,75.08
feature_extractor,4016,7582,8163,86.15
feature_extractor,5064,6046,6430,74.72
feature_extractor,5088,8930,9484,102.67
feature_extractor,3627,8639,9021,104.18
feature_extractor,4885,11423,12004,130.06
coder,12582,7449,10068,104.17
coder,12850,8580,10659,108.26
designer,15017,7206,8599,71.09
coder,12356,13270,15695,150.29
designer,14063,9613,10617,100.61
coder,15686,7875,9945,96.23
feature_extractor,3921,11899,12464,139.43
coder,16027,10913,13007,131.30
feature_extractor,3598,12016,12472,145.74
designer,15105,479,1666,14.49
coder,16696,19190,21528,236.53
coder,13203,8734,10946,108.66
coder,16363,12659,14788,131.09
feature_extractor,3755,7313,7779,83.87
coder,12222,13357,15519,155.14
profiler,4485,1286,1455,18.89
coder,15726,10750,12810,125.98
coder,16340,2288,4447,38.68
designer,15262,2619,3714,33.31
coder,12935,18000,20364,202.70
coder,16435,4105,6137,53.09
coder,16681,5900,8309,83.57
feature_extractor,3646,11521,12109,123.28
profiler,6710,2475,2668,30.57
coder,16094,6015,8032,78.28
coder,16432,6664,8642,83.49
coder,16149,4969,7310,68.10
profiler,6668,1324,1509,21.68
coder,17255,7818,9865,93.00
coder,16432,11751,13631,129.64
coder,14406,16757,18404,191.91
coder,17372,7545,9594,90.12
coder,18082,6124,7964,71.58
profiler,7414,3369,3522,41.48
coder,15532,3593,5675,48.91
sketch,5609,4693,5753,55.97
sketch,5791,8100,9363,89.30
coder,15588,23026,25064,272.15
profiler,3651,2738,2861,34.97
coder,16534,7458,9507,89.43
profiler,6195,2769,2929,40.30
sketch,5567,31994,33200,235.75
coder,16100,5609,7969,81.74
coder,17323,11981,13618,128.20
profiler,4978,1532,1734,22.75
profiler,4501,2250,2437,28.76
feature_extractor,5595,11379,11873,126.63
coder,16489,7810,9826,95.50
feature_extractor,5970,11859,12485,135.87
sketch,5159,2527,3613,32.33
feature_extractor,5778,14868,15692,169.35
sketch,5562,5469,6379,62.63
coder,15102,3380,5513,52.31
sketch,5165,8887,9879,84.75
designer,14799,5792,7002,59.78
feature_extractor,5109,9109,9724,104.13
feature_extractor,5182,10407,10956,117.34
feature_extractor,3715,8673,9074,95.70
feature_extractor,5418,11627,12190,128.58
designer,14594,1329,2368,20.98
coder,16774,12305,14246,162.56
designer,15992,5894,7214,60.61
feature_extractor,3617,7914,8369,89.45
feature_extractor,3825,7272,7819,77.04
designer,15655,3822,4955,45.91
designer,16102,4219,5408,51.84
sketch,5971,11062,12156,111.15
sketch,5995,17061,18332,162.75
feature_extractor,3682,8479,8932,93.67
feature_extractor,3710,8061,8667,87.79
designer,15720,3537,4615,41.79
feature_extractor,5978,7955,8426,88.40
feature_extractor,3648,7715,8183,87.22
coder,13186,9330,11469,107.49
feature_extractor,6197,12388,12794,141.26
coder,13186,10245,11990,114.56
coder,16119,1595,3693,29.97
designer,17583,5239,6516,53.53
coder,12968,16771,18528,189.12
profiler,5028,1973,2165,24.47
coder,13130,8266,10327,94.45
coder,13636,10511,12273,137.60
feature_extractor,3995,9298,9673,101.35
coder,12300,17765,19280,187.52
designer,18883,5183,6534,58.04
profiler,5352,5214,5356,60.99
coder,17085,7442,10090,90.83
coder,15173,8335,10236,88.21
coder,14627,5941,7649,92.87
coder,17217,8387,10151,122.10
feature_extractor,4058,8832,9290,97.85
coder,15127,5176,7161,54.60
profiler,6725,3449,3597,45.16
coder,18451,3148,4927,46.77
designer,18946,9638,10973,83.53
sketch,5208,8692,9887,75.44
profiler,5899,1725,1888,19.90
sketch,5532,13438,14706,125.58
sketch,6082,14980,16140,128.43
feature_extractor,4048,11794,12242,119.08
profiler,5092,2338,2517,29.31
profiler,5294,3403,3543,44.32
feature_extractor,5355,6245,6668,68.54
feature_extractor,6146,7663,8119,82.90
feature_extractor,5740,9351,9858,92.70
coder,14544,10157,12083,110.97
sketch,5266,7068,8115,68.40
sketch,5481,7463,8456,79.45
coder,13681,12832,14957,129.58
coder,14707,14705,16983,153.80
designer,15632,6509,7791,69.73
coder,17603,1117,3433,25.91
coder,17164,7487,9710,93.74
coder,17426,5779,7912,64.54
sketch,5279,24645,25577,184.63
feature_extractor,3771,10113,10557,107.29
designer,16881,1614,2930,24.79
feature_extractor,5437,8475,8922,81.91
feature_extractor,5219,7783,8218,85.27
feature_extractor,5161,9093,9627,93.80
coder,17947,5076,7303,68.22
designer,14387,2032,3411,23.58
feature_extractor,3819,6791,7317,75.46
coder,17008,9673,11910,107.41
coder,18126,3089,5440,49.60
coder,18507,9288,11448,107.81
designer,16929,6494,7787,70.88
feature_extractor,3972,10018,10563,106.64
designer,15803,4476,5640,58.65
feature_extractor,3798,10156,10754,105.61
feature_extractor,3755,7487,7927,80.50
designer,15586,3664,4858,48.00
coder,12176,9607,11699,114.49
coder,12593,10542,12367,132.81
coder,13056,13935,15570,149.03
coder,15863,925,2684,58.76
feature_extractor,3782,11536,12009,115.35
coder,14755,7180,9398,79.04
coder,15409,11597,13306,132.96
profiler,4480,4574,4703,47.99
coder,13147,8446,10066,85.11
coder,16511,4714,6771,57.34
profiler,4942,4754,4905,56.95
profiler,5858,3749,3885,45.06
coder,12089,15426,17350,287.79
coder,12089,27596,29539,288.05
coder,14985,6280,7960,58.11
coder,16992,7013,9207,340.62
profiler,4999,4251,4409,49.26
profiler,6804,2871,3014,37.51
profiler,3968,4611,4794,58.00
sketch,5184,4979,6019,52.08
sketch,5122,6857,7795,71.06
sketch,5221,6967,8138,72.75
coder,18410,6246,8848,79.69
coder,15335,26514,28251,199.15
profiler,3689,7359,7583,94.52
feature_extractor,5172,8339,8817,83.30
feature_extractor,5013,10246,10801,96.34
feature_extractor,5332,11751,12380,115.27
coder,17469,5881,8439,74.88
designer,14272,1843,2908,22.70
profiler,5058,3684,3880,43.70
profiler,5968,1713,1897,19.27
sketch,5473,2634,3631,30.22
sketch,5246,5282,6369,42.55
sketch,6184,5305,6497,46.22
feature_extractor,3575,12683,13305,123.52
designer,15324,8280,9406,63.34
sketch,5708,14914,16126,118.42
sketch,5194,22293,23458,156.27
sketch,5981,28539,29630,196.70
feature_extractor,3649,9907,10435,93.35
designer,15399,2751,3838,30.02
feature_extractor,5422,9676,10175,87.22
feature_extractor,5295,10514,10951,92.30
feature_extractor,5852,7790,8221,72.61
feature_extractor,6029,7564,7980,72.96
feature_extractor,5285,12508,12963,117.83
designer,14343,2043,3277,27.67
feature_extractor,6254,11551,11974,114.20
feature_extractor,3597,8246,8709,79.56
designer,17012,4129,5160,38.89
coder,13459,5886,7526,58.94
coder,12243,6761,8335,67.51
coder,12243,7591,9171,69.71
feature_extractor,3784,13997,14342,136.23
profiler,3617,3814,3934,43.26
feature_extractor,3770,13365,13752,130.35
coder,16039,5235,6825,51.37
designer,15571,10264,11501,82.25
designer,18087,4389,5441,46.55
coder,14756,10868,12481,88.36
coder,15737,2730,4353,33.66
feature_extractor,3789,8623,9210,80.74
profiler,3597,2540,2729,28.35
profiler,4947,5417,5636,53.77
designer,15576,5445,6686,47.86
feature_extractor,3781,16595,17007,151.66
sketch,5124,6754,7760,63.83
sketch,5094,7665,8681,66.38
feature_extractor,3813,7826,8265,74.81
designer,18098,6485,7641,59.07
sketch,5104,28856,29863,189.70
coder,16935,10622,12629,99.91
coder,13772,10135,11972,100.94
coder,13960,10825,13070,111.63
feature_extractor,3889,11601,12075,114.56
coder,18651,4430,6320,47.47
feature_extractor,5067,7548,8095,70.20
coder,18623,7101,9158,78.57
feature_extractor,5059,11308,11787,102.99
feature_extractor,5060,11411,11952,104.59
profiler,6315,2617,2810,27.45
coder,12164,10737,12759,102.49
designer,14367,2337,3469,29.86
coder,15180,13708,15588,131.93
coder,15483,15055,17171,152.15
coder,16843,2724,4789,37.99
coder,20998,2145,4028,29.53
profiler,5357,6281,6465,64.14
feature_extractor,3678,10082,10535,95.86
coder,16136,4091,6164,60.53
profiler,5515,1923,2094,20.90
designer,15523,9750,10886,94.72
coder,16215,19193,21124,194.84
profiler,5373,5580,5750,57.98
profiler,5549,2845,2993,28.51
feature_extractor,3684,7018,7456,69.07
designer,15529,4477,5607,46.82
sketch,5727,10020,11131,89.44
coder,17839,11467,13374,112.68
sketch,5729,19378,20424,143.07
feature_extractor,3678,7991,8582,75.26
sketch,5553,21920,23089,176.82
profiler,5237,2855,3035,30.77
coder,16255,8999,10702,91.45
coder,16968,8731,10990,92.40
coder,16968,12547,14589,118.29
sketch,5425,10261,11320,83.06
sketch,5547,12510,13599,95.09
feature_extractor,5700,13303,13744,127.19
coder,19686,3308,5030,43.24
feature_extractor,5782,16010,16479,144.12
sketch,5682,13907,14832,114.27
feature_extractor,5660,15941,16400,149.03
coder,20014,2055,4001,30.55
coder,20184,5587,7779,54.64
feature_extractor,5569,7860,8384,75.23
feature_extractor,5581,9515,9920,88.75
feature_extractor,5443,11508,12151,108.70
designer,16855,17011,18254,119.24
designer,15667,3973,4968,35.58
feature_extractor,3960,9063,9511,84.58
profiler,7964,3993,4195,39.85
coder,16174,2905,5097,40.59
feature_extractor,3580,9186,9648,82.55
designer,18120,2810,4030,31.38
profiler,7981,1913,2113,22.09
designer,16691,6024,7113,48.06
feature_extractor,3672,7182,7594,69.98
feature_extractor,3929,13705,14487,121.53
profiler,7707,2445,2629,25.18
designer,16783,4669,5725,38.02
sketch,5653,4624,5673,44.86
sketch,5404,6662,7642,57.93
sketch,5194,7955,8770,70.70
feature_extractor,3634,7395,8012,70.11
coder,13444,10434,12385,104.89
designer,3617,11780,12559,110.57
coder,13555,12757,15028,119.19
coder,14998,13584,15779,127.80
feature_extractor,5338,8247,8658,73.71
feature_extractor,5651,8042,8562,76.89
coder,11941,8600,10114,83.31
feature_extractor,4977,12363,13044,109.87
coder,16419,7144,9295,67.29
coder,16498,8051,9852,79.80
feature_extractor,3415,9630,10092,90.43
profiler,6460,3017,3204,30.73
coder,13721,13407,15180,123.41
designer,14799,7048,8559,66.45
coder,16948,3716,5323,63.61
coder,13572,19431,21420,167.18
profiler,6441,3006,3198,34.04
feature_extractor,3985,8040,8447,80.81
profiler,5222,2078,2217,22.27
profiler,3635,1048,1266,15.27
profiler,5908,5571,5765,61.80
sketch,5820,3804,4837,38.82
sketch,5806,4116,5262,39.95
coder,15057,16556,18132,180.96
coder,15268,7517,9470,79.54
coder,14982,7782,10177,80.07
coder,15057,20456,22203,213.66
sketch,5456,10136,11057,86.91
coder,13358,8441,10660,95.41
coder,15618,11338,13379,112.87
coder,15057,24026,26285,258.43
profiler,3953,3186,3427,32.98
coder,17634,8154,9759,94.80
feature_extractor,5323,8964,9377,87.35
coder,16811,5854,8062,69.79
sketch,5269,4341,5442,35.93
coder,16066,4651,6831,51.44
coder,15483,9403,11099,109.09
sketch,5458,6537,7534,59.93
sketch,5141,7034,8047,60.31
feature_extractor,5886,13941,14411,130.46
coder,16040,6473,8550,66.52
feature_extractor,5802,16953,17402,164.97
feature_extractor,5280,9158,9765,84.27
profiler,7666,2559,2715,26.14
feature_extractor,5087,9308,9944,90.89
feature_extractor,5412,10100,10708,100.47
coder,15341,13028,14534,130.92
coder,17714,13411,15500,142.45
designer,16531,11613,12755,88.38
coder,15621,11041,12322,101.47
profiler,8250,3250,3446,33.55
designer,14886,5837,7098,52.52
profiler,8719,2747,2970,33.97
feature_extractor,3890,10388,10865,95.44
feature_extractor,3809,9339,9979,87.95
sketch,5520,3670,4920,39.32
designer,16139,2072,3265,21.22
coder,15051,9976,11324,99.06
sketch,5598,11498,12698,94.06
designer,17726,8269,9450,82.28
sketch,5647,14013,14999,118.92
coder,15205,3176,4543,30.13
feature_extractor,3751,9378,9827,89.37
coder,15860,19542,21879,205.06
feature_extractor,3907,9997,10419,95.84
designer,16081,5651,6857,48.67
coder,15434,24205,25696,233.09
feature_extractor,5690,10043,10763,87.14
feature_extractor,5545,9281,9686,91.98
designer,17743,1002,2345,17.10
coder,15179,6772,8145,67.33
feature_extractor,5741,12615,13069,121.81
feature_extractor,3764,5994,6371,59.22
feature_extractor,4056,6657,7091,62.70
designer,13597,5490,6310,47.12
coder,17630,11979,13989,119.93
coder,15393,8934,10471,91.61
coder,12683,6666,8439,61.87
feature_extractor,3367,3979,4383,37.63
coder,18269,7410,9659,75.33
coder,12314,6139,7938,63.55
coder,18053,8810,11005,91.01
coder,17587,12657,14272,125.93
coder,13107,9067,10512,290.30
coder,13743,11569,13017,290.10
coder,14438,8254,10268,341.50
coder,16517,13242,15107,341.40
coder,14626,12059,13824,361.58
coder,13183,12160,13858,361.68
coder,16522,2229,3749,30.49
coder,17434,4122,6374,49.79
coder,16069,9398,11105,102.07
coder,18356,14037,16209,265.52
coder,17806,17220,18800,231.59
coder,17511,17900,19828,224.01
coder,16131,23266,25362,244.22
profiler,3801,1216,1412,249.36
profiler,5030,2247,2479,21.87
coder,15454,4625,6067,47.26
coder,15971,8334,10158,77.32
profiler,4418,3999,4151,42.61
coder,14779,6031,7675,97.51
coder,17612,2924,4867,37.48
coder,19209,10027,12051,90.79
coder,15837,3131,4591,36.48
profiler,6021,10669,10820,96.32
profiler,5134,3291,3459,34.50
coder,14929,3865,5439,46.38
coder,16096,10629,12671,95.89
coder,16382,5496,7487,63.55
coder,17226,8534,10466,90.66
sketch,5218,7141,8178,59.06
sketch,5307,7717,8710,61.56
coder,15236,5569,7092,60.87
sketch,5322,11036,12063,87.53
coder,15494,19272,20790,188.53
profiler,4143,2557,2708,26.73
coder,15505,8939,10345,95.32
coder,18231,11034,13068,105.42
coder,15177,5528,7047,62.87
coder,16235,10878,12935,87.66
feature_extractor,5243,9525,10124,83.97
feature_extractor,5210,11585,12139,106.66
feature_extractor,5310,12745,13157,112.48
coder,17060,9601,11115,88.95
coder,15914,9027,10578,87.36
profiler,5581,5079,5232,47.62
coder,15847,9621,11415,111.13
coder,18076,3355,5301,37.52
designer,14528,11281,12454,93.30
profiler,3587,3909,4106,39.15
profiler,5744,1031,1225,11.77
sketch,4884,4936,5703,43.39
feature_extractor,3752,13066,13496,122.10
sketch,5044,7988,9255,73.02
coder,18418,10304,12395,102.95
coder,17996,14374,16323,138.41
feature_extractor,4614,4812,5226,45.29
designer,15724,8829,10003,81.95
feature_extractor,5264,10464,11094,93.31
sketch,5095,5797,6654,50.44
coder,19648,8728,11115,81.52
feature_extractor,3753,7566,8151,68.61
sketch,5284,13461,14410,107.56
designer,15725,6603,7780,65.19
coder,19810,8747,10975,80.86
feature_extractor,5189,9665,10187,83.31
feature_extractor,4892,9471,9806,87.68
designer,13706,3283,4333,34.15
feature_extractor,3758,9514,10101,88.11
profiler,7763,2447,2612,27.63
sketch,5919,8203,9178,66.79
coder,12065,9704,11235,95.33
sketch,5640,9786,10936,86.98
feature_extractor,3651,12203,12669,117.55
sketch,5868,11916,12937,88.67
coder,12065,13019,14601,115.35
coder,12187,13923,15742,127.70
profiler,3560,2523,2665,23.90
coder,15293,5410,6961,57.34
feature_extractor,5731,7231,7737,70.56
coder,15218,4608,6487,45.39
profiler,3603,6643,6785,69.63
coder,16829,5989,7778,62.57
coder,14312,17979,19623,160.89
feature_extractor,5827,17812,18205,160.28
feature_extractor,5846,18639,19178,171.23
coder,15008,7639,9380,72.88
coder,14312,20011,21894,177.88
designer,15655,1841,3200,26.67
profiler,6477,5824,6031,57.99
feature_extractor,4069,13937,14358,128.86
profiler,5873,4611,4821,42.51
coder,19352,6963,8679,72.34
coder,18037,7418,9276,72.59
designer,17029,1339,2671,20.95
sketch,5108,10897,11903,83.16
sketch,5234,12858,13863,95.53
sketch,5066,17395,18465,132.60
feature_extractor,4038,13633,14120,118.94
designer,16998,445,1778,12.44
profiler,3771,3166,3302,32.38
feature_extractor,5077,4818,5286,41.97
feature_extractor,5197,9960,10347,82.58
feature_extractor,5067,9441,9906,83.14
feature_extractor,4046,10147,10553,89.67
coder,13236,7156,9254,72.79
coder,16030,11524,13580,149.45
coder,17263,16570,18706,151.66
coder,17074,5613,7542,59.85
coder,17163,5193,7438,54.11
coder,19104,6157,8425,64.56
coder,20269,6045,8227,64.15
coder,17142,3971,5652,43.35
coder,16309,2312,4459,30.50
profiler,4386,4976,5102,47.17
coder,17838,5133,7447,53.71
coder,20628,5266,6952,53.80
coder,17749,8342,10454,84.57
profiler,4450,4394,4588,41.59
coder,17118,7399,9168,78.22
profiler,4275,2512,2699,25.14
sketch,5884,9255,10171,70.30
sketch,5950,9441,10460,71.69
coder,19620,8114,9856,77.89
sketch,5773,19361,20449,119.97
coder,18666,6301,8021,67.27
feature_extractor,5757,9052,9447,85.22
feature_extractor,5908,10387,10961,91.43
feature_extractor,5801,12481,12905,114.54
designer,16704,5979,7101,46.44
profiler,3763,4464,4644,45.45
feature_extractor,3843,9740,10156,92.59
sketch,5351,10002,10829,77.81
sketch,5277,14048,14837,97.62
designer,17852,6471,7697,55.57
sketch,5267,20342,21354,149.33
feature_extractor,5212,7886,8242,71.27
feature_extractor,5128,9613,10375,83.95
feature_extractor,5044,10174,10530,91.59
feature_extractor,3940,18049,18859,149.00
designer,13445,6481,7561,60.31
designer,17949,4149,5347,36.95
feature_extractor,3694,9164,9534,80.58
feature_extractor,3915,9830,10238,89.50
coder,13378,6203,8064,64.12
coder,12612,9209,11258,92.42
coder,15509,9658,11669,92.92
coder,12612,15875,17909,150.14
coder,16401,8090,9822,78.53
coder,14242,10791,12739,132.46
coder,15899,11931,14281,132.92
profiler,8202,1253,1459,13.22
profiler,4168,1860,2042,18.90
coder,17348,4067,6009,44.27
coder,16507,6223,8118,66.98
coder,16271,5313,7335,57.63
coder,20187,6222,8584,69.75
coder,16386,2638,4794,35.55
coder,15578,6323,8161,62.60
coder,15680,8477,10808,80.81
coder,16361,11799,13749,109.32
profiler,5584,3346,3490,30.68
profiler,7861,1650,1820,16.29
coder,15562,9732,11697,99.14
sketch,5671,6501,7633,55.90
coder,17735,12774,14708,107.19
sketch,5964,10800,11755,81.82
sketch,5816,12125,13082,97.09
coder,15683,7423,9526,74.60
feature_extractor,5743,7166,7844,65.63
coder,16606,3856,5747,45.33
coder,16810,10879,12566,100.52
feature_extractor,5716,13330,13876,123.38
feature_extractor,5860,15803,16297,144.94
designer,16611,2930,4021,28.99
coder,15377,11840,13629,114.40
feature_extractor,3813,10450,10894,93.00
coder,16376,17388,17861,166.36
designer,17729,2527,3609,26.64
coder,16428,5300,7197,57.42
coder,14301,8851,10500,78.48
feature_extractor,3803,10519,10899,97.38
coder,16412,3868,5553,45.78
designer,17719,1812,2894,18.83
coder,15571,9683,11667,99.12
feature_extractor,3803,13627,14067,119.48
coder,16602,6376,8343,66.86
coder,16648,11305,13067,107.13
coder,14798,9609,11555,84.58
coder,12610,9403,11253,91.10
sketch,5580,9587,10546,75.57
coder,16520,6166,8147,58.65
coder,13505,24193,26531,180.39
profiler,6163,3368,3543,36.82
feature_extractor,5498,11006,11433,101.55
designer,14117,1875,2996,19.27
profiler,5467,4022,4217,39.31
coder,18187,7442,9808,69.54
profiler,4495,3559,3754,40.06
feature_extractor,3749,19727,20366,171.38
sketch,5527,16728,17781,117.50
sketch,5647,15194,16247,122.48
sketch,6009,17146,18163,133.62
coder,18353,10805,12904,102.52
coder,13846,15439,17204,132.45
coder,14857,17433,19629,154.16
feature_extractor,5640,8452,8865,76.43
feature_extractor,5517,10069,10427,91.58
coder,15731,3876,5679,46.27
feature_extractor,5948,11322,11718,106.05
designer,16487,367,1491,10.21
coder,20964,5771,7743,65.49
coder,18022,14487,16434,129.77
coder,17892,12513,14337,105.16
feature_extractor,3848,14724,15156,136.07
designer,17640,4899,6086,51.96
coder,17196,18031,19870,163.24
coder,16052,15235,17286,153.00
feature_extractor,3881,9676,10078,93.67
profiler,7281,7304,7503,67.27
designer,17673,4940,6142,53.44
coder,18198,11227,13369,101.73
coder,20157,13961,15879,131.14
feature_extractor,3896,8777,9211,82.87
profiler,4168,2505,2638,25.65
coder,13217,10425,12734,95.41
coder,13217,14275,17000,133.30
coder,16599,1273,3397,23.70
coder,12236,17474,19680,161.54
coder,15882,2910,5299,40.02
coder,17868,15542,17695,147.75
coder,15913,11620,13752,117.20
coder,15496,18706,21041,141.03
coder,15867,7634,10209,78.54
coder,17929,8642,10820,83.31
profiler,5618,1570,1746,29.50
profiler,5799,3394,3505,32.43
coder,15692,5401,7471,59.71
coder,17540,7677,9763,81.64
coder,15945,14677,16800,146.23
coder,16236,25218,27473,250.75
coder,22748,12856,14728,111.71
coder,15508,5606,7755,53.18
coder,16009,9496,11350,90.17
coder,15948,8308,10626,84.68
sketch,5672,12049,12976,88.65
sketch,5385,15030,16004,103.99
profiler,4443,4564,4687,48.00
feature_extractor,5556,8813,9381,84.85
sketch,5944,4983,6082,46.68
feature_extractor,5314,11275,11608,107.22
designer,14137,2368,3542,24.42
sketch,5992,14165,15141,105.23
sketch,5794,18472,19445,140.82
feature_extractor,3769,11451,11837,105.31
feature_extractor,5908,10681,11146,97.48
feature_extractor,5705,12904,13356,116.31
feature_extractor,5978,13272,13683,118.12
coder,13274,10713,12544,99.13
coder,14154,13529,15383,118.46
coder,15409,6271,8230,61.66
coder,13518,21459,23456,191.16
coder,15975,5848,7895,67.81
coder,17192,5701,7729,63.95
coder,17029,6901,8965,78.48
coder,17357,15819,17942,197.84
profiler,7546,2778,2996,29.70
profiler,4110,4658,4825,44.25
coder,16982,8616,10697,82.05
profiler,4104,4329,4462,45.21
sketch,5608,12515,13533,104.61
sketch,5614,15889,16817,111.37
sketch,5587,15699,16713,123.25
feature_extractor,5508,6071,6488,59.24
feature_extractor,5557,6796,7167,65.62
feature_extractor,5554,8653,9017,87.39
designer,15267,14353,15871,137.32
feature_extractor,4088,12814,13287,114.69
coder,13330,10830,12869,120.95
coder,13169,15209,17083,143.12
coder,18271,14170,16088,150.81
coder,19088,7859,10316,84.10
coder,15021,8054,9965,88.60
coder,17343,14039,16021,117.53
coder,16467,6072,8100,67.17
coder,18793,14332,16512,146.92
coder,16204,10275,12327,110.10
coder,15941,24247,26393,238.99
coder,16771,6557,8622,71.41
coder,16772,15491,17562,134.55
coder,16316,18058,20017,180.56
profiler,5464,1381,1552,15.83
profiler,5438,3634,3800,38.88
coder,16330,12200,14272,119.65
coder,19475,19609,21761,208.90
coder,19000,10335,12477,103.21
coder,18606,8136,10282,76.54
coder,16568,10080,12171,101.17
coder,16169,7702,9773,81.58
sketch,5626,5262,6379,52.07
sketch,5615,7778,8848,63.59
feature_extractor,5626,4951,5385,46.80
feature_extractor,5638,16913,17249,158.55
designer,15390,16717,18198,123.10
feature_extractor,4033,12199,12609,116.46
coder,15675,9296,12060,91.96
coder,15675,9987,12410,95.89
coder,15039,14262,16575,127.87
coder,19444,3786,6378,47.50
coder,19594,9784,12221,90.40
coder,19587,7205,9869,79.96
coder,18588,7686,12155,101.90
coder,16392,6602,9091,72.00
coder,16258,4556,6916,42.55
coder,18714,5197,8178,58.82
coder,21372,9588,12111,95.46
coder,20400,8131,10599,88.68
coder,17565,10022,12723,91.40
coder,17111,189,2918,15.24
coder,16923,9509,11986,90.74
coder,16976,16327,18934,168.97
coder,18844,9211,12391,85.49
profiler,7246,2093,2276,21.81
coder,17971,15935,18480,155.82
coder,17552,11050,14268,101.85
coder,17697,4955,8214,64.42
coder,17591,15013,17552,154.90
coder,17983,2153,5417,37.20
coder,17025,14524,16980,142.52
coder,17084,6892,9265,74.22
sketch,6111,15036,16030,114.74
feature_extractor,6063,9018,9406,85.15
designer,15863,6888,8069,68.65
feature_extractor,3797,9691,10032,92.34
coder,10975,7572,9410,74.68
coder,12377,12093,14026,114.19
coder,13020,12720,14630,114.03
coder,14444,3871,5696,44.79
coder,13875,4175,6127,51.81
coder,14071,5538,7396,57.28
coder,15803,5558,7287,61.61
coder,15732,2605,4503,33.71
coder,15237,7171,8741,74.59
coder,15417,15890,17850,152.82
coder,16677,5328,6954,54.98
coder,15563,11242,13270,110.38
coder,14056,9087,11056,92.53
coder,16782,4853,6645,52.41
coder,15299,8623,10470,73.12
coder,14781,3899,5686,47.18
coder,16005,6167,8040,63.09
coder,16483,7878,9686,78.53
coder,16740,5829,7618,59.48
coder,16022,8142,9969,85.48
coder,13981,18374,20158,176.95
coder,15202,4398,6394,58.32
coder,15142,13957,15690,132.66
coder,14121,8009,9937,88.72
coder,17737,8055,10402,85.81
coder,16375,6667,8474,67.84
profiler,5306,2028,2140,21.22
coder,14443,3270,5545,41.72
sketch,5489,8558,9538,70.18
feature_extractor,5438,11592,12074,106.25
designer,16078,2935,4080,27.13
feature_extractor,3775,20587,21438,186.66
coder,16320,9208,11360,94.17
coder,16701,14562,16244,117.16
coder,18885,3604,5754,44.48
coder,14799,17701,19953,168.72
coder,16532,4927,6518,52.51
coder,16918,5747,7689,53.33
coder,17153,5119,7282,57.10
coder,17386,2087,3823,29.27
coder,15992,12443,14373,116.63
coder,17959,11132,13411,110.17
coder,16226,13258,15054,132.94
coder,19659,5072,7154,57.44
coder,17192,13951,16273,123.48
coder,17610,5541,7645,58.71
coder,16732,13081,14943,119.48
coder,17965,9365,11507,88.99
coder,16439,5440,7270,55.02
coder,17183,7441,9584,72.96
coder,16707,2598,4794,33.11
coder,17690,7879,9764,72.38
coder,17006,10048,12058,99.97
coder,20114,10824,12817,107.77
coder,16761,6097,7913,53.87
coder,16268,9767,12061,95.25
coder,17507,5011,7102,53.99
coder,16771,10077,11892,87.06
coder,17201,6302,8514,70.72
coder,20132,6651,8717,70.17
coder,17777,11440,13351,98.57
coder,16755,9579,11609,83.43
designer,3744,10136,12042,99.25
designer,3680,12638,13662,107.29
designer,3575,15138,15706,122.57
designer,3648,17405,18602,151.06
feature_extractor,3177,3825,4155,35.77
feature_extractor,3805,4402,4954,41.75
feature_extractor,3678,9683,10295,90.42
coder,11565,3931,5064,40.33
coder,11618,6817,7850,60.44
feature_extractor,4588,14166,14932,123.12
profiler,4454,1474,1591,15.13
coder,11206,12263,13308,104.04
coder,14095,5513,9102,68.87
coder,12476,1672,2719,21.12
profiler,4374,3890,4082,38.45
coder,12339,13167,17450,135.72
coder,11877,17380,19374,161.30
coder,12975,16662,19791,173.57
profiler,4370,5736,5946,52.60
coder,14557,13284,16805,151.90
coder,12858,22962,24996,192.65
sketch,4582,1670,2308,18.17
coder,13459,18747,22289,172.73
sketch,4574,2237,2914,22.63
coder,12371,21472,22822,206.62
coder,19963,298,3509,18.72
sketch,4684,5157,5755,46.06
coder,12975,22803,26172,225.44
coder,16430,4109,6464,52.67
feature_extractor,4183,3447,3781,30.88
feature_extractor,4197,4518,4878,43.88
feature_extractor,4253,5814,6191,55.21
designer,7287,2597,3266,22.12
coder,16369,10165,13369,126.49
coder,18076,9143,13122,160.70
coder,19409,9373,13274,213.97
coder,15206,13715,15697,136.22
feature_extractor,3269,4252,4611,41.75
coder,12563,4476,5598,45.91
coder,18197,4397,7025,60.41
profiler,9340,2816,2975,27.80
coder,16287,6706,9889,81.98
coder,12640,9570,10766,86.03
coder,15452,12429,14529,124.48
coder,17883,11749,15502,119.63
profiler,3129,982,1158,11.79
coder,18396,8598,12504,113.08
coder,11927,12535,14064,108.15
coder,16802,12344,14600,123.74
coder,16855,11858,15040,131.35
coder,14742,3300,4490,34.27
profiler,4830,1099,1265,11.85
profiler,5392,10654,10958,105.12
coder,18618,8901,11452,94.87
coder,19733,3925,7634,58.37
coder,15261,8139,10215,85.73
coder,16226,13397,16486,143.21
coder,13917,7569,8687,76.33
coder,16170,7476,9953,110.57
coder,20196,13136,17450,144.46
coder,20049,6731,10749,443.18
coder,16004,9301,12395,560.52
profiler,8428,385,548,11.13
profiler,4429,3178,3348,31.37
coder,19718,3358,7453,54.80
profiler,4559,3393,3555,37.39
sketch,5043,2467,3228,24.28
profiler,8455,2277,2433,23.33
coder,15348,10033,11978,97.73
sketch,4655,10559,11247,78.26
coder,17131,13186,16764,126.88
sketch,4645,14274,14922,99.07
coder,18944,12697,17193,135.60
feature_extractor,4299,2783,3169,27.17
feature_extractor,4763,4791,5181,43.31
feature_extractor,4258,5558,5921,49.04
designer,7906,3574,4348,34.13
feature_extractor,3367,3083,3435,30.70
coder,15856,2920,3979,30.00
coder,11169,4970,6209,50.76
coder,16699,5887,6883,66.46
coder,19495,7489,11527,86.81
coder,15661,7981,10271,86.87
coder,19806,10016,13746,105.14
coder,13487,3325,4298,31.84
coder,17677,15005,18604,157.20
profiler,5787,6942,7121,194.85
profiler,6789,3027,3158,149.57
profiler,4331,2240,2468,22.90
profiler,9824,4717,4930,50.37
sketch,4530,4891,5571,39.97
sketch,4778,5699,6441,43.61
coder,19610,13168,17022,123.60
coder,16155,14666,16559,146.40
coder,17663,18281,21804,183.31
sketch,4615,20647,21366,127.08
feature_extractor,4297,1413,1782,14.00
feature_extractor,4174,3070,3468,28.44
feature_extractor,4470,4892,5256,41.86
coder,16941,5686,9201,52.87
coder,19495,10081,14247,113.17
designer,7424,3156,3988,24.14
coder,15861,8522,10766,89.26
feature_extractor,3426,3303,3656,30.81
coder,11178,4813,5925,44.99
coder,11178,5779,6719,50.47
coder,19391,7519,11502,81.19
coder,11814,8020,9019,76.75
coder,15492,7362,9668,82.88
profiler,4446,4055,4199,54.62
profiler,4288,1747,1894,19.04
coder,15518,8201,10436,85.05
profiler,4358,2124,2263,19.84
coder,17557,23634,27151,224.06
profiler,9799,7460,7627,71.46
sketch,4650,4224,4945,36.25
sketch,4566,4558,5211,36.60
coder,16023,2689,4893,35.09
sketch,4492,6147,6824,53.15
feature_extractor,4126,3782,4155,33.35
feature_extractor,4318,4322,4647,36.06
feature_extractor,4170,4571,4974,42.88
profiler,6427,1702,1870,16.73
sketch,7557,8301,10435,76.99
designer,7465,2320,3082,18.83
feature_extractor,3351,4138,4514,37.73
sketch,7528,17988,20563,129.75
coder,17612,13754,17304,131.16
sketch,6201,19788,21426,152.47
coder,11739,4085,5304,41.42
coder,11739,5718,6762,55.74
sketch,5573,14425,15632,114.29
coder,12722,9543,10825,78.10
feature_extractor,6746,5845,6233,56.64
sketch,6059,20812,22049,145.36
coder,13302,2782,3966,38.47
feature_extractor,8861,9700,10209,90.28
sketch,5776,28440,29704,176.45
profiler,5770,3376,3529,32.09
feature_extractor,8575,14384,15192,118.04
profiler,4516,1877,2008,20.00
coder,13990,5418,6693,48.93
sketch,7487,20940,23824,152.54
sketch,6601,19096,21656,152.95
feature_extractor,6222,6120,6625,54.56
feature_extractor,5934,6810,7451,60.25
feature_extractor,5717,10505,11128,91.89
designer,28055,7196,9665,76.22
profiler,4575,2093,2278,21.16
designer,17521,2696,3963,32.04
feature_extractor,7973,10804,11376,95.44
sketch,4722,5554,6256,44.11
sketch,4598,5910,6575,47.78
sketch,4779,7955,8650,62.27
feature_extractor,9248,16721,17266,139.05
feature_extractor,4217,2269,2657,20.90
feature_extractor,4392,3643,4052,32.58
feature_extractor,3877,10350,10905,89.61
feature_extractor,5141,13548,14177,120.09
feature_extractor,4439,6408,6803,55.37
designer,7641,2797,3590,22.62
designer,27760,12325,15221,81.91
feature_extractor,3389,3993,4359,36.05
coder,11948,8510,10577,78.79
coder,12929,15339,17438,115.96
coder,14647,13220,16688,127.43
profiler,4153,2816,3041,28.63
coder,14679,14430,18214,133.19
coder,12929,15874,17857,137.10
coder,12430,7222,8488,66.72
coder,12430,7987,9115,76.00
coder,12430,7851,9233,75.91
profiler,4202,3185,3347,33.60
feature_extractor,5516,15530,16633,127.72
coder,18804,3564,6858,51.15
profiler,4073,1961,2130,21.44
coder,18313,3400,7178,47.17
coder,14017,2514,3763,30.91
coder,14648,24867,28258,205.73
coder,13205,3204,4417,36.81
coder,14612,6783,7909,57.80
coder,12239,5095,6146,46.96
sketch,5702,7727,8887,70.91
profiler,9611,3003,3150,28.74
coder,15463,11887,15778,103.30
profiler,6755,3258,3410,35.95
coder,15405,15440,19078,130.58
sketch,5573,16375,17701,125.03
coder,19091,10564,15071,113.34
sketch,5656,15843,17174,137.20
coder,14014,5786,6917,56.35
coder,18882,13325,16894,120.45
coder,16614,19015,22921,168.30
coder,20030,5946,9842,65.85
profiler,6597,6053,6238,63.15
coder,20078,3776,7403,56.37
coder,12278,4605,5736,43.72
profiler,9368,1036,1239,12.06
feature_extractor,5825,9162,9808,76.77
coder,19278,7315,10906,89.42
feature_extractor,5871,10305,10787,95.82
coder,19160,7101,10965,73.00
feature_extractor,5800,12870,13428,115.85
profiler,9237,3807,4005,35.27
coder,13815,3307,4405,29.50
designer,16688,3562,5317,33.24
coder,19849,11916,15672,104.63
profiler,4436,1014,1162,12.78
profiler,9450,6980,7125,73.80
sketch,4635,4039,4748,33.86
profiler,9117,2725,2859,25.38
sketch,4745,7513,8150,54.35
coder,20110,14231,18254,123.56
sketch,4587,8646,9369,65.09
feature_extractor,4307,2321,2712,21.95
feature_extractor,4267,3513,3893,32.30
feature_extractor,4349,3644,4015,32.23
feature_extractor,4323,16029,16619,136.35
designer,7349,1521,2173,13.95
coder,20227,4232,8262,51.27
feature_extractor,3240,3028,3417,27.18
sketch,7337,14621,16616,108.51
sketch,7170,16079,18372,128.01
sketch,7108,19051,21270,134.80
coder,12610,3180,4201,33.46
coder,12432,8850,10868,79.69
coder,20259,4610,8653,60.03
coder,12280,5699,6745,52.87
coder,16671,14370,16796,126.90
coder,11644,11399,12829,95.27
feature_extractor,8315,9356,10187,86.43
feature_extractor,8108,10719,11226,90.67
profiler,3058,3982,4170,52.75
coder,15373,15038,16779,158.36
profiler,4096,4059,4183,40.50
feature_extractor,8196,10856,11423,97.21
profiler,9394,2940,3105,30.28
profiler,4462,4624,4854,45.69
coder,14087,4196,5342,38.77
coder,16201,3767,6312,44.68
profiler,4498,2444,2622,24.91
designer,25454,14601,17128,99.49
coder,15877,10079,11956,92.60
sketch,4697,2010,2674,19.93
sketch,7552,13148,16280,102.46
sketch,4570,5696,6416,48.86
coder,16268,8949,11486,84.23
sketch,7384,18769,21580,141.83
sketch,4599,10293,10972,75.05
sketch,7258,21387,24400,161.74
coder,15222,6810,8737,67.24
feature_extractor,4330,3328,3700,30.49
feature_extractor,4239,3715,4050,34.56
profiler,4599,3357,3547,33.06
feature_extractor,4224,6646,7057,59.46
feature_extractor,5105,16225,16996,133.93
profiler,5316,1250,1434,15.55
designer,7500,586,1353,10.36
feature_extractor,3359,3995,4332,35.16
sketch,5593,5198,6289,49.06
feature_extractor,9554,12668,13200,111.11
feature_extractor,9034,14614,15220,126.84
feature_extractor,9049,15656,16178,132.39
sketch,5520,12006,13200,88.90
sketch,6114,13215,14539,96.04
coder,11747,6796,7730,62.32
designer,30212,7114,10236,65.79
coder,14494,13117,16994,148.10
coder,17035,17208,20621,150.01
coder,12400,12111,13442,113.72
coder,13191,17469,21273,161.28
coder,12400,13862,15041,117.67
profiler,6492,2536,2697,28.86
feature_extractor,5638,10238,10792,90.86
coder,18354,3339,6791,45.07
feature_extractor,5623,12927,13440,112.20
feature_extractor,6336,13547,14187,115.84
coder,17573,4560,8005,54.41
profiler,10325,1879,2028,17.54
coder,14879,4765,6100,45.80
coder,13773,4242,5323,41.01
designer,17388,2720,3980,28.53
feature_extractor,5713,16421,17415,137.25
profiler,4659,3770,3960,35.13
coder,22073,6755,10252,75.20
profiler,4435,2309,2432,23.07
feature_extractor,3881,10325,10830,93.60
sketch,4638,4186,4881,34.24
coder,18695,15313,18664,126.09
profiler,9329,859,1001,11.29
sketch,4488,5816,6488,46.70
coder,15087,8441,12138,83.46
sketch,4858,9764,10507,68.82
feature_extractor,4113,2467,2830,22.94
feature_extractor,4298,4371,4772,38.69
coder,13202,9481,11529,87.31
feature_extractor,4571,5451,5817,49.62
profiler,9225,3414,3623,36.02
coder,14374,17798,21770,153.49
designer,7702,576,1459,10.46
coder,12221,12078,14457,107.71
sketch,7411,782,3050,20.80
profiler,9097,3022,3187,29.94
coder,15010,23604,27316,179.78
feature_extractor,3456,4725,5084,42.50
profiler,4134,2175,2330,24.20
coder,19178,2558,6553,38.53
coder,15214,18503,20585,164.33
coder,15596,7103,9226,64.85
coder,19663,5622,9440,65.67
coder,10878,6067,7274,58.23
coder,19969,2691,6688,45.07
coder,11861,8286,9318,75.27
sketch,7067,22473,24205,150.88
profiler,5498,3402,3538,49.01
coder,12827,8363,9732,114.82
sketch,6968,22560,24865,174.29
profiler,4191,1603,1746,17.28
profiler,9159,4309,4468,40.06
coder,14069,5119,6285,42.29
sketch,5634,3762,4965,35.40
coder,14178,1830,3182,22.74
sketch,5682,9113,10436,72.77
feature_extractor,8547,9807,10404,87.84
profiler,4370,5308,5458,48.68
profiler,10039,7074,7226,75.74
feature_extractor,8155,11393,12015,100.66
feature_extractor,7741,12173,13078,110.55
sketch,5706,13355,14599,102.72
profiler,4499,2943,3104,29.55
sketch,7508,4344,6976,42.29
profiler,4677,1432,1630,16.22
sketch,7311,10405,13301,87.14
feature_extractor,5736,8086,8595,77.66
feature_extractor,5891,8946,9620,77.84
designer,25872,9033,11567,83.68
sketch,4705,6969,7632,50.93
feature_extractor,5899,9992,10678,89.75
sketch,7258,14072,16547,106.38
sketch,4881,7457,8096,56.52
sketch,4569,12289,12979,83.52
designer,17168,4088,5368,32.90
feature_extractor,4222,3185,3571,29.26
feature_extractor,4485,3718,4104,34.03
feature_extractor,4331,4151,4522,37.31
feature_extractor,9048,9063,9683,82.46
designer,7786,1644,2501,16.21
feature_extractor,9016,12028,12681,104.26
feature_extractor,5214,13183,13873,113.68
feature_extractor,3453,3571,3942,33.92
feature_extractor,3893,11399,12211,98.38
feature_extractor,8610,17552,18640,152.13
coder,13590,3144,4599,36.93
coder,13941,7787,9049,65.63
coder,14445,6885,8011,68.82
designer,29548,2551,5674,37.10
coder,14584,6490,8673,64.94
coder,14929,6556,8986,68.19
coder,14648,12141,16477,118.45
coder,14929,9960,11858,95.94
coder,14648,13762,17368,133.67
profiler,4766,6193,6365,61.02
coder,20623,6445,7840,59.82
coder,14012,17366,21144,154.33
coder,17772,2626,4893,34.02
profiler,4445,4143,4330,55.79
profiler,4258,3240,3367,45.45
profiler,9457,996,1155,12.73
coder,15733,6531,8496,59.10
feature_extractor,5689,14578,15072,119.24
coder,19190,9010,12828,84.37
profiler,9603,2511,2666,32.86
profiler,5645,5764,5922,54.70
profiler,4711,5565,5742,58.14
profiler,4061,4021,4209,38.50
coder,15412,13075,17325,123.56
coder,15412,14477,18008,130.42
profiler,9646,3382,3542,35.06
sketch,4910,2556,3252,25.85
sketch,5561,3323,4604,31.26
sketch,5760,8014,9067,68.24
sketch,4972,9763,10451,73.65
sketch,4648,11299,12027,83.42
coder,19768,5254,8906,48.72
coder,20524,4294,8554,59.65
coder,15412,23394,27600,203.26
feature_extractor,4567,2730,3103,25.43
sketch,7341,10995,13374,88.10
sketch,5839,14987,16099,106.79
sketch,7196,10981,13448,96.51
feature_extractor,4619,4084,4467,38.57
feature_extractor,4354,5819,6209,47.74
sketch,7388,18660,21001,133.85
profiler,9025,4393,4572,43.39
feature_extractor,5771,7169,7690,62.43
feature_extractor,5776,10602,11084,101.16
feature_extractor,5887,13717,14223,123.35
feature_extractor,8542,9063,9477,85.75
feature_extractor,8451,11648,12364,103.66
feature_extractor,8572,16036,16630,139.81
profiler,10204,4396,4553,40.66
designer,16686,11758,13131,82.39
coder,20514,10999,15228,97.45
designer,26794,5769,8503,56.81
coder,20526,3465,7707,51.60
feature_extractor,3995,9461,9938,85.72
profiler,9574,2406,2568,23.29
feature_extractor,5314,15159,15850,137.66
coder,13393,9690,11718,90.50
coder,18208,12276,14292,109.35
profiler,5399,1728,1945,17.65
sketch,7673,12075,14624,106.25
sketch,7735,14680,17016,107.85
coder,15589,19936,21752,160.18
coder,16977,7903,11791,83.35
profiler,4113,2669,2806,25.99
sketch,7183,19592,22910,130.35
coder,16386,11567,14872,113.95
profiler,6029,1305,1459,13.31
coder,15210,13560,16023,129.47
feature_extractor,8998,9168,9791,79.83
coder,19073,4997,8509,58.22
profiler,9672,5708,5883,62.83
feature_extractor,9217,14662,15473,127.51
sketch,5613,10455,11622,92.40
sketch,5603,11061,11918,94.77
coder,20123,10888,14565,99.78
profiler,9351,2766,2985,32.85
feature_extractor,8944,19445,19994,173.32
sketch,5408,19509,20726,148.37
feature_extractor,5419,6519,7131,62.07
feature_extractor,5729,7847,8421,68.76
profiler,10208,5694,5871,61.54
sketch,7414,1766,3841,25.11
designer,28287,18049,21295,141.78
feature_extractor,5522,15428,16117,139.64
designer,16548,4161,5377,40.85
sketch,7095,16325,18525,126.98
feature_extractor,5800,10095,10761,94.66
sketch,7247,22075,24296,178.64
feature_extractor,3832,8577,9123,85.08
coder,19989,11317,15172,112.09
feature_extractor,8165,9679,10382,92.01
feature_extractor,8315,11737,12452,101.93
coder,12885,9410,11690,91.47
coder,15017,10988,12866,104.61
coder,14523,12080,14009,114.64
coder,18807,1404,3778,26.74
coder,24740,4166,7995,58.66
coder,17370,20533,24278,191.55
feature_extractor,8323,19596,20327,172.01
profiler,5332,5568,5804,57.37
coder,19374,5983,7840,63.79
coder,17638,37982,41441,254.34
profiler,7124,2309,2452,23.45
designer,25306,6026,8578,59.40
coder,21957,3412,7207,51.45
coder,25461,6073,9896,80.11
coder,21898,6415,9861,63.33
profiler,5308,4744,4871,48.31
coder,18812,2810,6536,45.40
profiler,9812,3599,3779,38.53
feature_extractor,5204,12780,13525,122.85
coder,21706,4861,8307,57.06
profiler,9864,1779,1975,18.74
sketch,5958,11786,12871,100.70
sketch,5477,15678,16857,117.65
profiler,9526,4868,5072,46.67
coder,16206,9234,13273,104.92
sketch,5471,21234,22272,151.25
coder,13535,12884,16503,124.58
coder,19455,1675,5447,36.02
feature_extractor,5463,7098,7714,69.27
coder,21589,4687,8377,65.42
feature_extractor,5561,7595,8306,74.16
sketch,7273,11801,14490,97.60
coder,14710,20670,24415,188.66
sketch,7249,14634,17509,108.16
feature_extractor,5984,10843,11348,102.00
sketch,6998,16846,20169,136.69
designer,16882,3232,4412,33.84
profiler,9608,5678,5853,56.87
profiler,10335,1837,2010,18.95
profiler,9499,6365,6568,70.75
feature_extractor,8994,10859,11916,103.02
feature_extractor,9165,11275,11879,105.49
feature_extractor,3800,9661,10234,89.81
feature_extractor,8726,15141,15818,135.29
coder,13243,6945,8993,73.60
sketch,7380,11361,13589,101.54
designer,29728,8606,12370,83.92
sketch,7244,19100,21998,151.52
coder,15205,6210,8075,60.92
sketch,7342,21741,24012,163.52
coder,14985,19215,21063,170.51
coder,13347,17005,19300,173.42
profiler,3962,1063,1232,12.70
feature_extractor,8459,9878,10412,96.24
profiler,3958,5319,5471,54.71
coder,19558,5121,7290,59.11
feature_extractor,8874,12263,12751,119.74
feature_extractor,8468,14865,15584,134.63
feature_extractor,6314,20172,21125,172.58
designer,26373,698,3008,19.29
profiler,5577,1028,1171,11.34
sketch,5758,5679,6954,52.60
sketch,5462,9921,11041,90.92
coder,15805,11253,15160,112.21
coder,18638,12819,17250,124.38
sketch,5456,15005,16333,122.01
coder,17896,14100,18277,142.12
feature_extractor,4973,14105,14707,133.25
coder,19218,1078,4985,28.93
coder,19638,1318,5341,32.07
coder,23438,3065,7463,56.57
feature_extractor,5498,6855,7376,64.96
profiler,9362,1904,2049,19.94
feature_extractor,5660,10415,11089,93.00
feature_extractor,5944,12021,12528,110.21
profiler,10137,1859,2000,19.41
coder,20162,3290,7700,50.85
designer,16955,4842,6110,42.33
coder,13426,16066,19092,146.21
coder,14017,16674,20024,152.36
profiler,10500,2669,2836,30.63
profiler,9259,1036,1205,13.14
feature_extractor,3884,10908,11434,101.60
sketch,7524,14570,17120,109.67
coder,17307,16897,19912,129.26
coder,14120,34991,38891,298.75
sketch,7892,14703,17711,124.87
coder,14380,10590,12904,111.84
sketch,7473,26970,30041,190.48
coder,12569,15785,17732,126.30
coder,13667,14853,16780,132.65
coder,17849,9552,13593,101.44
coder,15993,4493,6397,50.92
coder,16910,6785,8567,69.65
coder,17329,19150,22225,151.97
profiler,5349,3946,4134,47.10
feature_extractor,8914,11292,12040,102.95
feature_extractor,9307,12372,13090,106.32
profiler,10566,2662,2878,28.99
feature_extractor,9750,15748,16554,137.85
coder,15948,3948,6237,50.44
designer,29736,661,3678,22.82
coder,16762,7158,9249,79.67
profiler,7849,4355,4485,48.15
profiler,5500,1506,1702,18.98
feature_extractor,5533,14323,14814,129.38
sketch,5681,7729,8935,67.66
sketch,5497,11484,12752,90.18
sketch,5875,14091,15217,116.72
coder,15422,6976,11211,95.85
coder,18193,33690,36763,287.65
coder,15422,12463,15809,123.93
coder,13926,15652,19499,142.48
feature_extractor,5656,7388,7982,73.15
feature_extractor,5943,8425,8932,82.48
feature_extractor,5824,10930,11677,104.25
coder,19586,4590,7915,60.76
coder,20084,9688,13055,108.08
coder,20154,4125,7961,64.50
designer,16514,4022,5422,43.56
profiler,9652,10438,10595,113.49
coder,19243,5746,9215,77.83
sketch,7609,6124,7976,69.32
coder,18153,9997,13619,99.75
feature_extractor,4035,11652,12289,109.82
coder,19859,12013,15893,119.80
sketch,6995,13587,15752,109.00
coder,19372,6254,9746,75.49
sketch,6695,18733,20942,156.82
coder,19395,3409,6900,47.36
coder,19892,11930,15481,114.90
coder,12375,10748,12783,109.50
coder,20205,10977,14729,126.50
coder,13088,17030,19322,161.12
coder,16118,5751,7769,66.75
coder,12375,22926,25011,189.94
feature_extractor,8358,12396,12915,120.03
feature_extractor,7705,12017,12541,121.83
coder,18372,6376,10055,69.65
coder,19740,7095,10524,88.90
feature_extractor,8034,14896,15769,147.10
profiler,9132,3532,3699,47.26
coder,19679,718,4225,26.25
profiler,5462,2145,2381,24.24
designer,24593,5967,8212,64.92
coder,14774,2596,4847,39.08
profiler,4389,6601,6786,70.88
coder,15541,2713,4834,39.34
coder,18468,9602,13085,110.31
feature_extractor,4856,11001,11664,112.63
profiler,5496,959,1110,10.56
coder,18745,14716,18320,161.83
sketch,5692,6047,7238,55.76
coder,19730,5900,9535,65.55
sketch,5886,11588,12668,102.08
sketch,5625,12034,13192,105.42
coder,18449,7912,11438,101.76
coder,13681,17008,20528,183.15
feature_extractor,5672,8105,8605,84.56
coder,13187,20478,23506,189.50
feature_extractor,5920,9654,10374,93.15
feature_extractor,5826,9863,10385,103.06
profiler,10531,1210,1425,14.61
coder,14707,28126,31180,254.31
coder,18630,16393,20309,166.21
coder,19650,20424,23911,192.69
coder,17202,15231,18366,134.86
profiler,9633,4812,4963,52.03
coder,18842,8455,12354,111.83
profiler,9714,1680,1827,20.26
sketch,6671,9909,11527,93.30
sketch,6730,9931,12355,100.59
sketch,7087,26004,28148,197.54
coder,20026,21315,25419,215.13
designer,3739,8131,8838,85.85
designer,3707,7762,9369,85.94
profiler,9450,1481,1665,17.25
sketch,7291,1475,4146,31.34
feature_extractor,8081,9690,10227,102.68
feature_extractor,7981,12453,13154,129.16
feature_extractor,3472,7566,8009,81.00
feature_extractor,7195,14891,15540,154.80
sketch,7603,9907,12792,101.64
designer,24868,940,3476,24.68
coder,11532,9399,10614,101.21
coder,11532,9543,10676,104.58
coder,12513,12940,14241,124.97
feature_extractor,9365,9637,10501,102.14
feature_extractor,4237,21075,22282,209.09
feature_extractor,8763,11324,12024,110.67
feature_extractor,5167,12212,12938,126.41
designer,28912,4365,7364,50.38
coder,13350,2112,3247,29.24
coder,13778,4629,6037,51.76
coder,13498,7157,10910,84.56
coder,14986,9060,10272,91.42
coder,14241,8446,13768,134.81
feature_extractor,5587,13206,13899,136.26
coder,14178,4973,6299,59.79
coder,14673,14873,18657,216.85
coder,14941,19706,23761,216.96
coder,15347,20829,25192,247.11
coder,14248,9689,13422,108.71
coder,15414,5279,6767,63.80
coder,14183,25419,29906,323.42
coder,14783,5544,6963,71.55
coder,13903,18437,22151,192.18
coder,15053,7227,8474,80.08
coder,19652,3936,7827,98.57
coder,15346,25386,28963,247.26
coder,14272,3850,5330,50.43
coder,14212,2992,4319,41.72
coder,19950,4013,7902,71.67
coder,19464,2980,6975,53.57
coder,18040,2654,6877,55.22
coder,13345,7127,8414,77.70
coder,22075,5027,8526,115.95
coder,19411,5349,9065,133.79
coder,18980,13397,17392,166.55
coder,15190,6285,7787,75.58
coder,19771,12021,15834,555.48
profiler,10349,6565,6781,404.11
coder,18403,10231,13890,445.16
coder,12973,3161,4496,39.87
coder,20092,5743,9845,81.04
coder,14412,9238,10495,101.42
coder,19386,9930,14121,226.16
coder,19008,9917,13576,219.71
coder,15498,11322,12821,131.44
coder,19149,4676,8627,72.92
coder,19170,7355,11320,80.95
coder,14188,13603,14918,149.39
coder,14230,8777,9980,81.74
coder,18309,5033,9131,216.44
profiler,9334,6542,6721,230.16
coder,15522,5060,6536,48.71
coder,20217,3574,7080,51.72
coder,18444,3941,7966,54.32
profiler,10174,4851,5050,238.41
coder,20201,1530,4915,33.65
coder,18375,4944,8873,70.46
coder,18867,6283,10213,80.08
coder,19733,5961,9718,87.06
coder,13893,16279,17826,173.81
coder,14275,9720,11136,98.23
coder,19129,13475,16891,764.90
profiler,9780,5403,5572,255.04
coder,14481,8610,10130,87.61
coder,18756,6386,9769,79.41
coder,18871,6507,10361,86.17
coder,14413,9581,11124,103.53
profiler,9763,2820,3014,31.88
sketch,7360,9438,11526,85.53
sketch,7490,11846,14124,109.65
sketch,7239,14514,16689,134.08
feature_extractor,8322,11999,12507,124.40
feature_extractor,8260,13850,14379,138.38
feature_extractor,8628,16008,16593,156.28
designer,25356,8315,10690,83.30
feature_extractor,5042,9081,9742,96.47
coder,13972,9042,12937,105.25
coder,17390,4489,7955,1234.82
coder,19044,10715,14845,1233.63
coder,15068,7829,9323,77.06
coder,18346,7229,11595,98.70
coder,14088,6333,7830,104.89
coder,18398,12633,16211,796.47
coder,13599,13011,16513,810.13
coder,18948,1904,5970,41.52
profiler,9698,5186,5408,59.86
profiler,9417,5605,5793,59.50
coder,14276,3226,4727,45.64
coder,18287,15692,19598,178.43
coder,19413,15505,19119,167.61
coder,18780,8404,12095,83.27
coder,14019,6885,8382,77.80
profiler,10132,5183,5363,67.96
sketch,7493,17689,20315,136.58
sketch,6885,17692,20769,156.19
coder,19384,10763,14845,130.64
sketch,7224,24591,27338,181.62
profiler,10244,2124,2268,26.67
coder,18197,12359,15740,144.19
feature_extractor,8778,9608,10492,99.25
feature_extractor,9003,11008,11600,109.14
coder,19922,20036,23937,228.02
coder,20401,10868,14932,143.95
feature_extractor,8777,17483,18525,160.04
sketch,7262,19073,21304,175.76
sketch,7434,21941,24131,181.46
designer,28894,3578,6655,47.10
coder,19293,17157,20602,186.21
sketch,7190,32280,34184,263.12
coder,18741,9924,13290,112.52
feature_extractor,5655,16349,17200,151.54
feature_extractor,8458,12212,12837,120.44
feature_extractor,7987,12116,12727,123.18
coder,19407,23374,27054,240.51
feature_extractor,8335,13522,14230,134.96
coder,16712,12077,16504,138.80
coder,19129,7615,11248,101.25
coder,16667,16975,20573,178.27
coder,18185,19490,23188,204.21
coder,17303,27446,31070,288.19
coder,19553,14917,18932,144.34
coder,19436,2425,6083,44.42
profiler,9684,11778,12000,123.21
coder,19953,5627,9705,77.28
coder,21255,5630,9280,77.19
coder,21448,4056,8112,61.12
profiler,9667,6027,6237,66.01
coder,21612,7063,10937,86.55
coder,21460,11784,15606,106.18
coder,19122,14051,18084,141.45
profiler,9373,2759,2937,30.60
sketch,7191,18151,20673,137.44
sketch,7123,21249,23759,174.15
sketch,7522,37639,40862,250.10
feature_extractor,8550,10867,11588,110.77
feature_extractor,8511,11614,12305,115.14
feature_extractor,9569,17569,18403,173.76
designer,29055,3586,6614,60.25
feature_extractor,5574,17377,17947,180.14
designer,31971,7516,10919,92.50
feature_extractor,5907,11374,11961,114.66
coder,14223,9200,12953,89.79
coder,16842,10369,14350,118.20
coder,16842,10647,15287,134.27
coder,22310,2661,6404,48.05
coder,21418,8256,12205,88.11
profiler,10008,7280,7425,70.75
profiler,9855,5864,6057,61.69
coder,18981,7710,11392,96.09
coder,21413,7103,10777,78.01
profiler,9792,2862,3016,31.88
sketch,7492,4934,7184,56.05
sketch,7241,16901,19595,130.54
sketch,7180,22231,24953,160.68
feature_extractor,8798,11542,12050,105.25
feature_extractor,8580,10673,11459,108.64
feature_extractor,8800,15391,16016,144.95
designer,3584,15841,16654,156.32
designer,3768,14795,15681,152.89
designer,3622,12130,12584,111.25
feature_extractor,3402,5009,5415,46.93
feature_extractor,3116,3482,3816,34.50
feature_extractor,3645,8843,9491,88.77
coder,14078,4452,5445,43.09
coder,12770,8680,9817,82.77
coder,12440,8519,9949,88.24
profiler,3044,1612,1732,16.56
coder,12586,8107,9106,85.31
coder,11995,13706,14577,123.58
coder,11318,16156,17028,161.44
profiler,4467,914,1062,12.31
coder,12793,12839,14572,135.09
coder,12793,17926,20068,180.42
coder,16136,5654,6815,52.60
profiler,5710,3027,3234,36.55
coder,15517,11349,12995,108.66
profiler,5596,3444,3624,41.30
coder,15855,9029,11188,93.10
coder,12793,27978,29642,295.79
coder,14886,8655,9526,85.97
profiler,6707,3198,3374,37.03
sketch,4701,3107,3793,30.54
coder,15478,6841,8578,75.27
sketch,4674,8322,9000,62.02
sketch,4557,6764,7392,66.11
feature_extractor,4355,3326,3691,33.37
feature_extractor,4320,3551,3898,37.64
feature_extractor,4132,3778,4151,38.44
designer,7315,1420,2100,16.09
feature_extractor,3290,4548,4896,42.55
coder,10709,5586,6792,55.69
coder,11675,6037,7120,62.67
coder,10709,14082,15094,115.70
profiler,7033,3525,3671,38.64
profiler,4359,4127,4374,41.86
coder,15258,8876,10304,88.94
profiler,4626,3154,3346,33.90
sketch,4473,4596,5161,49.56
profiler,4366,1899,2027,21.49
sketch,4475,7035,7578,63.87
sketch,4589,8747,9303,84.76
coder,15528,19948,21963,165.56
feature_extractor,3981,1889,2225,20.88
feature_extractor,4000,2629,2977,27.91
feature_extractor,4114,5354,5706,51.11
profiler,4426,4663,4835,53.09
designer,8317,2755,3489,28.25
sketch,4566,5409,6126,47.57
sketch,4769,5964,6585,51.89
feature_extractor,3374,2768,3105,29.79
sketch,4628,8723,9359,71.58
coder,15168,15267,16735,168.31
coder,15711,13497,15224,120.29
feature_extractor,4240,3556,3923,37.23
feature_extractor,4354,4602,4995,47.01
feature_extractor,4232,4730,5114,47.72
designer,7473,1487,2136,16.26
coder,15090,10529,11554,102.29
feature_extractor,3262,2964,3305,28.49
coder,12309,11830,12849,116.95
coder,13147,12289,13194,127.74
coder,12681,4389,5379,43.37
coder,12681,4935,6003,54.01
coder,12300,10716,11976,98.25
coder,15432,6800,7855,71.51
coder,15312,3697,4688,43.15
profiler,3702,2222,2413,27.86
profiler,6557,3937,4144,39.78
coder,13965,4800,5863,47.89
coder,15592,12485,14227,124.17
profiler,5641,4305,4457,44.41
profiler,6812,3095,3295,31.39
coder,15585,7060,8718,72.95
profiler,7278,2821,3005,34.07
profiler,4423,1939,2123,21.04
coder,14897,6516,7512,70.36
sketch,4802,4122,4785,41.42
sketch,4550,5358,5965,54.75
coder,15437,10038,11782,95.05
sketch,4625,7390,8097,65.19
feature_extractor,4297,3566,3928,35.92
feature_extractor,4427,3896,4261,40.79
feature_extractor,4126,4582,4956,45.12
coder,14775,5824,6829,64.22
designer,7437,2020,2815,22.54
feature_extractor,3392,4426,4795,45.55
coder,10811,5256,6384,53.42
coder,11777,9335,10436,93.47
coder,12732,13844,15338,135.89
profiler,3956,5382,5525,62.89
sketch,5474,5872,6709,57.17
sketch,5818,5862,6869,58.23
sketch,5205,7533,8405,77.70
profiler,6695,2984,3163,31.92
profiler,5754,10231,10428,104.36
coder,14529,2673,4205,30.98
sketch,4508,2612,3133,27.46
profiler,4459,2920,3089,30.85
sketch,4596,4854,5380,47.62
sketch,4576,5272,5819,51.56
feature_extractor,5007,10921,11653,106.20
feature_extractor,4008,3737,4093,36.88
feature_extractor,4094,4208,4565,41.28
feature_extractor,4102,4401,4737,43.60
feature_extractor,5242,13418,13998,143.69
feature_extractor,5764,15098,15680,148.61
designer,8274,4509,4982,46.66
coder,15029,14501,15644,131.42
feature_extractor,3134,4892,5186,45.95
coder,10807,5005,5891,53.93
profiler,6705,2374,2588,25.00
coder,11452,7607,8597,79.33
designer,13588,13187,14417,140.95
coder,13231,2612,3499,31.15
coder,10417,10280,11147,105.81
sketch,4661,6949,7600,63.14
sketch,4698,7894,8530,67.87
sketch,4683,12155,12844,88.46
profiler,3061,4408,4564,50.49
feature_extractor,4301,2719,3091,27.67
feature_extractor,4333,3128,3480,30.03
feature_extractor,3967,9940,10369,99.59
feature_extractor,4272,5572,5942,54.07
profiler,4274,6316,6512,74.77
profiler,4236,5416,5605,51.86
designer,7286,4204,4989,47.06
sketch,4486,3915,4372,38.40
feature_extractor,3361,3155,3509,33.30
sketch,4450,5507,5950,55.99
sketch,4580,6588,7100,70.00
coder,12399,4281,5426,46.09
feature_extractor,4070,3099,3416,32.57
feature_extractor,3879,3962,4292,41.22
feature_extractor,3928,5304,5608,55.33
coder,12644,17303,18618,178.72
coder,12376,21628,22993,226.43
profiler,6683,4130,4281,47.40
coder,15672,7830,9156,85.30
coder,11746,21823,23165,187.96
coder,11746,24614,26011,195.56
designer,8182,12172,12735,129.28
coder,13738,29496,31344,327.80
coder,13200,1784,2885,25.28
feature_extractor,3224,4329,4613,47.94
coder,13042,5092,6490,62.74
coder,14943,12934,14497,144.49
profiler,6665,3537,3849,40.67
coder,16490,6459,7123,68.46
coder,11307,7603,8487,79.62
coder,16745,12758,14509,147.08
profiler,4704,2755,2928,28.37
coder,11307,12336,13180,115.68
sketch,4911,6805,7611,63.20
sketch,4658,8282,9000,73.65
coder,17009,6186,6838,63.03
coder,15446,17488,18810,187.87
sketch,4676,10971,11679,87.88
feature_extractor,4343,3942,4303,40.54
feature_extractor,4344,4266,4633,42.20
feature_extractor,4667,4879,5261,48.50
profiler,3793,6740,6932,78.92
designer,7886,3613,4533,34.67
profiler,4286,4582,4775,59.09
coder,17018,5380,5979,59.88
feature_extractor,3511,4104,4503,41.40
coder,15667,8048,9380,100.37
coder,16447,12907,14519,144.34
coder,17417,10491,11116,109.56
coder,13949,5143,6216,50.27
coder,15942,6608,7915,79.44
coder,21606,3949,4586,44.84
coder,17694,12534,13805,118.26
coder,14684,10403,11753,113.62
profiler,4405,3937,4151,39.54
profiler,4091,5256,5489,62.73
coder,16331,3154,4438,41.13
profiler,4039,1687,1836,20.24
coder,15204,12023,13452,125.83
coder,18205,5125,6472,47.14
profiler,5984,897,1082,10.62
sketch,4248,4713,5180,47.29
sketch,4493,5229,5645,52.92
sketch,4248,11029,11430,101.82
coder,16130,12119,13440,130.75
feature_extractor,3702,2631,2931,28.32
profiler,4669,3023,3243,32.97
feature_extractor,3891,3484,3778,36.37
feature_extractor,3638,3842,4197,41.35
sketch,4819,2257,2877,26.68
profiler,3659,8658,8832,89.62
sketch,4612,5910,6583,54.12
sketch,4874,5993,6651,54.69
designer,7740,5735,6190,59.44
feature_extractor,4403,2369,2734,23.86
feature_extractor,4244,2844,3231,29.92
feature_extractor,4498,3723,4099,37.11
feature_extractor,3109,3870,4190,40.89
designer,7751,2072,2788,20.19
feature_extractor,3322,1626,1974,18.66
coder,14837,13617,14974,128.76
coder,11494,6445,7123,63.52
coder,11819,6313,7044,64.21
coder,14910,4418,5445,45.22
coder,15813,5624,6639,50.65
coder,14910,5045,6082,52.30
coder,11494,7490,8141,77.04
profiler,4888,2498,2659,32.89
profiler,4379,1889,2064,25.94
sketch,5293,4262,5133,52.66
profiler,4084,5117,5245,58.00
coder,15452,875,1899,15.01
profiler,6256,4277,4433,49.36
profiler,5230,2438,2667,27.41
sketch,5095,14168,15201,142.15
coder,14451,2159,3216,28.34
profiler,4129,4765,4984,54.55
sketch,4293,4943,5411,46.58
sketch,4345,5418,5835,50.44
sketch,5164,21491,22361,226.26
sketch,4273,6189,6610,62.80
profiler,4427,6431,6663,79.98
feature_extractor,3747,3942,4252,43.67
feature_extractor,3671,4210,4534,44.42
feature_extractor,3749,4885,5177,53.71
feature_extractor,5046,8967,9699,91.97
sketch,4574,6073,6655,54.35
sketch,4622,7506,8150,61.29
feature_extractor,5105,12919,13668,131.18
feature_extractor,4977,12810,13386,135.56
sketch,4588,12191,12811,94.93
designer,7687,8941,9380,84.69
feature_extractor,4174,3743,4131,35.66
feature_extractor,4225,4117,4526,42.18
feature_extractor,4123,4019,4388,42.62
feature_extractor,3105,3939,4229,40.81
designer,7302,3217,3960,30.75
feature_extractor,3331,3466,3814,37.74
coder,10654,5982,6591,66.24
coder,10524,6320,6990,66.39
coder,10716,7619,8420,81.61
coder,11716,6762,7931,67.48
designer,13908,17403,18558,185.59
coder,12231,5488,6182,53.44
coder,10750,8649,9895,78.54
coder,12369,8527,9649,86.78
profiler,4076,8557,8739,97.01
coder,15141,3487,4656,41.06
coder,13844,3313,4409,35.59
coder,13552,5406,6693,56.89
feature_extractor,3883,14067,14618,151.31
profiler,4146,8820,9035,93.45
profiler,4201,17589,17735,185.13
profiler,6712,1365,1515,16.13
sketch,4290,377,852,8.84
sketch,4410,3983,4386,44.90
sketch,4306,8872,9232,77.50
profiler,5899,4757,4880,54.11
profiler,4443,1928,2080,22.18
feature_extractor,3798,2205,2489,25.53
coder,12215,11287,13677,136.50
feature_extractor,3665,4022,4326,41.81
sketch,4818,2683,3262,30.68
sketch,4711,3553,4163,34.23
feature_extractor,3744,4277,4570,47.26
coder,15260,15842,17450,167.43
designer,7537,3190,3728,28.22
feature_extractor,3201,4639,4973,46.69
sketch,4650,16844,17514,120.82
feature_extractor,4352,2991,3373,32.73
feature_extractor,4276,4154,4521,43.51
coder,12710,5229,6028,57.60
feature_extractor,4275,6803,7191,67.91
coder,17234,15272,16732,159.32
coder,18919,13190,14737,132.80
coder,13267,9443,10310,103.76
coder,19514,4181,5010,42.36
coder,15145,13765,14751,143.36
coder,15433,37307,38758,375.50
designer,7485,10833,11716,84.96
profiler,4317,3354,3563,34.93
coder,18650,9569,11399,107.72
feature_extractor,3480,3395,3796,33.49
profiler,4214,6686,6926,73.22
coder,15738,3930,5022,42.45
coder,13918,4215,5365,44.31
coder,16619,5944,6757,59.53
coder,15711,13604,15315,148.47
coder,15738,9196,10264,82.90
coder,17957,3796,4885,40.66
profiler,5329,2588,2754,27.86
profiler,4221,2621,2792,30.49
profiler,4391,2298,2468,23.48
coder,15918,21295,22837,222.82
sketch,4474,3813,4221,40.34
coder,15032,17098,18822,181.20
sketch,4430,6666,7112,65.82
coder,19936,7339,8445,74.17
sketch,4423,9028,9488,91.30
coder,17233,15072,16697,150.23
profiler,4459,824,887,9.55
feature_extractor,3868,4396,4710,44.94
feature_extractor,3856,4459,4765,45.91
feature_extractor,3866,5253,5564,49.26
coder,20895,10444,12217,109.90
coder,15491,8942,10681,96.06
sketch,4697,6386,7064,52.60
sketch,4598,8218,8911,62.69
sketch,4666,8216,8846,65.03
designer,7874,5566,6118,50.56
feature_extractor,4342,3423,3785,33.22
feature_extractor,3212,2905,3214,31.79
feature_extractor,4242,3320,3692,34.10
feature_extractor,4264,4132,4514,40.98
coder,15521,12580,14203,129.53
designer,7390,3486,4210,32.44
profiler,3958,4737,4882,55.90
feature_extractor,3332,2148,2527,22.70
coder,11377,7508,8191,73.95
coder,11789,7759,8622,78.73
coder,11325,8737,9442,91.02
coder,21072,12734,14506,132.54
coder,12872,5977,7000,60.11
coder,14683,8826,10511,97.48
coder,12872,9382,10509,88.08
coder,12700,9972,11211,90.56
coder,15635,4873,6656,59.73
profiler,5730,813,954,11.94
coder,14706,5711,6467,56.65
profiler,2785,8771,8926,87.22
profiler,2806,6808,7004,63.57
profiler,4460,1092,1251,13.89
profiler,3883,5539,5731,62.26
coder,15724,5778,7462,60.23
coder,15095,5286,6305,52.87
profiler,2855,5201,5367,54.44
coder,20079,3708,5445,49.59
profiler,3046,2180,2332,24.12
sketch,4301,5060,5447,50.33
sketch,4374,5631,6112,54.08
sketch,4667,3099,3770,31.05
sketch,4565,5229,5994,47.76
sketch,4559,7158,7835,63.31
sketch,4325,11422,11854,103.08
feature_extractor,4278,2705,3067,28.11
feature_extractor,3739,2804,3131,28.26
feature_extractor,4205,2917,3279,31.06
feature_extractor,4299,3239,3643,31.93
feature_extractor,3679,3729,4053,36.24
coder,15522,13552,15285,129.00
feature_extractor,3844,7151,7463,67.61
designer,8049,4089,4847,44.35
sketch,5398,7303,8260,69.06
feature_extractor,3392,5364,5665,53.30
sketch,5461,15480,16425,139.22
coder,10820,7652,8912,74.02
coder,11992,11971,13094,124.23
feature_extractor,5295,9045,9496,89.08
profiler,5933,2854,3043,34.27
coder,10953,18237,19447,164.21
feature_extractor,5361,14881,15442,146.02
profiler,7394,5071,5277,63.20
coder,13421,13572,14084,137.61
designer,14443,14200,15446,140.17
coder,13492,9919,10921,100.75
feature_extractor,4001,15015,15638,153.16
coder,14418,4289,5268,47.69
coder,13026,7580,8032,71.64
coder,12720,3721,4153,36.26
profiler,2543,2215,2384,23.19
sketch,4064,5186,5576,44.76
coder,12678,26306,28415,247.78
sketch,4792,4759,5242,47.59
coder,14786,26396,28911,253.74
coder,13558,27262,29320,262.55
sketch,4836,9032,9572,77.22
feature_extractor,4343,1696,2007,19.27
feature_extractor,3438,5428,5739,54.74
feature_extractor,4252,5966,6280,60.74
coder,18180,8967,11601,102.14
designer,7557,3000,3543,32.61
feature_extractor,3195,3990,4301,41.71
coder,16136,15961,18276,164.08
coder,16786,16995,18550,160.62
coder,13501,5843,6497,56.41
coder,13501,6127,6837,58.19
coder,17441,9364,11917,98.54
coder,13501,7191,7983,68.02
coder,16187,7891,10204,83.72
profiler,4077,1191,1304,11.84
coder,16463,15027,16641,138.20
profiler,4880,4660,4854,50.68
coder,16447,17662,19124,160.09
profiler,4241,4109,4306,42.07
coder,16225,15902,17616,159.11
sketch,4398,1395,1856,15.05
sketch,4323,2694,3125,27.21
sketch,4283,3833,4322,36.77
profiler,5126,4432,4620,48.27
feature_extractor,3840,4102,4431,38.33
feature_extractor,3738,4286,4602,39.19
feature_extractor,3739,5081,5390,47.27
coder,16249,9837,11443,95.88
coder,16525,13885,15688,127.75
coder,15319,15958,17515,153.74
coder,16640,14894,16721,147.67
coder,15468,14052,15684,139.86
coder,15709,24055,25610,218.46
profiler,5168,6741,6908,73.84
coder,16415,11809,13326,102.90
coder,16415,20569,22893,199.93
coder,17243,14738,17073,145.17
sketch,5347,12414,13270,110.96
sketch,5326,15112,15982,126.85
feature_extractor,5166,11881,12325,116.67
feature_extractor,5144,13192,13834,119.63
designer,14443,2174,3355,23.48
feature_extractor,3911,13892,14470,124.70
coder,13762,14360,16079,139.31
coder,15841,19515,21332,170.90
coder,15764,19927,21551,183.56
coder,17420,2246,4088,30.14
coder,14524,7979,9611,80.18
coder,17496,3023,4651,37.98
coder,16573,4731,6588,50.62
profiler,5161,4268,4472,46.94
coder,15463,19203,20853,182.42
coder,14944,4405,6355,48.41
coder,17468,4563,6273,52.13
coder,17801,8794,10677,83.44
coder,17247,14226,16096,142.70
coder,18661,9808,11703,98.34
coder,18889,14201,16040,138.84
profiler,5384,545,704,7.62
coder,19659,5684,7517,65.00
profiler,4048,2536,2760,30.22
sketch,5545,7594,8610,72.47
sketch,5343,9191,10145,77.86
sketch,5591,10095,10910,90.07
feature_extractor,5358,10336,11009,93.29
feature_extractor,5229,11680,12213,112.39
feature_extractor,5496,13928,14429,122.88
designer,14021,11599,12570,106.35
feature_extractor,3734,14873,15635,135.38
coder,12838,19759,21523,208.39
coder,13124,21976,23784,219.11
coder,14603,27096,29079,255.02
coder,17084,15218,17222,143.34
coder,16797,17825,19596,168.15
coder,16177,8865,10563,90.97
coder,17162,27461,29777,263.71
coder,14719,13252,15289,132.68
coder,17651,13614,15636,126.78
coder,16647,18629,20791,172.26
coder,16863,20050,22180,205.96
profiler,5636,5246,5481,55.06
coder,15382,31498,33458,304.53
coder,15900,30779,32942,331.41
coder,17319,8063,9781,90.58
coder,16971,14988,16736,143.61
coder,17365,20418,22619,210.33
coder,16339,21308,22972,176.28
coder,16027,25010,26749,220.95
coder,17360,17008,18660,169.07
coder,16350,7603,9344,73.09
profiler,5197,4726,4916,44.06
profiler,3955,4616,4813,47.35
sketch,5461,8273,9298,72.02
sketch,5386,22252,23072,156.50
sketch,5820,21479,22706,174.99
feature_extractor,5162,7605,8157,72.05
feature_extractor,5962,10445,10961,98.34
feature_extractor,5413,12034,12654,114.92
designer,14231,8438,9385,75.19
feature_extractor,3727,17193,17662,168.85
designer,15214,12890,13990,128.62
feature_extractor,3863,17495,18081,160.38
coder,12735,10067,11677,99.94
coder,13833,18586,20738,143.11
coder,13371,17588,19547,175.28
coder,15302,5445,7179,65.21
coder,17264,6534,8511,65.30
coder,16968,13535,15574,127.09
coder,17022,9003,10711,90.95
coder,16248,5546,7582,62.48
coder,16277,4257,6310,53.38
coder,16027,8566,10325,91.61
profiler,5556,3405,3543,44.41
coder,16414,6434,8336,73.89
profiler,4120,2595,2805,34.41
designer,3689,13395,14081,125.69
designer,3696,10754,11118,117.60
designer,3628,14406,16119,158.91
designer,3617,17224,18487,163.29
feature_extractor,3108,5645,5941,58.00
coder,11572,5393,6263,62.71
feature_extractor,4328,9758,10262,101.26
feature_extractor,3392,14148,14657,140.19
coder,11572,10491,11361,114.85
feature_extractor,3850,13637,14424,131.73
coder,11885,11950,12965,122.06
coder,16876,6195,9703,82.74
profiler,6634,3074,3198,41.97
profiler,6627,1282,1424,19.03
coder,11720,14805,16620,180.59
profiler,5757,2634,2828,40.33
coder,13266,11826,14689,163.57
coder,11720,21788,24131,229.61
coder,18384,8439,12277,129.38
coder,12641,22678,26069,258.19
sketch,4552,5891,6410,67.57
coder,12848,24878,28228,267.24
coder,11720,20075,22046,257.79
sketch,4681,5613,6177,70.72
sketch,4545,5887,6508,75.19
coder,14781,5230,7167,81.80
coder,14979,2875,5051,54.98
feature_extractor,4109,2776,3099,35.79
coder,12508,24296,27187,257.06
feature_extractor,4038,2842,3167,39.64
feature_extractor,4209,3564,3887,52.04
coder,15495,21559,24834,273.11
coder,20581,2579,6367,55.22
coder,20129,2140,5541,46.53
coder,17023,6623,9527,108.62
designer,9940,5391,6077,80.74
coder,17904,9504,13217,150.99
feature_extractor,3403,5698,6137,80.36
coder,15156,14139,16295,220.48
coder,11670,8703,9662,120.88
coder,12134,14585,15745,173.63
coder,18646,2765,5712,54.83
coder,13772,13285,14195,177.11
coder,15101,3957,6143,68.08
coder,17077,4424,7031,71.78
coder,20283,11452,15153,169.40
coder,20642,6042,10134,102.34
coder,13723,16779,18666,241.75
coder,14965,11570,13611,152.93
coder,16897,14578,17934,184.88
coder,17334,23778,27221,282.13
profiler,4389,2000,2203,26.58
coder,16692,6702,7618,83.31
profiler,8863,3138,3363,46.27
coder,15632,7259,8361,106.02
coder,19292,7919,12277,130.41
coder,15947,16586,20230,188.01
profiler,4287,4735,4897,76.86
coder,16437,1961,5303,52.61
coder,15217,8046,10654,117.81
profiler,7175,742,936,13.56
coder,19225,8803,12281,135.58
coder,18976,10178,14316,164.51
profiler,11404,6775,6974,115.85
coder,14967,9407,11402,159.52
coder,17702,7309,10660,128.09
coder,13726,7992,9042,112.27
coder,18556,10768,13259,151.78
coder,20407,17769,21431,251.16
coder,17037,13953,17636,192.72
coder,18221,10757,14712,178.21
coder,17178,7506,8569,114.12
coder,16761,9110,12587,151.30
coder,16729,8095,10586,116.79
coder,17290,3687,7706,79.01
profiler,11548,3592,3712,51.61
coder,14853,16134,18058,246.47
sketch,4736,4056,4607,59.61
coder,16098,7648,9923,93.64
sketch,4615,8055,8627,98.33
coder,19729,14743,18646,206.00
coder,16361,19193,22750,247.85
sketch,4587,11134,11685,136.73
coder,14703,11208,13093,148.08
coder,17620,11772,15287,173.19
feature_extractor,4148,3607,3927,49.90
feature_extractor,4248,3600,3923,49.96
feature_extractor,4082,4036,4453,52.96
coder,17564,20627,23877,236.99
coder,17005,10899,14786,132.21
designer,9790,9463,10171,108.48
coder,20937,12225,15847,164.11
coder,18983,17994,20662,222.51
coder,16518,8291,11637,114.39
coder,17615,2453,6528,57.96
feature_extractor,3411,4448,4781,49.44
profiler,9966,7885,8107,109.86
coder,15129,15010,16904,180.73
coder,16889,3370,6034,54.03
coder,12350,5861,6954,82.11
coder,13738,7294,8204,91.74
coder,12902,7770,8600,101.71
coder,13427,4683,5641,66.20
coder,18537,6208,8681,95.69
coder,14259,4765,5944,69.47
coder,19070,14022,17554,179.13
coder,17581,16171,20255,214.73
coder,13632,10965,11692,145.57
coder,16689,24050,27467,310.48
profiler,3112,4742,4885,76.24
coder,15017,21392,23526,285.52
profiler,2918,3305,3451,53.04
coder,15181,7795,8777,109.52
sketch,6458,17523,19598,171.40
sketch,6974,17094,19024,183.77
coder,20753,14190,17942,219.24
coder,18279,11662,15161,184.82
feature_extractor,7701,9749,10342,120.88
feature_extractor,7348,14136,14923,176.40
profiler,5757,6474,6639,102.68
sketch,4675,4734,5369,65.17
designer,23668,31021,33522,274.63
coder,13945,13189,15315,204.97
sketch,4612,9702,10408,108.56
sketch,4425,9988,10579,113.31
feature_extractor,4266,2159,2571,28.24
feature_extractor,4243,4504,4924,56.70
feature_extractor,3977,5060,5444,59.65
coder,14901,11317,13418,135.54
feature_extractor,4930,13525,14436,155.51
designer,9930,5964,6722,69.94
feature_extractor,3449,5420,5839,63.23
sketch,5790,9509,10557,94.54
sketch,5654,11030,12177,102.38
coder,14028,12753,16279,137.54
coder,12589,8309,9190,93.80
coder,14521,8275,9348,96.17
coder,14232,15529,19244,173.91
coder,11599,11183,12117,135.47
coder,13487,3959,4932,49.55
feature_extractor,5736,10558,11025,119.83
coder,15594,24209,28002,257.34
feature_extractor,5790,12614,13177,146.24
coder,17452,15938,19907,204.17
designer,16378,8426,9914,85.05
feature_extractor,4148,11413,11857,137.85
coder,15217,10596,13014,126.25
coder,16189,12742,14771,142.49
coder,13579,14232,16345,166.59
coder,16569,3018,4074,36.78
coder,19572,10459,14099,123.49
coder,16923,3927,5952,58.94
coder,14729,5444,6219,70.05
coder,20586,7091,10854,94.17
coder,18768,15743,18154,202.03
coder,16835,12276,14223,137.31
coder,18537,18197,22522,236.57
coder,17750,9793,13509,136.53
coder,16769,9439,11622,120.67
coder,19636,5535,9886,84.35
profiler,3163,6701,6826,72.28
coder,16198,6176,8668,65.00
coder,19167,5098,9359,72.45
coder,18294,11367,13671,138.84
profiler,2958,4288,4511,50.65
coder,17350,9230,12736,106.86
coder,18588,3662,7471,56.37
coder,18605,7650,9716,97.64
profiler,3231,1869,1908,19.62
coder,17556,13138,15423,143.84
coder,21028,3378,7582,52.41
sketch,4735,5442,6110,53.50
sketch,4458,13656,14273,123.24
sketch,4663,15617,16242,132.09
feature_extractor,4349,2610,3012,27.37
feature_extractor,4027,4289,4697,41.71
feature_extractor,4249,5008,5354,48.20
coder,17964,17597,20090,180.28
designer,9757,3128,3840,30.89
feature_extractor,3407,4965,5413,45.68
coder,11712,5646,6776,60.87
coder,14606,7360,8446,72.88
coder,13776,9430,10374,703.31
coder,15411,3178,4120,36.75
coder,17127,10130,13784,127.13
coder,19076,9873,11670,103.92
coder,18299,4326,7935,60.49
coder,16556,3984,5109,44.92
coder,16547,6692,7576,65.24
profiler,10985,2200,2336,21.91
coder,15138,5814,6822,61.71
coder,17145,16321,18687,160.26
coder,19153,16580,19058,168.82
coder,18633,41954,44801,303.89
coder,19556,4439,8196,81.90
coder,14074,7754,9099,104.18
coder,19280,9704,12134,110.65
coder,19160,6553,10276,98.16
coder,13873,8213,9208,97.48
coder,18205,8122,10474,92.29
coder,17771,5577,9392,85.63
coder,18419,8138,10906,98.86
coder,16852,6687,7669,84.24
coder,19223,13440,17161,160.66
coder,17487,9675,12072,130.48
coder,17090,5688,9460,81.79
coder,18780,5296,7526,67.62
coder,17867,16650,20339,163.39
profiler,4798,10355,10525,133.57
coder,17871,16305,18929,175.45
coder,17774,8441,12274,102.73
coder,17115,13183,15615,124.38
profiler,4470,3438,3650,35.63
coder,17444,8636,12426,98.67
coder,17439,16179,18014,170.25
coder,17734,4380,7181,64.42
coder,17778,21655,25357,169.26
profiler,4481,4155,4308,43.67
coder,17563,6027,9607,81.38
sketch,4669,9838,10686,88.22
sketch,4653,8982,9695,96.97
sketch,4986,17183,17735,156.35
feature_extractor,4450,3805,4135,41.48
feature_extractor,4495,5592,5922,56.01
feature_extractor,4314,6138,6558,56.33
designer,10495,2894,3518,32.02
feature_extractor,3343,4413,4797,44.45
coder,12655,4808,5438,51.66
coder,12904,5449,6120,58.68
coder,12033,7981,8754,82.34
profiler,8659,3781,3998,42.99
sketch,7620,12926,15161,107.84
profiler,2830,1873,2040,22.49
coder,14861,1915,2740,24.73
profiler,4122,4953,5154,51.62
profiler,3012,2082,2249,25.00
coder,17929,13775,16513,132.15
sketch,4367,1907,2398,22.57
sketch,4339,3963,4484,41.17
feature_extractor,8728,14552,15342,142.96
sketch,4521,11684,12254,91.11
coder,17652,18888,20885,186.46
feature_extractor,3829,1154,1463,12.93
designer,25990,6049,8698,61.26
feature_extractor,4052,1781,2101,18.81
feature_extractor,3830,2694,2997,27.22
feature_extractor,5098,6380,6948,60.58
designer,9504,4632,5271,48.92
coder,19754,19963,22854,173.01
feature_extractor,3356,5517,5831,50.66
coder,16743,11519,15538,115.64
coder,16498,8911,9630,87.77
coder,16498,8993,9781,89.59
coder,16131,9539,10203,92.57
coder,14483,19992,24028,183.84
coder,12752,2257,3017,26.72
sketch,6024,14642,15789,114.48
coder,17963,3097,3755,30.77
profiler,4164,5345,5509,52.76
coder,16743,32446,35600,259.98
coder,21625,14953,18980,131.76
feature_extractor,6093,13313,13801,129.21
designer,17062,2217,3360,25.02
feature_extractor,3815,11846,12297,110.95
coder,12488,7221,9176,80.82
coder,20223,2719,5931,46.54
coder,12143,10494,12521,111.97
coder,12143,11104,12849,122.93
coder,20141,6549,10603,92.69
profiler,4246,5781,5917,63.70
coder,20862,4684,7954,67.24
coder,15039,8533,10536,90.76
coder,18448,11318,15130,126.42
coder,15091,6875,9034,81.45
profiler,2853,7862,7979,99.70
coder,15303,4683,6710,58.38
sketch,4448,1778,2267,22.39
profiler,10447,2268,2462,25.59
sketch,4369,5162,5661,50.03
sketch,4366,8423,8936,76.94
coder,15154,15855,17684,172.69
feature_extractor,3843,2828,3120,29.42
feature_extractor,3899,2710,3032,30.01
coder,15357,7055,9202,74.88
feature_extractor,3842,6095,6400,60.82
coder,18853,11492,14797,118.66
designer,9659,7859,8525,67.58
feature_extractor,3386,6603,6983,65.32
coder,12947,8271,8966,93.74
coder,12947,9581,10411,93.95
coder,12947,10286,11282,109.20
coder,14639,3410,4375,37.24
coder,15324,3426,5527,40.50
coder,18312,9660,13445,94.76
coder,14818,5985,7848,58.18
coder,14970,4044,4943,40.14
coder,15407,12373,14754,128.31
coder,14857,3452,4171,37.85
coder,20401,11946,15125,114.61
coder,15227,5927,7832,59.59
profiler,3010,8748,8942,100.16
coder,14917,3309,4318,42.16
coder,20509,5056,8688,74.25
coder,15253,7111,8953,78.48
profiler,7765,1074,1229,14.26
coder,16033,13937,16398,156.77
coder,15333,3988,5895,52.61
coder,15356,11103,12896,132.28
profiler,4214,4669,4812,53.98
profiler,3181,6562,6811,80.33
coder,19179,11755,15693,153.39
sketch,4415,4371,4909,53.85
sketch,4690,6448,6915,62.36
coder,14779,11111,13103,110.43
coder,15510,12835,15024,143.24
sketch,4519,11880,12523,117.16
coder,15174,14970,16922,165.69
coder,15445,5102,7058,67.64
feature_extractor,3905,3762,4163,40.55
feature_extractor,4127,4390,4766,50.14
coder,19408,8514,12226,107.64
feature_extractor,4128,6404,6723,66.96
designer,10442,1793,2399,19.34
coder,15828,9412,11617,110.77
coder,15090,5148,7142,63.27
coder,20700,3776,7337,60.16
feature_extractor,3320,4364,4680,48.95
coder,15369,8675,10560,104.32
coder,10890,4844,6113,56.10
coder,15462,5684,7944,72.36
coder,21373,2629,6150,47.81
coder,15647,7006,8995,79.82
coder,11863,7805,8521,92.08
coder,10760,10493,11403,111.12
coder,15004,5988,7888,65.55
coder,15322,3329,5504,50.67
profiler,3390,7084,7233,92.00
profiler,4033,2593,2737,27.76
coder,15358,6014,8004,75.97
profiler,2878,4714,4865,60.79
coder,20658,15181,18759,172.76
profiler,10465,5321,5508,60.04
profiler,5944,4895,5122,60.96
sketch,4597,2973,3562,32.21
sketch,4404,4510,5007,48.58
sketch,4916,6038,6495,63.52
sketch,7511,3297,5978,45.96
sketch,5776,5524,6515,50.06
feature_extractor,4346,2625,2908,28.71
feature_extractor,3873,3387,3695,35.41
feature_extractor,4150,3394,3794,39.81
sketch,6710,11503,13215,106.99
designer,10129,7138,7710,80.31
sketch,5533,17451,18661,156.58
feature_extractor,8948,10611,11460,115.60
feature_extractor,3300,5211,5504,58.22
feature_extractor,7295,14235,14882,143.66
feature_extractor,5636,8815,9228,92.53
coder,12239,3451,4477,46.52
feature_extractor,5714,11259,11755,111.48
coder,11294,7584,8404,81.19
designer,16592,2071,3388,29.45
coder,12008,8578,9252,93.59
designer,23145,8284,10363,73.97
coder,13340,6968,7933,72.36
coder,14941,3246,3921,37.48
profiler,3005,6712,6913,78.57
feature_extractor,3978,12037,12674,121.24
feature_extractor,4597,10317,11163,111.79
profiler,4171,1872,2048,23.03
profiler,4442,6254,6411,71.58
sketch,4514,3023,3517,31.13
sketch,4646,5470,6010,55.76
coder,13513,10586,12589,108.58
sketch,4380,7861,8370,74.04
coder,15151,12781,14673,142.42
coder,13287,14310,16340,144.71
feature_extractor,3984,2726,3056,32.47
feature_extractor,3872,4317,4769,44.95
feature_extractor,4151,4880,5343,51.84
coder,14394,18140,22142,199.48
coder,16858,20629,24043,208.33
coder,15080,11845,13853,104.09
coder,14321,19069,22573,213.31
coder,18246,3792,5871,52.83
coder,16834,2088,4077,35.31
coder,16990,8559,10596,99.05
coder,17210,6378,9634,86.14
coder,19666,7181,11227,104.04
coder,19469,11107,13297,127.08
profiler,9987,5543,5846,67.60
coder,15899,9640,11937,112.83
coder,17222,915,3107,24.05
coder,16108,7524,9501,84.26
profiler,9676,5059,5239,56.78
coder,20112,8326,12092,114.59
coder,16142,9290,11468,95.69
coder,17403,9928,12129,126.95
coder,20137,4311,8087,66.68
coder,18370,2305,4443,39.26
coder,16555,18276,20356,212.32
coder,16115,16533,18756,186.50
coder,18917,5354,7409,63.35
profiler,10125,4199,4410,55.21
coder,16650,13955,16005,172.01
sketch,7185,10203,12088,100.89
coder,17472,11506,13641,128.86
profiler,6853,6842,6977,78.10
sketch,6725,18457,20644,153.13
sketch,6984,18463,20709,172.78
coder,16525,11423,13490,133.06
profiler,6934,1727,1854,21.88
feature_extractor,7942,12014,12630,130.46
feature_extractor,8055,13205,13936,144.57
coder,16704,18830,21056,205.51
feature_extractor,7771,17190,18162,184.45
designer,26324,5156,7727,58.16
coder,18636,10310,12522,126.93
feature_extractor,5079,16788,17596,182.50
coder,18454,13190,15338,143.98
coder,13873,14978,17946,163.12
coder,14450,11894,16303,166.31
sketch,5671,9819,11086,96.42
coder,13828,18380,21555,185.33
sketch,5692,11886,12931,110.18
feature_extractor,5798,8528,8945,92.15
feature_extractor,5662,9876,10319,104.79
designer,16206,2251,3657,29.80
feature_extractor,4038,9090,9420,91.18
coder,13805,6895,8912,71.70
coder,14441,7533,9917,81.87
coder,13424,9570,11738,92.19
profiler,8837,764,966,18.31
coder,16775,2262,4261,34.02
coder,20201,3669,6882,55.01
coder,16276,2968,5118,40.32
coder,16875,2793,5135,43.69
coder,22233,5550,9757,77.99
coder,17025,5774,7882,70.09
profiler,9042,2014,2200,25.13
coder,17114,19878,22049,206.78
coder,15799,3285,5317,49.20
profiler,5750,5123,5317,65.71
coder,18573,9369,13335,131.06
coder,17130,10828,13049,132.81
coder,16672,10215,12167,112.57
profiler,6948,4885,5044,62.83
coder,20875,14664,18386,164.12
profiler,5445,4221,4365,50.18
sketch,5945,6543,7656,73.87
sketch,5585,8805,9870,82.97
sketch,5822,10183,11392,102.29
feature_extractor,5561,9313,9789,104.43
feature_extractor,6025,9141,9612,104.61
feature_extractor,5977,9531,10002,104.78
designer,16878,1699,2906,25.52
feature_extractor,3924,12848,13492,139.52
coder,17523,12212,15850,140.29
coder,13976,7965,10060,97.51
coder,13925,8672,10839,100.41
coder,13119,11521,13604,132.45
coder,17459,2045,4138,34.87
coder,20600,9360,12898,108.78
coder,15846,7501,9444,88.03
coder,19112,8225,10376,95.89
coder,16187,2835,4995,41.21
coder,17548,3299,5192,42.88
coder,19113,3352,5476,47.64
profiler,4286,2530,2673,33.33
coder,16519,6267,8020,69.75
coder,17965,13992,17514,159.21
profiler,5595,5816,6023,69.15
coder,16992,4770,6739,67.87
coder,16237,5410,7333,70.03
coder,20203,9039,12592,103.74
coder,15820,11957,13829,129.39
coder,20500,1354,4762,36.13
coder,16650,5335,7242,71.60
coder,22607,5316,8879,84.38
profiler,5364,3643,3822,50.09
sketch,6504,10863,12782,110.07
sketch,5789,14193,15351,121.91
sketch,5544,12969,14007,139.15
sketch,6694,16848,18575,151.89
sketch,5740,19701,20875,179.26
feature_extractor,5520,8433,8900,98.36
feature_extractor,5896,10837,11327,134.49
feature_extractor,5847,12060,12548,146.88
feature_extractor,7313,18296,18837,212.80
designer,15886,5545,6739,61.92
feature_extractor,7339,20484,21230,236.70
designer,23220,12486,14305,103.95
feature_extractor,3891,14083,14610,155.31
coder,15264,8430,10428,105.73
coder,14007,7821,9909,105.70
coder,14180,10731,12567,128.37
feature_extractor,4422,15198,15815,177.54
profiler,5449,1648,1802,23.95
coder,18896,4315,6187,61.39
coder,15715,5887,7801,78.17
coder,15989,12464,15375,149.46
profiler,5327,3393,3555,45.87
coder,18608,14646,19809,221.79
coder,16970,24671,27337,223.09
coder,19178,7304,10319,107.09
coder,17101,9487,11337,121.48
profiler,9216,3094,3297,43.40
coder,24595,12120,15329,147.81
coder,21040,10279,13527,132.98
coder,21045,5951,9133,88.06
coder,16904,14484,16492,175.55
profiler,9668,1941,2128,24.42
profiler,5497,2862,3047,35.71
sketch,5509,6993,8034,74.04
sketch,5631,11661,12678,111.46
coder,17514,16153,19508,185.81
sketch,5642,15164,16352,146.12
coder,20316,2815,6197,52.21
feature_extractor,5475,9018,9459,103.81
feature_extractor,5585,11589,12038,138.50
feature_extractor,5769,12582,13067,149.58
designer,16171,744,1877,15.70
profiler,10241,8659,8872,100.89
feature_extractor,3826,11610,12293,119.40
sketch,6717,5489,7099,69.99
sketch,6811,11350,13120,107.30
sketch,6169,17393,19219,152.22
coder,13329,13007,14771,144.59
coder,13329,12280,14551,147.08
coder,13329,15563,17655,171.21
coder,16116,5547,7564,70.35
coder,17469,5499,7753,72.27
feature_extractor,7485,11870,12391,137.12
feature_extractor,6893,12698,13420,139.07
feature_extractor,7244,14179,14795,157.14
coder,16298,4217,6234,59.54
designer,22596,4028,6105,52.06
coder,16091,10584,12699,121.30
profiler,4153,2053,2191,23.79
profiler,6369,2087,2221,26.94
coder,17697,20390,22406,228.24
feature_extractor,4637,18257,18841,205.50
coder,16065,3078,5106,45.52
coder,17184,13521,16532,143.84
coder,16553,7662,9862,88.92
coder,16548,14767,18214,169.09
coder,18476,31904,34953,273.18
profiler,8837,1714,1929,22.73
coder,17648,8914,11083,113.01
profiler,9247,2886,3124,36.23
coder,22781,7763,11148,96.69
coder,16680,3196,5410,48.30
coder,23614,5841,8784,80.64
coder,22339,4364,7337,66.01
coder,17740,13656,15721,169.82
profiler,8814,3145,3332,38.52
sketch,6902,3535,5417,48.75
coder,17546,10710,12880,137.34
sketch,6461,14200,16162,154.22
sketch,6492,20999,22888,205.36
coder,17675,8411,10620,112.43
feature_extractor,7281,8948,9654,105.05
feature_extractor,7338,11946,12677,133.34
feature_extractor,7667,12322,13094,136.45
designer,25113,5852,7622,66.78
sketch,5735,10309,11348,104.10
sketch,5654,19843,20883,167.15
feature_extractor,5640,14541,15373,144.60
feature_extractor,4353,21838,22935,223.64
feature_extractor,5691,17300,17835,183.85
designer,16424,2714,3914,25.10
coder,14234,11560,14670,128.14
feature_extractor,3858,7588,8052,81.10
designer,3667,5970,7436,78.53
coder,14254,23386,26274,211.57
coder,18277,5306,8818,75.62
coder,13639,7412,9621,81.87
coder,12899,8139,10337,101.02
coder,12899,11408,13364,122.93
coder,14171,27443,30492,272.26
designer,3684,17181,18984,169.87
feature_extractor,4109,10540,11167,107.82
feature_extractor,4418,9044,9454,96.39
coder,16623,9326,11331,97.73
coder,17427,6962,9153,78.73
profiler,7433,5434,5593,59.33
profiler,4119,4437,4576,50.90
coder,13465,8686,10941,100.18
profiler,4096,3393,3559,34.54
coder,18209,2688,5711,44.84
coder,13927,12516,14690,128.37
coder,15169,19361,21862,218.37
coder,13531,22022,24852,225.39
coder,13465,16179,18889,164.55
coder,14779,24297,27138,241.70
coder,16605,5558,7731,58.99
profiler,5453,8373,8560,89.73
coder,18375,11889,14938,136.66
coder,16660,9120,12353,101.75
coder,17193,5056,7967,68.47
coder,17368,8572,11429,94.95
coder,17416,23356,25689,229.94
coder,18058,9640,11730,95.21
profiler,7343,5533,5767,53.21
profiler,4957,1484,1613,16.32
coder,18279,5813,8788,71.78
sketch,5598,5780,6832,53.02
coder,18623,9376,12038,93.49
sketch,5823,11169,12306,98.40
profiler,9449,2374,2517,24.20
sketch,5633,12344,13318,102.02
coder,17029,14622,17287,150.57
coder,18259,17539,19727,138.84
coder,17155,7239,9963,76.65
feature_extractor,5558,11554,12015,116.35
feature_extractor,5901,12267,12714,120.11
feature_extractor,5580,12204,12611,123.86
coder,17518,17904,20266,185.93
designer,15613,1410,2634,20.78
profiler,9099,7192,7402,82.95
feature_extractor,3880,6284,6723,63.36
sketch,6494,7521,9360,61.08
sketch,6369,9234,10763,85.73
sketch,6948,11329,13156,96.32
coder,16842,6726,8764,74.43
coder,14340,7269,9538,78.93
profiler,9182,4933,5098,53.21
feature_extractor,6830,7085,7948,65.37
profiler,4315,2447,2589,25.33
coder,12634,13865,15965,140.18
feature_extractor,7651,12589,13437,120.03
coder,15652,2431,4339,31.69
profiler,7370,1286,1480,15.09
feature_extractor,7231,14754,15661,140.28
coder,19745,1117,3413,22.81
coder,17584,8666,11268,95.29
sketch,6279,9579,11123,81.97
sketch,6428,15854,17864,117.35
designer,24184,10422,12360,98.90
sketch,6211,16859,18629,137.48
feature_extractor,4472,8288,8941,82.70
feature_extractor,7213,7072,7827,73.72
coder,20064,22336,24487,228.07
feature_extractor,6814,12792,13441,119.64
designer,3693,10843,11393,109.33
profiler,7511,2074,2229,23.90
coder,14507,8330,10613,90.87
feature_extractor,6722,16818,17571,160.18
designer,3653,14888,16140,149.42
feature_extractor,3270,5021,5460,48.95
designer,3682,14278,15163,143.32
coder,14507,14551,16765,136.00
profiler,6042,2542,2720,27.68
designer,3566,15032,15648,151.94
coder,19319,4452,6723,57.26
coder,14507,19292,21984,173.42
sketch,6200,6305,7549,53.45
designer,21305,15432,17535,104.56
coder,16612,7928,9827,74.25
sketch,5823,12726,13958,104.83
feature_extractor,3908,14196,14844,133.76
feature_extractor,3210,11607,12126,103.79
coder,17135,6247,8617,71.93
profiler,5589,5715,5884,57.48
feature_extractor,3567,18498,18841,168.98
coder,18723,5758,7718,64.37
feature_extractor,4605,16883,17703,159.09
coder,13597,17714,19468,206.15
sketch,6470,33755,35267,229.82
profiler,2930,1877,2024,22.00
feature_extractor,6907,5372,5786,51.09
coder,14497,4463,7407,62.45
feature_extractor,5990,7112,7575,71.27
feature_extractor,6385,10931,11318,107.92
coder,13110,31802,33891,313.73
coder,14933,29964,31425,346.72
coder,18071,11768,13975,125.91
designer,18600,3968,5284,35.66
coder,18071,8358,11189,95.75
coder,12011,11029,12094,161.66
coder,13150,19391,21986,173.89
coder,13001,17683,20455,178.21
coder,11517,13777,15303,256.36
coder,13065,12286,15638,194.27
coder,13363,12716,14310,155.48
coder,12011,14105,15504,148.77
profiler,4079,7288,7464,78.37
coder,17436,10200,13006,115.06
coder,16402,13056,14604,120.52
feature_extractor,4004,11524,11999,105.87
coder,15709,4701,6870,58.19
coder,16220,23530,26057,367.28
coder,13363,18424,20012,232.28
coder,13363,17846,19437,296.10
coder,16110,12734,15336,133.25
coder,18709,9343,12378,107.43
coder,16517,10244,12969,102.27
coder,13387,32063,34709,307.09
coder,12070,13281,15797,130.18
coder,13700,14401,17289,143.13
coder,16868,16202,17626,167.11
coder,15836,12853,16224,132.30
coder,14413,21550,24079,187.81
profiler,3102,2482,2624,99.79
coder,18921,7079,9284,73.09
coder,14394,9417,10628,104.98
coder,15103,21859,23406,260.92
coder,16294,2637,5231,38.78
coder,19059,6208,9030,73.88
coder,15976,7321,8910,80.59
profiler,9861,3956,4158,39.78
coder,14245,12121,13632,111.40
profiler,3676,3186,3421,109.26
coder,19082,7964,10126,85.70
coder,15591,3777,6666,49.95
coder,16878,23420,26591,251.01
coder,17477,4566,7211,59.81
coder,14512,7312,8915,77.92
coder,18395,14571,16398,159.90
coder,13687,11571,12947,124.55
coder,15978,9522,10717,96.76
coder,14545,2951,4408,33.24
coder,20470,9522,12845,99.38
profiler,7358,4287,4466,48.14
coder,17022,4470,6616,53.33
coder,16130,19662,22802,183.67
coder,20205,4533,7116,56.24
coder,14181,12345,13836,137.17
profiler,5754,4055,4210,50.10
profiler,6074,9787,9963,106.27
coder,15792,18679,20545,183.38
coder,19820,4900,7162,59.88
sketch,5808,4453,6317,47.58
coder,15208,7333,9049,82.07
coder,16215,2140,4825,36.93
sketch,6298,11616,13414,106.06
sketch,5759,12219,14227,113.04
profiler,7299,8422,8609,93.04
profiler,9358,5923,6096,67.42
sketch,6323,4696,6490,50.36
coder,16903,7507,9967,82.28
feature_extractor,6511,9750,10425,98.50
sketch,6286,8113,9872,83.80
coder,15770,19589,21164,218.68
feature_extractor,6961,12723,13534,123.19
coder,18251,7969,11327,93.70
feature_extractor,6613,14880,15753,148.70
profiler,3483,3362,3561,39.79
sketch,5584,9431,10380,75.93
sketch,6281,21003,22862,154.55
sketch,5531,12607,13646,96.34
profiler,2382,3877,4034,41.02
designer,27112,6064,8147,51.24
coder,17075,6165,8746,70.45
feature_extractor,5489,4908,5466,50.77
coder,18036,16341,17469,172.63
feature_extractor,5484,7699,8178,73.29
feature_extractor,6943,10067,10958,96.13
coder,16436,6900,9408,114.38
coder,21739,8264,11064,141.76
feature_extractor,7019,11630,12477,110.59
feature_extractor,6891,13205,13944,127.73
profiler,3821,5337,5478,57.21
coder,16876,3570,6189,50.88
designer,20808,3255,5063,33.65
profiler,4820,8388,8537,88.06
coder,16536,4178,7342,80.19
feature_extractor,4568,16566,16976,167.37
sketch,5342,5214,6051,55.24
sketch,4995,5487,6337,51.08
sketch,5211,7920,8945,79.31
coder,17401,20949,23437,218.58
feature_extractor,4440,9187,10163,92.02
profiler,3283,4215,4409,54.69
sketch,5013,13437,14092,115.81
sketch,4616,11483,12050,117.49
coder,12785,12145,14564,119.44
coder,17438,24708,26172,270.87
sketch,5188,17688,18728,172.94
coder,16868,8139,10915,93.46
coder,13653,14446,17185,130.79
coder,13984,8694,11931,103.39
coder,14106,10443,13094,106.40
coder,16035,9124,11513,91.98
coder,21207,17752,20494,177.13
coder,16261,2917,5296,37.95
coder,20513,10472,13362,114.14
coder,12881,12111,14671,122.73
feature_extractor,4162,10372,10868,99.34
feature_extractor,4810,10729,11102,107.48
coder,16851,2610,5389,41.12
feature_extractor,5184,7451,7841,78.44
feature_extractor,4633,11559,12034,118.75
feature_extractor,5114,8991,9385,91.56
feature_extractor,5194,9689,10106,101.71
coder,14401,27879,30827,234.09
coder,17684,3867,6416,45.89
profiler,4855,2456,2598,28.04
coder,20887,11028,14041,187.63
coder,15751,12898,14054,141.79
coder,15700,5327,7850,66.29
profiler,9204,999,1168,12.50
coder,20043,5466,8062,70.28
designer,11646,7347,8375,73.93
designer,14065,10895,12025,116.15
coder,16826,20384,23072,227.21
coder,17729,14139,16961,136.22
coder,17051,4496,7106,60.25
coder,16377,7918,11023,101.62
feature_extractor,3808,9541,9942,102.46
feature_extractor,3605,10701,11198,108.05
coder,17130,13886,16518,160.20
profiler,6031,9471,9632,112.66
coder,17275,4543,7161,62.63
profiler,3310,6216,6347,84.46
coder,16076,7073,9620,89.91
coder,17100,4611,7275,60.73
coder,12970,4197,5629,53.33
sketch,4825,14274,15326,135.93
sketch,5191,15929,16856,153.83
sketch,4787,17880,18882,157.31
coder,11989,10605,12164,221.84
coder,13432,9471,11528,152.83
feature_extractor,4732,5431,5913,53.28
feature_extractor,4808,5117,5578,54.58
feature_extractor,5084,5413,5825,55.53
profiler,5851,4492,4657,50.20
coder,12112,15747,17125,171.98
coder,11844,18652,20644,252.10
coder,12112,19103,20896,350.22
coder,20529,8461,13855,151.10
coder,20195,797,3902,24.27
coder,15856,6635,8243,68.06
designer,12332,4608,5746,45.96
profiler,9710,6232,6427,73.35
feature_extractor,3792,6531,7029,64.14
profiler,6192,5397,5633,65.61
coder,15281,5806,8531,123.95
sketch,6255,10115,11820,94.31
profiler,6002,11249,11444,141.86
sketch,6075,12794,14486,112.63
profiler,3572,3372,3510,48.13
profiler,9699,7079,7258,87.74
coder,14385,17561,19043,189.30
sketch,6149,3882,5232,47.39
sketch,6416,20049,21710,168.20
coder,19282,8686,11399,108.19
sketch,6831,5608,7494,66.23
sketch,6357,12815,14035,121.80
sketch,6103,13690,15022,122.12
sketch,6183,12023,13723,102.53
sketch,6172,12221,14146,118.54
feature_extractor,6819,11182,11825,119.18
coder,13218,12954,14379,187.98
coder,14119,17545,19123,272.40
profiler,4082,7038,7276,78.78
feature_extractor,6405,9814,10285,103.55
coder,13528,20495,21804,183.69
feature_extractor,6990,16418,17082,168.68
coder,16733,2817,5348,39.87
feature_extractor,6352,12381,12836,131.02
feature_extractor,6484,13651,14074,134.12
feature_extractor,6778,11876,12733,120.63
feature_extractor,7550,12661,13569,122.71
feature_extractor,6681,20913,21759,206.16
coder,17148,13838,17007,161.07
feature_extractor,6937,15019,15849,149.28
coder,15993,9616,11084,98.97
designer,21219,2538,4411,28.57
designer,18627,9181,10517,80.80
feature_extractor,4426,7997,8821,89.97
profiler,4945,2202,2411,134.83
feature_extractor,3962,12709,13107,127.40
coder,15441,4101,7028,59.80
designer,19927,5392,6795,57.92
coder,15117,7732,9250,80.26
coder,15215,8547,10581,89.45
coder,16358,13650,16290,138.58
coder,16047,9578,10922,102.12
coder,13973,18529,21384,194.55
coder,18399,7568,9180,82.39
coder,17108,15444,18188,166.66
feature_extractor,4024,13434,13861,139.04
coder,17278,6205,9422,73.88
coder,16976,16245,18881,187.47
coder,14988,3334,5338,44.05
coder,22590,7171,10047,89.21
profiler,5728,4262,4461,66.55
coder,14433,11673,13959,115.12
coder,14433,14417,16582,147.61
coder,13588,17838,20231,171.56
profiler,3486,6218,6366,75.08
coder,17579,12865,15640,137.29
coder,15756,12980,14954,147.06
coder,18619,6168,7772,89.24
coder,14889,5365,7291,59.19
profiler,9733,3627,3859,41.93
coder,17525,11467,13751,110.50
profiler,10464,1842,1997,21.73
coder,15104,5797,7486,71.15
coder,17297,11157,13595,132.88
coder,15915,4667,6617,59.83
coder,16211,14929,16349,164.03
coder,18009,10412,12818,127.05
profiler,5098,4158,4315,55.38
coder,18273,10321,14044,149.80
profiler,2605,1128,1298,17.38
coder,16656,13383,15999,153.84
profiler,4873,1520,1672,20.37
sketch,5076,4222,5028,48.04
sketch,5434,6362,7108,68.53
coder,17555,12810,15386,158.78
sketch,5108,9212,10058,95.61
coder,16066,12604,14409,148.72
sketch,5224,5372,6307,63.34
profiler,5987,2039,2200,27.25
coder,19072,10330,13098,124.84
sketch,5062,12552,13804,138.72
coder,18013,21799,24154,247.03
feature_extractor,4918,9117,9704,107.39
feature_extractor,5127,9857,10261,118.62
sketch,4986,18340,19443,202.99
coder,19113,4516,7301,71.49
coder,17954,3948,6361,61.92
coder,17827,19365,21649,215.87
feature_extractor,5099,3003,3483,36.28
feature_extractor,4854,14837,15282,183.62
feature_extractor,5199,3694,4182,43.24
coder,16237,9069,10522,112.61
feature_extractor,4994,5491,6002,58.83
profiler,9401,5099,5234,61.07
profiler,5832,4267,4439,51.73
sketch,6439,6322,7944,73.63
sketch,6206,8616,10612,81.19
sketch,6340,7915,9881,81.14
designer,13277,3272,4424,40.89
coder,17531,11672,13924,138.85
coder,14421,12933,14602,169.08
feature_extractor,3796,4872,5271,56.26
feature_extractor,7170,10935,11611,126.42
designer,12748,13544,14514,163.29
feature_extractor,6934,13339,14186,147.91
feature_extractor,7018,16777,17798,186.41
designer,20760,2298,3919,29.34
feature_extractor,3537,13794,14296,161.08
coder,17126,19132,21535,224.89
feature_extractor,4225,13498,14242,152.21
coder,16205,19952,21607,243.35
coder,17608,17980,20160,169.74
coder,15589,8784,12159,129.45
profiler,5056,4976,5187,68.44
coder,15459,6391,7936,163.82
coder,15798,15743,18625,178.71
coder,15459,9563,10804,111.84
sketch,5278,5914,6630,69.82
coder,18417,14710,18808,209.72
sketch,5081,10637,11442,110.93
profiler,10836,3213,3375,47.13
coder,16577,11171,13400,127.44
coder,15459,16882,18337,380.37
sketch,5595,17180,18232,170.26
feature_extractor,4975,4378,4834,53.12
coder,12901,9853,11312,193.35
coder,17447,4279,6750,66.94
feature_extractor,4872,9235,9669,110.64
coder,14539,11497,13034,261.94
coder,17903,12328,13693,166.78
feature_extractor,5622,13659,14078,165.30
profiler,9950,2006,2193,28.21
coder,17681,6395,7736,90.22
coder,14539,14308,16232,241.10
coder,17789,7846,9323,103.22
coder,21443,8250,12205,126.67
profiler,5658,2014,2246,27.08
coder,16657,8037,9729,159.47
coder,15447,3495,5040,74.90
designer,14184,5069,6147,57.64
coder,17752,21639,23847,251.76
coder,18185,6111,9760,94.15
sketch,6019,3280,4541,46.33
coder,17588,9577,11169,154.63
profiler,3711,8530,8647,119.79
sketch,6174,7694,9031,94.79
coder,14469,6023,7569,74.04
coder,17920,6063,7539,176.17
coder,17813,7079,8545,83.21
feature_extractor,3783,17823,18297,217.47
feature_extractor,6403,7362,7819,83.03
profiler,5814,4595,4753,58.58
feature_extractor,6202,11996,12394,145.52
profiler,3560,3424,3594,48.17
coder,20096,18286,21633,241.93
designer,19317,5403,6635,56.86
sketch,5118,6180,7053,78.63
coder,18017,4424,5703,112.24
sketch,5072,11009,11854,120.92
coder,17904,6867,8429,108.97
coder,17950,8308,9590,87.11
coder,17767,16742,19544,188.52
sketch,5223,29037,29747,250.48
feature_extractor,3911,18104,18538,200.93
profiler,2379,7183,7362,86.80
coder,16279,6836,9635,85.53
feature_extractor,4942,10472,10874,121.36
feature_extractor,4881,12691,13158,134.38
coder,12958,11754,14095,130.70
coder,12087,13190,14855,151.32
coder,16990,11272,12627,120.52
feature_extractor,4897,15753,16164,178.44
coder,14076,17130,19300,182.94
coder,13095,18382,20569,200.81
coder,12087,16812,18630,287.01
coder,12087,23030,24989,329.18
coder,16108,3781,5903,50.10
coder,17271,10635,13625,138.97
profiler,3506,5432,5642,73.60
coder,14709,3452,5374,47.86
coder,16904,15637,17937,149.93
sketch,5208,6285,7299,68.12
sketch,5006,6696,7709,77.68
sketch,5001,10764,11617,112.22
feature_extractor,4905,2432,2862,29.26
coder,16346,15122,17519,171.52
feature_extractor,4787,3122,3661,34.82
profiler,6038,6863,7090,90.16
profiler,4244,5543,5676,65.90
feature_extractor,5116,5977,6456,67.41
designer,13460,11269,12341,140.15
profiler,8883,4063,4207,51.73
coder,19190,6473,8747,84.52
coder,15039,9003,10872,104.43
sketch,6852,6529,8291,78.07
sketch,6512,10013,11479,102.01
profiler,6141,2617,2759,87.70
feature_extractor,3629,14789,15205,167.39
coder,16418,7383,9721,97.86
coder,17065,12528,15069,153.15
sketch,6399,19942,21754,170.43
designer,13189,3255,4314,38.54
feature_extractor,3708,6545,7000,71.62
feature_extractor,6892,11316,12000,121.40
coder,14956,14734,16412,174.89
feature_extractor,7460,11884,12629,129.99
feature_extractor,7068,12489,13399,133.28
designer,20916,5161,7049,62.12
coder,18139,18957,21301,226.31
coder,16169,6963,9428,85.98
feature_extractor,4475,17208,17920,198.89
profiler,5103,5237,5427,68.81
coder,17171,7643,11636,108.16
sketch,5438,2184,3205,28.71
coder,19633,7855,11591,111.24
coder,17323,4908,7169,61.67
coder,17092,11841,14457,136.08
sketch,5535,8856,9624,97.38
sketch,5301,11065,12016,105.73
coder,16501,12539,15882,143.99
coder,23261,4837,8631,79.81
feature_extractor,5283,10302,10666,126.66
coder,16137,20253,22675,254.91
feature_extractor,5411,13760,14255,151.29
feature_extractor,5214,16068,16565,178.10
coder,16104,4957,7592,71.50
profiler,8542,2325,2479,32.27
coder,15928,7533,8670,88.18
coder,24236,2045,5650,41.35
coder,15928,8728,9911,186.29
coder,12535,8822,10617,344.48
coder,15928,13285,14450,302.86
coder,17466,4381,8062,72.89
coder,18547,20386,22590,239.85
coder,12721,16548,18511,291.33
designer,15231,3581,4807,46.83
profiler,10847,3236,3396,40.11
coder,12050,16280,18068,211.48
profiler,3298,2425,2632,36.85
coder,16108,3235,5060,66.60
feature_extractor,3904,9713,10287,104.80
coder,17890,6914,9532,87.58
profiler,9433,6617,6832,66.99
coder,16517,9166,11791,110.29
coder,15320,6485,8268,101.44
coder,18275,14457,15961,164.05
coder,18355,5552,7263,71.89
sketch,6886,11014,12758,96.20
coder,18116,11709,12967,111.42
coder,17203,8355,10732,93.70
coder,17908,16688,19211,186.38
sketch,6207,17485,19087,163.13
sketch,7094,18300,20429,168.21
profiler,2500,3808,3970,80.19
feature_extractor,6718,6586,7327,74.95
coder,14845,6805,8550,81.67
coder,18487,6357,7878,75.60
feature_extractor,8004,10585,11447,110.23
profiler,5932,2817,3034,37.11
feature_extractor,7475,15913,16855,164.99
coder,14602,5092,6842,102.65
coder,11886,11759,13619,231.95
coder,18392,4853,6090,105.36
sketch,5750,11204,12463,100.88
coder,14949,12943,14957,286.22
sketch,6132,19086,20327,154.58
coder,15751,8095,9826,93.83
designer,21468,9020,10901,108.97
coder,14827,21197,22483,293.44
profiler,5060,5376,5526,105.37
coder,18688,13587,15132,148.65
feature_extractor,6310,11598,12142,133.27
feature_extractor,5923,13465,13900,147.82
designer,18855,1100,2358,20.57
feature_extractor,4453,15845,16562,178.30
coder,14814,4811,6762,120.02
coder,17564,10904,12637,195.08
coder,14857,12678,14470,142.59
coder,18432,24991,26230,270.46
coder,17359,5888,7188,115.43
profiler,4030,7158,7376,88.56
coder,13753,14477,16706,162.15
feature_extractor,3946,17168,17661,185.97
coder,13117,16605,19155,176.12
coder,17486,4341,5966,53.19
coder,18692,21389,22821,231.89
coder,17609,8177,9935,95.77
coder,16840,4282,6655,60.41
coder,13162,22914,25326,263.76
coder,12774,9991,12866,121.92
coder,12280,12039,14272,123.97
coder,18114,6723,8028,130.42
coder,19251,2877,5300,48.01
coder,17689,10207,11493,119.26
coder,12280,15678,17974,169.53
coder,15026,3943,5722,54.66
coder,19218,5541,7224,56.41
coder,18412,4621,6069,94.05
coder,16421,9086,11735,110.45
coder,16527,7230,10105,102.95
coder,20436,16717,19404,219.87
coder,15697,15831,18064,186.03
coder,16239,10057,12584,123.60
profiler,6671,3449,3634,42.49
coder,18441,17814,19356,207.51
profiler,3407,5256,5481,68.78
coder,16939,10046,12682,131.57
coder,18438,18260,19493,140.73
profiler,3701,3086,3262,37.55
coder,16721,17615,20494,184.98
coder,16160,7918,10252,89.14
profiler,5162,1884,2025,23.25
sketch,5329,7812,8674,76.85
sketch,5253,9600,10686,88.97
coder,17418,13160,15885,173.02
sketch,5546,7156,8199,77.70
sketch,5212,15893,16821,145.26
sketch,5365,9239,10259,102.17
coder,16630,4859,7486,70.13
sketch,4931,9273,9971,108.27
coder,16295,5205,7220,69.19
coder,16616,7067,9997,93.94
feature_extractor,5529,5901,6395,67.50
profiler,9773,2408,2565,28.74
feature_extractor,5336,7782,8321,85.74
feature_extractor,5150,8021,8406,94.70
coder,16239,21526,24406,238.22
feature_extractor,4599,7819,8216,88.97
feature_extractor,5085,8793,9159,97.78
coder,18658,18249,19537,209.43
coder,15357,3858,7183,61.48
feature_extractor,5276,13128,13641,144.44
coder,18496,14020,15240,160.11
profiler,10961,120,323,4.35
coder,18413,1659,2991,26.02
sketch,5974,12480,14531,136.65
coder,16080,25188,27949,264.60
sketch,6436,13737,15510,147.22
designer,13309,4528,5780,52.13
sketch,6248,19170,21110,176.57
designer,13905,8238,9439,97.10
feature_extractor,3799,9589,10014,101.96
coder,16583,23237,26062,268.69
feature_extractor,6991,11362,12255,118.73
feature_extractor,7092,12380,13272,142.70
feature_extractor,6829,14235,15191,145.99
feature_extractor,3873,16616,17069,173.78
coder,16724,4165,6602,60.62
designer,21968,5853,7981,69.91
coder,16193,5487,8021,68.48
coder,15959,5906,8342,83.29
coder,16500,8199,10818,109.03
feature_extractor,4638,9496,10194,104.17
coder,18498,12194,13420,153.75
profiler,4701,2411,2638,32.59
coder,14364,11380,13955,125.81
coder,13670,13616,16304,137.28
coder,16183,16002,18306,148.19
coder,17894,2885,5647,51.26
coder,14060,18028,20960,197.46
coder,16297,17701,20423,188.64
coder,16301,25393,27848,287.80
coder,17807,5643,8408,86.81
coder,12106,9946,11542,147.48
coder,12183,10224,12111,117.38
coder,18499,31149,32394,354.21
coder,13667,15719,17364,257.76
coder,13620,11687,13253,175.41
coder,16290,7634,9861,103.32
coder,13620,16451,18316,231.93
coder,18442,5060,6341,68.24
profiler,4905,3276,3497,42.90
coder,13352,17434,19207,219.31
coder,19775,7624,10553,101.20
coder,19965,18308,20989,184.15
coder,15935,8917,11493,109.15
coder,15949,6509,8724,74.10
sketch,4801,5113,6813,63.19
coder,16644,17400,19915,179.52
coder,16069,7943,9479,104.52
sketch,4884,8123,9070,88.06
coder,17497,3815,5524,49.95
profiler,9368,6155,6305,71.51
coder,15493,11147,12889,128.48
coder,16323,4186,6804,64.37
coder,16522,8828,10282,84.50
feature_extractor,4742,4927,5367,54.63
coder,19755,6206,9043,86.33
feature_extractor,5283,5542,6047,61.94
coder,14886,5451,7454,74.97
profiler,3817,2321,2484,29.80
coder,17783,7027,9772,94.62
coder,15806,9817,12537,112.61
coder,16052,5351,6889,76.76
designer,13043,4467,5606,50.59
feature_extractor,3781,6867,7408,74.43
coder,16571,3140,5769,49.97
profiler,6934,4300,4492,58.50
coder,16496,6850,8882,79.66
coder,16418,17210,20078,219.65
coder,13644,8269,9917,97.22
coder,13644,8131,9610,124.10
coder,13644,8788,10476,152.86
profiler,9437,1318,1526,20.40
profiler,4916,2677,2838,36.87
profiler,6178,5207,5389,71.28
coder,17153,8104,10917,110.64
profiler,6353,2492,2697,30.72
sketch,4983,5393,6220,59.00
coder,16539,11144,13928,148.40
sketch,5243,5789,6667,66.21
sketch,5098,7980,8763,93.58
coder,16244,4660,6383,63.13
profiler,6710,5094,5257,64.03
profiler,9856,2484,2708,34.40
coder,16105,4991,6560,64.69
sketch,5330,3265,4246,44.29
coder,16315,2344,3925,35.95
sketch,6375,5144,6684,62.39
sketch,6312,6016,7694,72.61
feature_extractor,4762,9543,9918,112.66
sketch,5616,10876,12008,124.73
coder,16181,5390,7021,70.07
sketch,5148,13044,14016,143.29
feature_extractor,5081,13002,13367,148.23
coder,16190,4048,5637,57.64
feature_extractor,4842,14902,15361,160.98
sketch,6367,18357,20194,159.61
feature_extractor,5683,6102,6641,75.89
profiler,6337,1474,1628,59.64
feature_extractor,5266,9198,9777,107.61
feature_extractor,5070,9705,10077,114.99
designer,13466,4182,5136,50.34
feature_extractor,6833,10797,11442,115.63
coder,16447,5123,6724,65.53
feature_extractor,6820,12528,13357,148.71
feature_extractor,7046,13588,14270,150.07
designer,22195,1101,3126,26.51
designer,14761,4341,5411,56.93
profiler,6295,2082,2261,28.59
feature_extractor,3533,7337,7825,95.50
sketch,5229,9937,10873,107.27
feature_extractor,4579,11733,12328,143.42
sketch,5271,12805,13652,134.48
feature_extractor,3735,15850,16321,178.41
sketch,5282,31576,32529,261.97
coder,15054,11767,15321,147.07
feature_extractor,5080,4751,5282,54.88
coder,15054,16598,19281,187.42
feature_extractor,5086,5411,5882,66.10
coder,14073,15201,17410,191.04
feature_extractor,5195,6390,6897,78.28
coder,17272,6219,8499,75.26
coder,13413,10832,12379,192.67
coder,17495,10153,12880,121.24
coder,12066,11014,12741,170.40
coder,17036,7513,10126,100.17
designer,13318,1690,2961,32.21
coder,14685,13364,15873,162.07
feature_extractor,3908,4080,4606,49.79
profiler,8252,4385,4519,58.16
coder,13482,11598,13041,149.77
coder,13482,11063,12608,167.79
profiler,3530,7682,7866,109.64
profiler,9780,3348,3514,47.16
profiler,5048,4553,4731,68.92
profiler,3548,2960,3196,40.84
coder,13214,19820,21415,239.60
profiler,9694,4380,4551,59.49
coder,18913,4345,6170,67.84
profiler,3672,4082,4194,56.52
profiler,3805,2565,2815,35.01
sketch,6169,10059,11862,102.78
sketch,6259,12923,14833,127.33
coder,14277,11643,13560,169.42
sketch,5042,4978,5831,60.03
coder,11540,15209,16734,191.27
coder,14700,10950,12640,141.64
sketch,5240,7596,8532,94.53
coder,12119,18065,19941,192.49
sketch,5877,20909,22519,191.52
sketch,5317,10455,11464,125.09
coder,14714,3000,4926,46.86
profiler,6222,3101,3343,41.07
coder,14923,3379,5247,53.78
feature_extractor,5131,10596,11037,116.24
feature_extractor,6358,11860,12600,142.41
feature_extractor,6984,12594,13521,148.43
feature_extractor,4854,11818,12330,145.91
feature_extractor,6808,14847,15700,178.61
feature_extractor,5255,13495,14039,164.18
coder,15633,5181,7131,91.79
coder,16247,15488,17440,207.64
coder,17405,5545,7453,77.28
designer,20334,11637,13483,113.76
designer,13600,7534,8774,71.83
profiler,7864,1913,2140,25.86
feature_extractor,3800,6396,6832,79.92
coder,16303,8473,10103,103.92
feature_extractor,4416,14953,15638,166.68
profiler,6556,2123,2367,29.37
sketch,5156,5620,6605,69.41
sketch,5544,8441,9549,81.29
profiler,3743,8890,9116,103.14
coder,14604,9975,12421,126.05
coder,14604,13847,16332,154.75
sketch,5489,15641,16603,165.41
coder,13125,19818,22084,197.26
coder,17639,5041,7426,71.75
sketch,5256,8335,9215,97.33
sketch,5185,9028,10154,105.25
feature_extractor,5071,6520,6989,70.96
feature_extractor,5391,6478,6923,75.61
feature_extractor,5573,7297,7851,79.21
sketch,5061,17547,18286,158.65
coder,12107,9212,10761,120.49
profiler,5726,2352,2551,32.57
coder,17588,10929,13466,149.43
profiler,8212,8898,9092,125.42
coder,16794,3872,5259,51.54
feature_extractor,5068,11302,11830,121.55
coder,12107,20823,22238,259.18
coder,13282,21359,23064,251.71
profiler,8488,3521,3711,46.62
designer,13864,12351,14142,131.04
feature_extractor,4774,15010,15397,170.41
profiler,6043,3761,3935,46.29
feature_extractor,5261,18544,19088,197.93
feature_extractor,4334,6146,6604,67.67
sketch,5956,7060,8875,81.43
sketch,6106,10227,12066,102.70
sketch,5836,14278,15911,133.39
designer,14117,9723,10982,118.34
feature_extractor,6600,10352,11111,109.71
feature_extractor,6345,10261,11004,117.03
feature_extractor,6823,13280,14126,142.14
profiler,4758,3638,3815,46.73
feature_extractor,3926,15124,15652,165.67
coder,15997,7239,8541,80.99
coder,15997,10113,11263,134.06
coder,16401,5638,7326,77.61
coder,15997,12290,13523,192.69
profiler,3444,1813,1999,47.43
profiler,5037,406,583,6.81
sketch,4920,7033,7965,74.08
coder,18086,7251,8397,85.05
sketch,5198,9082,9909,102.19
coder,18183,8363,9766,100.31
sketch,4946,17658,18559,162.05
profiler,4614,5054,5309,67.41
profiler,4826,2473,2599,33.08
feature_extractor,4803,8446,8772,97.86
feature_extractor,4806,10787,11325,119.23
sketch,4812,7636,8559,77.62
sketch,4948,7453,8322,78.73
feature_extractor,4996,11826,12230,128.98
sketch,5052,8674,9470,86.68
coder,11659,14006,15758,199.86
feature_extractor,4744,3500,3978,42.22
coder,13083,15724,17519,173.65
feature_extractor,4650,5482,5916,59.92
feature_extractor,4770,5137,5601,64.69
coder,13102,16754,18212,208.52
designer,13330,6893,7746,80.40
coder,15751,5237,6897,73.95
coder,14073,3110,4828,74.13
designer,13399,4513,5575,52.91
coder,14083,7475,8974,88.33
coder,16151,4985,6608,58.32
feature_extractor,3452,9387,9747,108.10
feature_extractor,3734,5808,6216,62.12
profiler,5748,7541,7698,91.44
coder,16055,15501,17032,168.00
coder,17344,12029,13446,137.27
coder,17124,4537,6135,101.10
coder,14099,11762,13220,119.71
coder,18537,17061,18751,196.26
coder,18468,13437,14758,163.20
coder,12008,10634,12085,170.41
coder,11451,9843,11073,145.69
coder,13041,9848,11286,127.43
coder,17141,7719,9326,114.30
coder,13295,11276,12464,143.01
profiler,3472,1636,1808,21.40
coder,12923,13565,14770,206.33
coder,12459,13945,15304,185.66
coder,15551,5975,7270,74.04
profiler,4562,4180,4330,52.48
coder,15667,8312,9926,102.03
coder,14770,5188,6273,73.17
coder,15113,10414,11597,129.23
coder,14018,6947,8301,93.75
coder,16192,10814,12457,142.38
coder,15465,9027,10316,129.32
coder,16884,6358,7963,94.75
coder,15422,7104,8245,113.29
coder,15375,5364,6555,73.56
coder,14995,6865,8540,84.84
coder,15495,4011,5294,48.86
coder,16800,11130,12684,131.43
coder,13997,5223,6485,66.63
coder,14030,10110,11758,137.32
profiler,7142,3194,3362,42.47
profiler,3356,6555,6768,86.45
sketch,4755,4141,5036,54.46
sketch,4983,6347,7231,69.26
sketch,5190,7472,8368,85.28
coder,17207,11215,12833,139.94
profiler,5590,4246,4399,56.35
coder,15498,7525,9028,95.04
feature_extractor,4826,10509,10966,122.63
feature_extractor,5027,10687,11074,124.09
coder,14414,10784,12321,119.46
feature_extractor,4585,12978,13432,153.45
profiler,4979,2571,2720,35.76
sketch,4856,8500,9348,94.62
sketch,4936,8128,9043,98.58
profiler,7136,6296,6458,97.99
designer,13100,13438,14415,107.86
sketch,5162,15555,16484,149.92
feature_extractor,4789,4273,4750,46.28
feature_extractor,4648,5200,5622,58.23
feature_extractor,5007,5586,6023,64.13
sketch,5163,9368,10532,118.53
feature_extractor,3558,9103,9467,112.21
sketch,5083,11661,12441,137.03
feature_extractor,5230,5038,5654,65.54
feature_extractor,4827,6219,6693,75.92
designer,12826,11574,12795,128.17
designer,13805,11040,12082,100.64
feature_extractor,3875,8927,9370,104.25
feature_extractor,3715,10273,10773,129.25
coder,13998,5448,7081,77.52
coder,14040,8081,9699,221.32
coder,14582,9050,10415,195.00
coder,18279,4184,5616,108.81
coder,16233,5711,7170,124.40
profiler,6112,3780,3981,85.51
coder,15509,9858,11224,133.90
coder,16182,8136,9573,99.24
coder,18020,4807,6185,53.74
coder,14202,4587,6273,120.42
profiler,4755,5611,5787,68.51
profiler,4758,4258,4481,58.89
coder,13194,8217,9885,107.07
coder,15538,10245,11776,153.06
coder,14370,10258,12077,169.47
sketch,4895,4326,5130,52.13
sketch,4959,4383,5299,56.34
coder,15813,13361,15117,234.72
coder,18152,2414,4849,45.81
sketch,4948,8208,9009,89.23
coder,15152,3149,4807,61.19
profiler,5300,2997,3116,41.03
coder,15840,23958,25576,229.52
profiler,5755,1703,1873,24.88
coder,16999,4973,6623,74.99
coder,17061,5083,6743,69.85
coder,18055,12218,13618,144.82
feature_extractor,4652,10083,10463,122.58
feature_extractor,4690,10589,11121,122.72
feature_extractor,4829,10617,11132,125.33
coder,18299,9229,10722,110.54
profiler,6096,4356,4566,53.41
designer,13735,2954,4022,37.04
coder,18507,9291,10891,120.78
profiler,4872,3163,3337,43.00
coder,18505,9623,11082,115.78
sketch,5032,8881,9803,89.50
profiler,4949,3672,3861,51.31
feature_extractor,3641,10461,10801,129.23
coder,18467,9170,11250,122.67
sketch,6000,11625,12866,135.01
sketch,5117,13341,14282,141.47
feature_extractor,4986,3561,3976,47.20
feature_extractor,4895,5863,6352,73.07
feature_extractor,6164,6828,7307,84.49
coder,16288,10992,12820,147.75
designer,13862,2369,3347,37.56
coder,15948,3346,5005,58.53
feature_extractor,3651,5980,6451,75.84
coder,17100,3880,5960,57.92
coder,12294,5773,7368,123.86
coder,13588,6368,8210,89.02
coder,11657,7482,9170,145.58
coder,16287,8422,10021,104.27
coder,15475,2409,3989,65.90
coder,15642,3021,4859,48.76
profiler,6389,4550,4735,61.25
coder,14642,8787,10278,105.98
profiler,3572,1942,2175,27.85
sketch,5445,6941,7812,83.94
sketch,5224,10505,11390,105.55
sketch,5094,14232,15128,152.90
profiler,3839,2554,2732,35.31
coder,15314,11088,12637,159.94
coder,15314,14179,15759,174.57
coder,15314,13636,15312,216.58
feature_extractor,4922,9372,9786,116.30
feature_extractor,5269,12218,12804,148.64
coder,15625,14823,16293,199.37
profiler,5053,1576,1782,23.73
feature_extractor,5061,12927,13385,162.42
coder,17844,5879,7520,70.73
coder,17770,9769,11449,123.34
profiler,5011,3401,3543,45.99
designer,13305,5308,6280,60.91
profiler,6342,3767,3936,49.31
coder,14880,10709,12608,124.84
sketch,5296,6125,6852,69.27
feature_extractor,3641,11609,12109,123.40
sketch,5254,14384,15467,134.56
coder,16198,8996,10423,116.55
sketch,5285,17170,18539,159.14
feature_extractor,5246,3732,4208,42.80
feature_extractor,4997,5676,6204,65.93
feature_extractor,5559,6184,6620,73.32
coder,14552,4917,6363,64.27
profiler,4821,4358,4506,57.57
sketch,5351,5624,6442,61.62
sketch,4963,5427,6228,71.76
sketch,5084,8667,9498,99.52
feature_extractor,4873,9223,9650,111.46
feature_extractor,4732,9704,10231,115.84
coder,17395,13970,15257,164.11
feature_extractor,5118,12375,12977,154.92
coder,15952,14483,15976,221.91
coder,16220,20345,21758,274.47
coder,15579,2294,4290,39.13
coder,19654,8157,9558,101.76
coder,19816,13291,14758,138.75
coder,19091,8296,9898,115.17
coder,14432,9293,10846,110.55
coder,15700,9856,11446,120.15
coder,15637,5636,7516,77.69
coder,15809,10121,11597,135.12
coder,20248,5093,6722,66.28
coder,15759,20171,21734,232.58
coder,18701,12107,13621,144.04
coder,15802,11657,13263,140.16
coder,18870,7699,9355,81.99
profiler,5016,10128,10286,123.53
coder,18780,14456,16175,157.23
coder,14634,8878,10344,102.52
profiler,7436,1516,1681,28.55
coder,15888,10869,12280,108.77
coder,18458,9438,11080,709.21
coder,15889,6428,7991,80.60
sketch,5332,9069,9869,95.30
sketch,5183,16594,17436,159.42
feature_extractor,4985,11709,12195,124.91
feature_extractor,5079,13367,13919,154.37
designer,13661,10219,11186,107.92
feature_extractor,3636,8332,8834,95.41
coder,13609,8503,10426,149.36
coder,12511,10413,12288,230.36
coder,13609,11375,12616,169.25
designer,3668,8618,10196,120.07
coder,19357,6157,7958,146.39
designer,3519,7061,7937,82.30
designer,3784,20362,21178,212.77
feature_extractor,4220,9400,10140,103.95
designer,3663,12788,13913,125.39
feature_extractor,3393,6836,7216,73.14
coder,17912,7735,9205,95.44
feature_extractor,3612,4728,5110,52.07
coder,16183,8702,10370,177.54
designer,3650,15562,16536,159.55
feature_extractor,3744,6087,6660,70.09
coder,12404,7142,8215,76.07
coder,17477,2688,4625,93.49
coder,10785,7562,8579,81.92
coder,10785,9999,11200,99.85
designer,3633,17497,17926,199.13
feature_extractor,3635,7704,8109,87.36
feature_extractor,3101,1990,2302,25.14
coder,14428,10609,12684,120.07
coder,13792,13091,14914,144.86
coder,12975,5803,8740,91.44
coder,10186,7539,8676,90.30
coder,11800,6826,8295,91.66
coder,16286,18442,19961,189.68
coder,18377,5165,6826,98.10
coder,12975,10363,12193,120.91
coder,12975,14358,16024,154.56
coder,10839,14999,16093,162.16
coder,15999,5011,6525,59.30
coder,15930,24746,26354,256.59
coder,16814,6630,8387,71.97
profiler,4393,3269,3470,41.01
coder,16160,7059,10337,106.48
coder,13107,13387,16252,164.92
coder,13969,4743,6144,57.26
coder,12650,18248,20529,280.30
coder,13107,19510,22333,307.52
coder,14288,19374,22567,394.50
coder,15746,9952,11679,110.50
coder,13107,32652,35524,556.25
coder,13443,8608,9851,95.38
profiler,5387,5331,5467,64.14
coder,15576,9651,11321,104.20
coder,16849,6860,9515,89.59
profiler,3174,9459,9629,108.63
coder,18661,22947,25586,255.29
coder,17329,3405,5788,51.91
coder,12317,5121,6409,70.55
profiler,6464,4291,4545,52.39
coder,15663,2600,4323,33.68
coder,18113,6631,8226,81.76
coder,16084,9895,12812,113.77
profiler,4861,2812,2922,35.87
coder,12935,8874,10525,107.54
profiler,1655,2156,2277,24.64
coder,18347,21679,23489,246.03
sketch,4540,4614,5439,49.50
sketch,4484,8066,8762,79.12
sketch,4688,8916,9743,88.43
coder,13246,8469,9809,101.88
feature_extractor,4464,2415,2811,27.58
coder,18827,8360,11165,103.87
feature_extractor,4149,2954,3362,33.34
feature_extractor,4320,3916,4286,42.67
designer,9332,2462,3367,30.14
feature_extractor,3429,5498,5882,59.15
coder,12400,5617,6725,62.51
coder,12400,8195,9287,83.23
coder,12400,24256,25392,221.48
profiler,6520,1003,1185,12.99
profiler,3807,1793,1984,23.21
sketch,5111,8373,9363,79.13
sketch,5399,7810,9044,89.29
profiler,6306,3111,3285,83.98
sketch,5639,10930,12124,113.19
coder,13491,18139,19339,201.58
coder,15810,7143,8885,90.75
feature_extractor,5048,7556,8113,78.30
feature_extractor,5535,6964,7544,79.38
coder,15237,8386,9997,101.64
feature_extractor,5755,10220,10825,114.44
coder,17643,15219,18193,194.10
designer,9575,8277,9567,81.66
coder,14467,7520,8745,76.51
profiler,6185,8783,8998,115.96
feature_extractor,3927,8142,8703,88.16
coder,14795,7038,7482,83.34
coder,18170,5230,7006,62.53
coder,17086,10692,13638,122.40
coder,13736,5967,9361,81.50
coder,16670,4098,6771,53.90
coder,16834,18537,20501,185.98
coder,19314,20458,22037,240.74
coder,15586,24805,26963,264.62
coder,13370,8616,9859,101.68
coder,20619,14934,17210,179.53
profiler,3747,1003,1155,13.95
coder,20580,4397,6146,55.32
profiler,5210,2246,2376,29.95
coder,20023,10258,13005,131.92
coder,17192,18860,21894,237.78
coder,16844,12078,14946,160.60
coder,14972,8148,10004,105.36
profiler,5136,5054,5227,60.68
coder,19119,4295,6049,54.00
coder,15918,17178,19692,207.74
profiler,5474,4794,4918,57.70
profiler,3833,909,1098,12.97
coder,13118,8581,9861,112.77
sketch,5343,7271,8297,77.32
sketch,5317,7056,8139,79.50
sketch,5254,8712,9838,84.08
profiler,6712,4717,4875,63.71
coder,19524,22485,24157,342.75
coder,14428,4111,5236,52.67
feature_extractor,5282,6380,6827,79.21
feature_extractor,5339,8117,8504,90.46
profiler,6624,2918,3095,37.73
coder,14666,4539,5836,60.78
feature_extractor,5293,12796,13313,156.19
coder,19090,9541,12573,133.49
designer,14637,1102,2229,19.96
coder,18851,11424,13206,144.54
coder,13205,911,2220,21.17
coder,20880,8443,10136,102.75
coder,16161,12913,15789,152.77
profiler,5672,1430,1553,18.47
coder,16975,23534,26998,295.35
coder,17630,12795,15342,164.51
coder,13403,16403,17718,208.76
feature_extractor,3779,9798,10260,111.14
sketch,4591,7576,8314,79.92
sketch,4576,9491,10252,94.24
sketch,4704,11986,12708,119.62
feature_extractor,4393,2340,2730,27.08
coder,16210,7189,9071,83.31
feature_extractor,4291,3078,3438,33.16
feature_extractor,4301,4046,4429,44.40
coder,16705,8131,10304,102.66
coder,16705,10862,12807,118.41
coder,13339,6135,7459,78.06
designer,8943,5349,6142,55.63
coder,18983,21166,23644,279.59
feature_extractor,3325,2747,3089,33.77
coder,16387,10634,13522,140.46
coder,11698,4095,5137,51.34
coder,17025,6245,9278,91.68
coder,12351,5197,6299,64.65
coder,12351,5534,6720,66.85
coder,18628,12341,14654,140.41
coder,13026,15941,17170,175.96
coder,17456,8226,11679,117.38
coder,18624,23940,25741,283.60
coder,12522,3704,4860,52.56
profiler,5041,2714,2881,32.48
sketch,6875,5270,6407,61.16
coder,16102,10665,12984,120.27
sketch,5378,20124,21128,176.56
sketch,5288,20238,21183,179.18
sketch,5296,10059,11095,101.54
feature_extractor,5186,6093,6697,71.54
feature_extractor,6940,6233,6822,72.13
feature_extractor,5348,7551,8152,89.99
profiler,3951,1866,2013,22.96
coder,12137,15186,15805,184.98
sketch,5141,18662,19616,185.87
coder,17002,5593,7623,83.36
coder,18130,17883,20712,204.60
profiler,4327,2469,2598,34.00
designer,9744,15969,16907,129.04
coder,13108,7805,9900,111.15
feature_extractor,5045,10080,10560,121.10
coder,14795,7097,9529,95.58
feature_extractor,5257,9973,10505,130.64
feature_extractor,3611,5473,6038,70.86
coder,14295,5481,7102,68.40
coder,14295,8614,10151,92.97
coder,14281,7433,8948,94.54
profiler,9123,3925,4049,56.18
coder,18767,2546,4557,44.35
coder,17415,9173,12733,135.02
profiler,6664,1571,1720,23.11
coder,17104,4576,6497,71.41
coder,13822,2448,3623,30.67
profiler,7553,5104,5354,64.25
profiler,6291,2605,2848,34.30
coder,18527,17957,20386,252.01
coder,16392,13974,16982,170.95
coder,16328,3310,4757,48.66
sketch,4777,8802,9559,102.96
coder,21086,7318,9726,96.44
profiler,4084,3360,3528,41.34
sketch,4257,15136,15875,150.95
profiler,10010,3873,4042,47.48
feature_extractor,4472,6990,7370,76.36
feature_extractor,3986,7736,8198,91.39
sketch,6573,6913,9052,70.45
profiler,4443,1463,1642,18.79
sketch,7075,11803,13852,104.11
profiler,6216,2438,2659,31.72
sketch,6444,12400,14207,128.59
coder,18613,17795,20041,218.17
sketch,4521,7114,7843,67.75
sketch,4647,7214,7961,71.18
designer,10467,11773,12599,131.61
sketch,4659,13882,14736,117.18
coder,19167,9559,12999,134.13
feature_extractor,4359,1851,2210,20.77
feature_extractor,4465,3910,4272,42.78
feature_extractor,4216,4142,4516,48.29
feature_extractor,3461,6863,7270,78.86
profiler,6666,3057,3258,38.36
feature_extractor,7137,13187,13649,154.98
feature_extractor,7989,14891,15746,155.28
designer,9234,5830,6627,53.86
feature_extractor,7497,18619,19620,186.10
coder,15067,7849,10641,109.03
sketch,5496,7295,8402,74.35
sketch,5591,7219,8450,75.85
feature_extractor,3331,3673,4061,40.16
sketch,5461,15706,16763,131.09
designer,23085,3335,5477,38.81
coder,12357,7824,9106,80.10
coder,12357,8316,9504,92.86
coder,15019,17603,18993,184.88
coder,12357,9954,11059,102.22
profiler,6124,6318,6505,74.79
feature_extractor,5722,8530,9052,89.17
coder,11497,19977,21125,228.10
feature_extractor,4654,5867,6574,71.52
feature_extractor,5557,8441,8865,94.21
feature_extractor,5478,8700,9089,97.32
coder,11497,23262,24404,252.88
sketch,5064,7216,8388,74.91
designer,15009,3926,5069,38.13
sketch,5233,10906,12021,97.65
sketch,5158,11397,12507,102.98
feature_extractor,5177,6922,7540,78.47
feature_extractor,5260,7817,8383,84.34
feature_extractor,5155,8152,8736,86.20
coder,22170,13270,16723,162.83
coder,18629,16603,19479,271.93
feature_extractor,3803,13141,13678,143.83
designer,9218,7136,8311,60.40
coder,18833,6607,9154,79.58
coder,16234,7850,9778,85.38
coder,16061,8627,10452,98.52
coder,14208,9692,11346,108.14
feature_extractor,3802,8225,8816,86.44
coder,19597,6928,10342,96.58
coder,14073,10530,13444,247.19
coder,14184,8127,10213,94.35
coder,15711,11538,14884,197.25
coder,14184,9641,11617,107.18
coder,14184,14752,16467,139.16
profiler,6780,2943,3098,31.15
coder,16562,4169,6173,57.78
profiler,5600,6227,6390,79.57
coder,17226,1638,3739,30.55
coder,19997,1431,4771,33.53
coder,15080,11882,13033,132.33
profiler,4390,1957,2082,25.08
coder,14984,7255,8485,84.28
coder,21251,4195,7159,65.95
profiler,5262,3112,3297,39.05
profiler,5300,3250,3463,34.35
coder,17329,5168,7149,64.19
profiler,1820,2450,2601,27.74
sketch,4649,6555,7357,67.70
sketch,4594,10696,11405,92.55
sketch,4772,12536,13324,120.51
feature_extractor,4416,1636,2125,21.82
feature_extractor,4518,4150,4611,44.22
feature_extractor,4270,4171,4531,46.43
designer,8922,951,1659,12.21
feature_extractor,3251,2854,3228,32.13
profiler,5448,6752,6925,79.86
coder,12607,4224,5294,52.06
profiler,7837,6854,7047,82.53
coder,12607,6269,7412,77.20
coder,10643,7675,8717,79.43
profiler,5431,3894,4074,44.89
coder,15498,5388,7064,65.98
profiler,7896,3491,3674,44.55
profiler,4676,9284,9420,127.83
profiler,6368,2502,2650,35.95
coder,20555,7874,11230,102.38
coder,17270,3438,5437,49.96
sketch,4829,8563,9152,93.07
sketch,4755,8833,9393,96.66
sketch,4967,16901,17819,178.79
profiler,4334,4892,5031,61.24
feature_extractor,4283,9706,10219,114.48
feature_extractor,4821,12818,13253,151.79
feature_extractor,4384,14554,15138,155.91
profiler,7237,4073,4336,53.39
coder,17206,13417,15641,156.06
profiler,5706,2647,2809,34.37
profiler,8971,4844,5021,64.66
sketch,5583,4280,5290,53.79
sketch,5406,6676,7880,67.97
profiler,4415,1348,1548,18.09
sketch,5262,11249,12276,104.13
designer,10178,11589,12355,141.70
sketch,4537,4117,4853,42.85
sketch,4538,5030,5747,48.13
sketch,4619,4732,5518,48.73
sketch,6896,10098,12163,103.24
feature_extractor,4237,3411,3787,38.07
feature_extractor,4219,3574,3944,38.13
feature_extractor,5538,7215,7679,81.84
feature_extractor,4359,4318,4784,47.52
feature_extractor,5241,8095,8526,97.00
feature_extractor,5545,10171,10717,109.04
sketch,6881,18385,20333,169.26
sketch,6823,17745,20051,174.02
coder,17496,13459,15214,138.97
designer,9129,4512,5198,49.88
designer,14800,1943,3326,34.40
feature_extractor,3408,11262,11818,127.73
feature_extractor,3228,3873,4215,43.96
feature_extractor,7834,9331,10154,112.37
coder,11712,6962,8255,77.12
feature_extractor,7989,10573,11074,121.43
feature_extractor,7667,11485,12183,130.06
coder,10580,6374,7503,74.55
feature_extractor,3986,10553,10977,121.69
coder,11712,10346,11539,122.35
coder,11712,10269,11459,125.25
coder,13945,2338,3602,36.01
coder,10580,11541,12533,113.49
coder,12741,1715,2834,25.78
coder,20669,4695,6858,64.64
coder,16979,16090,18106,192.52
coder,11601,14071,15396,151.27
coder,11862,2019,3035,30.06
coder,14647,9708,11553,115.17
coder,16349,10602,12441,119.50
coder,13810,5059,6195,63.24
coder,18710,6569,8498,80.45
coder,13752,8345,9431,106.64
coder,17181,4364,6294,61.68
designer,24495,8603,10926,119.53
coder,14381,3058,4142,45.01
feature_extractor,4938,11367,12206,136.04
profiler,6579,2369,2546,29.57
profiler,3368,6532,6741,80.88
profiler,7449,2205,2416,28.06
coder,17132,13539,15514,156.23
coder,16125,9373,11323,118.08
coder,16036,6473,8252,88.14
profiler,4295,2508,2697,31.19
profiler,4573,5850,6026,69.67
coder,13881,10555,11642,132.96
profiler,6614,2556,2730,33.41
coder,16099,27529,30178,361.83
profiler,5203,3326,3597,40.47
coder,14827,32583,35935,384.81
coder,17101,34574,38031,372.48
profiler,6707,3436,3558,42.58
sketch,5555,7283,8485,76.84
sketch,4499,2477,3173,32.18
sketch,5295,9964,11087,96.45
sketch,4569,4557,5365,51.29
sketch,4780,8254,9036,69.89
sketch,5553,14043,15070,137.67
feature_extractor,4157,3042,3411,34.07
feature_extractor,4521,4444,4836,49.81
feature_extractor,4332,6054,6459,65.48
coder,13909,10551,11612,123.24
profiler,3849,5016,5165,63.79
profiler,5989,2686,2913,50.63
feature_extractor,5529,7672,8261,86.07
feature_extractor,5340,8047,8616,89.79
feature_extractor,5679,8611,9194,92.29
sketch,5428,5908,6992,69.20
designer,9138,7634,8379,75.84
sketch,5356,8815,9800,84.21
designer,9302,4267,5387,43.04
feature_extractor,3284,3399,3767,36.63
feature_extractor,3767,2504,2987,30.88
coder,19331,10785,14031,116.63
sketch,5537,16865,17968,152.23
coder,12310,7120,8656,84.69
coder,13168,7845,9431,81.41
coder,19318,15102,18855,212.52
coder,12310,8708,9880,100.51
coder,13304,11877,13411,118.92
coder,13685,10266,11892,120.20
coder,12310,13698,15581,136.23
feature_extractor,5571,10424,10864,113.59
feature_extractor,5445,9828,10485,113.90
feature_extractor,5282,12010,12530,134.33
designer,15404,342,1540,11.92
feature_extractor,3835,10411,11029,114.00
coder,18936,21364,24633,251.57
coder,14820,2565,3948,37.30
profiler,3172,5224,5374,72.36
coder,15363,6520,8436,84.50
coder,13890,6722,8566,85.71
coder,14815,4659,6260,57.18
sketch,4682,5896,6612,62.46
coder,13257,13726,15710,150.18
coder,16101,5130,6674,69.22
coder,16836,3765,5688,44.24
sketch,4877,14225,15174,133.80
sketch,4727,17849,18685,161.35
profiler,5251,4729,4912,64.13
coder,20169,6853,10266,92.68
coder,14904,9246,10865,101.73
coder,15288,12440,14116,129.54
profiler,6846,2929,3081,34.67
feature_extractor,4370,9460,9950,108.12
feature_extractor,4511,11434,11857,128.71
coder,15251,2570,4441,39.56
feature_extractor,4772,12180,12704,133.23
profiler,4947,2823,3026,37.75
coder,18512,28765,32588,301.74
designer,11408,6200,7174,73.17
coder,15732,6494,8103,76.04
profiler,5398,8511,8730,106.51
feature_extractor,3615,15932,16460,175.79
profiler,6659,2734,2907,37.83
coder,14615,3410,5202,47.02
profiler,4974,1881,2004,24.47
coder,19661,6716,10591,92.64
profiler,8460,11242,11449,145.05
profiler,3801,3816,3967,46.44
coder,15172,12393,14111,151.58
profiler,5103,4908,5094,54.99
coder,17567,6823,8630,87.52
profiler,6252,5194,5376,69.03
sketch,5587,4149,5041,46.01
coder,11348,20743,22328,201.36
sketch,4617,10996,11656,101.23
sketch,5292,7787,8862,68.75
sketch,5492,7593,8547,79.42
coder,19592,6860,10473,91.71
sketch,5196,5451,6626,60.87
coder,14389,5484,7018,71.75
sketch,4838,24168,25008,181.52
sketch,5318,25511,26226,202.12
sketch,5199,15805,16777,137.72
feature_extractor,4997,2100,2485,22.82
coder,17007,10271,11726,122.13
feature_extractor,4627,3201,3619,37.73
feature_extractor,5315,11040,11697,124.38
feature_extractor,4236,4752,5120,58.50
feature_extractor,5393,13563,14051,150.01
sketch,5224,25021,26027,195.66
designer,9007,2572,3233,27.17
feature_extractor,5440,14481,14876,168.53
feature_extractor,3194,3417,3773,41.68
feature_extractor,5287,5569,6158,65.26
feature_extractor,5180,6415,6989,74.72
feature_extractor,5117,7813,8462,87.11
profiler,5003,4193,4368,54.39
coder,14824,5625,6761,68.69
coder,12220,6468,7548,72.29
coder,12522,7551,8618,92.27
coder,16485,6877,8380,88.38
coder,13763,4834,6267,60.47
designer,9288,8082,9276,82.23
feature_extractor,3840,3222,3782,40.46
designer,14860,20313,21467,207.63
coder,21801,21329,25518,264.50
profiler,4405,2905,3087,42.23
coder,12995,8069,9862,89.85
coder,14524,8246,10023,104.29
feature_extractor,3778,8105,8695,91.60
coder,12995,12574,14259,138.30
profiler,4931,5126,5305,74.94
profiler,5180,2636,2768,35.57
profiler,4341,912,1106,12.29
coder,13032,12160,14003,131.73
coder,21215,14245,18281,164.86
coder,14541,12060,13945,143.98
coder,12955,15068,16666,158.07
sketch,4546,6786,7505,70.15
profiler,6324,1247,1409,15.44
coder,17239,7940,9647,84.28
profiler,5256,6439,6684,88.48
profiler,9827,5918,6145,72.24
profiler,6372,5227,5488,58.04
coder,15995,4267,5770,61.07
profiler,7943,2423,2601,31.88
sketch,6223,3301,5159,50.96
sketch,6964,11714,13750,126.39
sketch,7541,14673,17174,138.79
profiler,4921,6741,6994,83.08
sketch,5440,8941,9991,77.66
feature_extractor,6947,8784,9598,108.85
sketch,5107,9721,10660,100.56
feature_extractor,7872,11957,12776,135.85
sketch,5199,13051,14066,129.27
feature_extractor,8894,16567,17201,197.46
feature_extractor,4997,6020,6489,73.02
feature_extractor,5452,7474,7872,84.45
feature_extractor,5142,9663,10317,113.27
profiler,6440,3789,3974,650.85
sketch,4545,6967,7705,673.85
coder,17017,7535,8952,812.94
sketch,5377,4256,5384,52.32
sketch,4609,13040,13809,723.54
sketch,5270,5485,6622,64.48
sketch,5298,8874,9844,94.08
feature_extractor,4243,2729,3107,30.67
feature_extractor,4333,2611,2999,31.15
designer,14825,10607,11815,126.70
feature_extractor,4228,4951,5314,57.54
designer,26541,15117,17591,154.47
profiler,3511,4331,4464,56.99
designer,9176,4164,4970,38.47
feature_extractor,5431,6566,7146,76.73
feature_extractor,5206,8024,8607,91.87
feature_extractor,5324,10081,10614,113.29
feature_extractor,3332,4220,4576,47.21
sketch,5014,6138,7074,73.70
sketch,5093,7079,7955,79.36
designer,9799,2914,4196,36.60
feature_extractor,3850,11524,12037,131.30
sketch,5165,10238,11112,103.55
coder,12076,6760,7867,79.82
feature_extractor,4994,14297,14967,161.95
coder,12488,8220,9522,88.21
feature_extractor,4989,4717,5138,54.96
feature_extractor,3923,5252,5787,63.03
coder,12912,10080,11349,112.01
profiler,4375,1107,1264,15.42
feature_extractor,4887,9700,10201,110.11
coder,12586,10067,11603,114.13
coder,12307,4999,6563,60.05
feature_extractor,4934,11706,12110,135.00
coder,12307,6299,8046,78.87
coder,16857,12890,14782,156.16
coder,12586,13372,15230,160.05
coder,14244,6127,7299,68.65
profiler,5800,3049,3230,35.20
coder,13324,13084,14815,147.59
profiler,4940,1993,2163,25.07
designer,12653,8137,9360,80.39
coder,16747,7410,9001,83.36
coder,18260,2490,4320,38.55
profiler,5077,1869,2038,22.35
coder,17890,9018,10828,113.25
profiler,6633,2834,3062,31.71
feature_extractor,3839,9372,9837,110.26
profiler,5073,891,1069,12.25
sketch,4628,4503,5319,45.18
sketch,4720,6205,6800,58.41
sketch,4579,7418,8134,64.90
profiler,3695,4050,4233,52.12
feature_extractor,4288,2833,3192,32.46
feature_extractor,4403,3437,3806,39.01
feature_extractor,4246,3936,4337,43.72
sketch,5328,8102,9325,82.16
coder,12914,9740,11352,111.94
coder,14029,11498,15189,165.57
coder,14979,7988,9813,91.17
profiler,5251,5195,5417,69.02
sketch,5330,13340,14466,117.92
designer,9250,5108,6008,43.38
coder,14551,13783,17063,162.14
coder,14551,13668,17112,222.05
sketch,5192,15460,16765,137.50
coder,12928,13475,15014,157.10
coder,13201,14819,17340,166.38
feature_extractor,3437,5328,5719,56.83
feature_extractor,5418,6870,7489,72.04
feature_extractor,5388,6644,7183,72.20
coder,15990,11229,12576,118.43
coder,18447,1693,5559,65.88
feature_extractor,5457,8453,9005,89.23
coder,17781,9627,12955,101.04
coder,13237,4312,5523,54.49
coder,15887,10081,11908,118.09
coder,15379,7089,8414,77.27
coder,18156,5305,8501,72.36
coder,12724,7147,8405,83.75
profiler,3609,4161,4342,49.02
coder,17864,3294,5051,49.60
designer,9801,10404,11686,100.55
coder,18043,2136,5478,42.58
coder,14701,4355,5833,56.77
feature_extractor,3918,6340,6851,71.62
profiler,3155,2494,2663,33.69
profiler,7387,3476,3643,42.98
coder,17289,5940,7183,68.89
profiler,7877,2916,3108,33.48
coder,14300,7798,9461,89.92
coder,18187,2178,3482,32.84
coder,18233,1418,4794,34.67
coder,14300,9760,11355,108.33
sketch,5399,6529,7427,70.01
coder,14300,12472,14405,131.76
sketch,5411,9197,10136,85.36
profiler,5159,5488,5650,64.43
sketch,5202,9749,10772,109.51
coder,18299,6650,8101,75.73
profiler,7730,1100,1265,32.68
feature_extractor,5165,9991,10372,110.47
profiler,4989,963,1094,13.02
profiler,4521,3404,3582,44.42
feature_extractor,5307,11680,12300,127.93
coder,16793,3809,5351,49.73
coder,18555,6555,9906,78.95
feature_extractor,5245,13443,13849,154.44
designer,14907,2745,3774,27.40
coder,16668,6844,8379,76.92
coder,16530,2455,4287,39.10
profiler,4572,3627,3780,45.43
coder,15131,4091,5891,54.66
coder,16631,5002,6535,57.35
sketch,4776,6116,6924,63.89
sketch,4672,6672,7481,72.95
feature_extractor,3691,11435,11996,137.00
coder,15048,5288,7010,79.37
sketch,4725,11715,12519,114.38
coder,17130,10643,12318,129.24
coder,16603,7169,8761,86.92
feature_extractor,4440,2737,3135,32.62
feature_extractor,4539,3639,4039,41.89
coder,18803,14962,18275,197.92
feature_extractor,4479,4793,5205,55.51
coder,15707,3797,5401,57.21
profiler,4917,2245,2427,29.08
coder,12090,7350,8666,93.92
coder,12346,9983,11776,121.89
coder,12090,11379,12847,129.79
coder,16221,12198,13950,112.61
profiler,3432,1950,2149,23.68
coder,15123,1175,2953,26.15
coder,16006,4055,5741,57.04
coder,16487,1374,3182,29.36
coder,17411,8104,11593,101.18
coder,15660,4629,6239,66.53
profiler,7345,1455,1604,19.99
coder,15397,6415,8235,77.04
sketch,5321,10569,11561,112.33
coder,17194,11243,13013,150.03
coder,18390,11709,15161,139.94
sketch,5112,16032,16940,143.96
profiler,6350,10873,11094,136.05
feature_extractor,5236,7479,7880,88.61
feature_extractor,4953,7486,8052,89.79
sketch,4939,9133,10232,96.47
sketch,5363,10279,11219,107.61
coder,18765,4374,7831,70.83
designer,12666,6500,7471,63.31
sketch,5177,16883,17677,151.55
coder,16498,11829,13618,150.89
coder,17593,5315,8742,73.31
feature_extractor,5224,9357,9915,101.12
feature_extractor,4955,8870,9283,104.23
feature_extractor,3600,13869,14328,153.84
feature_extractor,4954,14803,15222,167.11
profiler,5112,3621,3771,41.75
sketch,6865,6913,8843,69.51
sketch,6710,10006,11963,105.80
coder,11995,8062,9809,99.83
designer,14828,7859,8963,81.77
sketch,5239,6924,8009,76.34
sketch,5366,8823,9963,87.58
coder,13357,16540,17953,188.56
coder,12026,17960,19888,192.54
coder,15464,6903,8557,89.49
sketch,5175,18981,19779,177.67
feature_extractor,7693,12709,13506,134.68
feature_extractor,7549,17707,18518,187.33
feature_extractor,3718,13649,14263,172.12
feature_extractor,5407,5137,5712,59.37
feature_extractor,5228,7232,7825,79.69
feature_extractor,4926,7610,8230,81.36
coder,14560,5887,7406,72.63
coder,15225,5704,7874,73.04
designer,8788,8798,9832,83.90
profiler,4805,12873,13039,148.19
coder,14593,9193,10944,102.16
designer,24946,10547,13478,111.84
coder,15627,13149,14849,148.71
feature_extractor,3687,5370,5923,63.00
coder,12667,14539,16197,170.97
profiler,7095,2645,2810,33.48
coder,15326,5490,7049,65.05
profiler,5509,6846,7047,78.49
coder,13990,6288,7742,72.87
coder,13990,10068,11850,112.51
feature_extractor,5512,14750,15562,154.82
profiler,5152,4675,4873,57.77
sketch,5695,2018,2859,27.70
profiler,5096,6085,6229,72.32
profiler,5081,1876,2012,25.62
sketch,4991,7144,7866,72.72
profiler,6240,3645,3827,46.76
sketch,5107,5938,6859,62.87
sketch,5312,10368,11438,103.08
profiler,4805,3914,4125,40.46
profiler,6476,556,744,8.56
sketch,5280,8353,9324,88.84
sketch,5265,10810,11756,98.19
sketch,5168,4304,5383,43.31
feature_extractor,5330,7194,7769,79.55
feature_extractor,4676,10098,10512,115.85
feature_extractor,5186,9333,9879,95.32
sketch,5057,11597,12699,114.19
sketch,5355,15445,16495,122.01
feature_extractor,5496,14270,14809,158.88
feature_extractor,4973,11153,11687,127.73
feature_extractor,5152,12917,13430,140.51
feature_extractor,5339,4179,4755,50.63
feature_extractor,5082,5742,6332,65.41
coder,15550,6935,11394,117.20
designer,13922,5587,6601,58.66
feature_extractor,5188,9264,9830,96.17
designer,13790,6158,7448,77.72
designer,9414,1801,2994,21.55
coder,15969,13041,17206,151.92
coder,17607,12253,16915,182.02
feature_extractor,3828,7987,8508,88.34
coder,19356,6763,10253,95.50
coder,24106,5023,8213,69.96
feature_extractor,3662,13768,14418,153.73
profiler,7996,1417,1699,19.28
feature_extractor,3888,16462,16946,178.20
coder,24692,16356,20571,197.16
designer,10602,18269,19464,140.34
coder,13423,8655,10273,104.03
coder,14014,12953,15018,143.92
profiler,7749,6995,7181,102.09
coder,13641,14992,16375,155.07
coder,12430,11137,13141,134.65
feature_extractor,3849,6313,6867,67.23
coder,18262,2163,6352,45.49
coder,16608,3787,5707,53.27
profiler,5080,6505,6682,80.37
profiler,6951,2315,2495,27.73
designer,10623,7879,8907,76.30
coder,13655,18001,20288,225.80
coder,13494,20964,22635,243.92
coder,15546,8247,10377,104.87
feature_extractor,3693,6515,7085,65.80
profiler,5303,6415,6567,75.78
coder,14275,5998,7793,68.39
coder,14718,6599,8227,83.50
coder,15615,7152,9489,87.58
coder,13741,5990,7825,67.25
sketch,5227,3555,4473,43.86
sketch,4969,4943,5864,57.45
coder,14377,8580,9896,98.44
coder,13230,9710,11404,98.99
coder,14903,2556,4334,40.24
coder,22399,16613,21092,189.78
sketch,5492,11407,12316,112.03
profiler,3691,5377,5572,69.86
coder,18219,6259,7912,74.16
coder,14738,7954,9793,99.86
coder,16307,7945,9727,104.46
feature_extractor,4850,8522,8918,95.12
profiler,5001,3921,4070,46.52
coder,16745,10081,11894,120.41
feature_extractor,5089,9694,10102,112.33
feature_extractor,5363,11419,11859,134.00
coder,17203,14246,15659,166.30
coder,20830,10160,13580,117.15
profiler,7254,1729,1935,21.94
profiler,6918,3410,3555,41.68
coder,16437,12034,13840,146.94
coder,15314,11179,13001,125.41
sketch,5249,5479,6453,57.55
sketch,5023,6091,7099,63.43
profiler,9564,7717,7883,90.68
sketch,5358,8166,9000,79.52
sketch,6731,2263,4300,37.32
feature_extractor,5142,6052,6694,66.69
feature_extractor,5149,7183,7741,77.32
feature_extractor,4959,7587,8203,86.01
coder,15529,9415,11274,119.08
coder,15643,14919,16658,169.77
sketch,6945,15213,17295,127.52
sketch,6983,16294,17706,157.23
profiler,5101,4251,4421,49.16
feature_extractor,7283,11039,11851,114.00
coder,14968,14015,15900,162.68
feature_extractor,7669,13001,13970,132.83
feature_extractor,7833,12512,13440,144.21
coder,16379,8878,10606,116.60
designer,23723,6392,8461,63.21
profiler,5920,1838,1976,22.04
sketch,5192,10370,11300,95.82
sketch,5287,11285,12416,110.81
sketch,5284,14389,15378,116.41
feature_extractor,4629,18097,19113,175.79
feature_extractor,5068,9195,9693,99.73
feature_extractor,5328,10865,11312,114.85
feature_extractor,5216,13252,13836,147.11
designer,13290,3735,4874,37.41
feature_extractor,3744,9819,10231,102.83
coder,13022,9770,12949,120.75
coder,16199,10040,13305,141.20
coder,13658,11732,14967,125.04
coder,12125,6705,8620,78.38
coder,12393,10197,12033,114.62
coder,13142,11676,13767,128.46
profiler,9181,6118,6327,73.83
coder,19741,3591,6859,58.72
coder,15565,5706,7217,72.07
coder,15893,4968,6728,63.46
coder,17805,9482,12570,110.05
coder,15529,6003,7985,75.69
coder,20973,3509,6772,55.79
profiler,3583,7448,7575,88.03
profiler,5154,4569,4839,59.30
profiler,8969,5182,5303,62.08
profiler,5367,4655,4863,53.15
coder,19331,6368,9728,90.03
sketch,5529,12381,13267,104.51
sketch,5086,12328,13260,109.32
sketch,5338,16311,17255,158.37
coder,19689,10200,13624,135.53
feature_extractor,5354,9955,10366,112.26
feature_extractor,5221,10081,10539,113.12
coder,20662,3807,7260,61.63
feature_extractor,4959,11468,12048,120.00
designer,13701,10027,11378,110.95
coder,21016,7705,11047,110.05
feature_extractor,3940,11424,11977,156.64
coder,20642,5676,9068,89.33
coder,13316,11299,13474,174.13
coder,13778,13198,15109,202.25
coder,12969,15432,17460,226.17
coder,16817,11097,12044,144.47
coder,18177,23447,27045,351.40
coder,17385,14212,15812,202.59
coder,17389,26411,28115,258.15
profiler,1725,635,804,13.17
profiler,9187,1564,1742,22.26
coder,14957,6312,7781,90.94
coder,16050,3852,5540,63.24
profiler,4887,967,1097,16.39
sketch,6725,15735,17722,168.66
sketch,7102,14436,16566,174.94
sketch,6630,13592,15837,177.58
profiler,3752,2551,2742,49.32
feature_extractor,7737,10566,11438,137.45
feature_extractor,8137,11288,11958,160.47
sketch,5263,13947,14972,151.65
sketch,5049,12102,13097,153.49
feature_extractor,7557,13160,14129,172.72
sketch,4554,13371,13936,194.11
designer,24583,3197,5441,46.20
feature_extractor,5222,6797,7405,97.35
feature_extractor,4983,7924,8444,100.51
feature_extractor,4102,9619,10134,129.12
designer,12396,4375,5489,68.12
feature_extractor,4837,19081,19908,246.75
feature_extractor,3741,13032,13664,179.17
coder,14741,9935,11493,144.24
coder,15299,12038,13708,168.59
coder,13103,15898,17766,226.22
profiler,3631,3607,3748,51.84
profiler,3722,3639,3772,57.27
profiler,5236,2124,2284,32.43
coder,14393,11539,14812,180.15
coder,12897,14307,18081,191.84
sketch,5431,6844,7730,80.43
sketch,5134,11342,12129,106.35
coder,14844,23180,26253,257.52
coder,17802,9356,12732,115.90
sketch,5225,16836,17922,192.17
coder,18135,2094,5160,43.95
coder,19179,8555,12312,132.80
coder,16848,4204,7220,64.32
feature_extractor,5272,9255,9801,113.64
feature_extractor,4877,10020,10536,117.89
coder,19155,7009,10355,105.93
coder,17692,9906,13759,130.37
feature_extractor,5224,17186,17759,200.00
coder,18811,11085,14442,126.81
coder,17816,10042,13084,149.28
coder,18820,782,4143,28.82
coder,19295,23174,26795,252.23
coder,18536,13348,16221,170.70
coder,17802,13127,16675,167.20
coder,17980,7967,11526,113.50
coder,18245,17834,21393,195.47
coder,18697,3467,7032,66.37
coder,18330,21532,24549,233.89
coder,17203,4335,7307,71.78
coder,19351,9056,12596,128.50
coder,17918,17906,21399,249.54
coder,17281,4673,8090,72.00
coder,17289,12868,15844,185.93
coder,17811,11448,14984,161.63
coder,17383,5343,8463,71.58
coder,17105,2644,5568,52.11
coder,17820,16879,20333,238.19
coder,19322,23083,26530,320.16
coder,19322,15758,19308,195.76
designer,23286,5095,7408,48.21
designer,3632,11128,12234,112.27
designer,3586,12009,12450,122.79
designer,3591,2165,3732,36.53
designer,3868,8326,9670,86.28
designer,3581,9223,10215,88.57
feature_extractor,4121,2456,2940,27.72
feature_extractor,3079,3352,3774,34.61
feature_extractor,4902,12278,13015,120.59
feature_extractor,3560,3726,4240,38.17
designer,3688,20826,21636,191.52
feature_extractor,3734,10721,11315,97.84
designer,3661,12494,13324,131.79
coder,13295,6590,9730,71.15
feature_extractor,4164,14041,14474,132.05
feature_extractor,3508,8196,8617,82.61
coder,12438,11785,13430,118.21
coder,10967,4879,6298,55.86
coder,13492,8762,10292,129.84
coder,14394,13991,17545,133.02
coder,13492,9091,10553,90.26
coder,13931,17038,20900,156.01
coder,12784,10816,12625,117.94
feature_extractor,3501,11985,12460,114.78
coder,17324,4559,6318,55.57
coder,13492,10042,11297,154.86
coder,14076,15675,19084,188.71
coder,12586,11498,12964,119.68
coder,14076,19399,21558,198.38
coder,13246,15483,16972,144.69
coder,10967,11863,13069,141.06
coder,17783,3307,6921,49.08
coder,17450,10916,14059,121.57
coder,12784,19362,21888,195.49
coder,15023,5220,6706,99.65
coder,16067,3427,4878,51.16
coder,13858,13773,17674,181.51
coder,13348,2788,4356,35.18
coder,19154,15349,19049,125.60
coder,16080,14424,15936,150.55
coder,12543,23426,24856,237.12
coder,12543,22591,24721,242.27
coder,17957,8677,12314,97.94
coder,12811,24761,26141,258.06
coder,15713,10451,11806,87.98
coder,15061,16941,18959,163.94
coder,13858,27687,30456,277.45
coder,13858,26299,30382,263.38
coder,15974,4726,6196,47.79
coder,18360,9068,11146,110.42
coder,14870,9254,10476,87.04
coder,18572,6554,12073,98.18
coder,12800,23792,25027,312.55
coder,18606,21287,24422,176.49
coder,13068,29261,30118,337.10
coder,11575,28188,29707,297.03
profiler,3876,843,962,10.34
coder,14655,6153,7579,63.33
coder,16058,2498,4122,36.16
coder,14463,3987,5493,47.02
coder,16493,14858,16998,131.14
coder,15732,14420,16110,147.76
coder,18520,11904,15616,127.71
coder,15444,1727,3466,26.85
coder,15203,9365,10559,88.19
coder,16712,13607,15442,143.26
coder,19033,9566,13138,100.63
coder,14542,2179,3649,30.50
coder,14972,15843,17880,159.01
coder,15432,14042,15874,144.06
coder,18596,4268,7495,59.30
coder,15016,8807,9696,87.26
coder,15956,6961,8349,81.78
coder,15621,15436,16936,139.74
coder,17501,20021,22982,184.41
coder,14760,4324,6466,53.54
coder,18587,12485,16452,118.75
coder,15265,9313,10764,86.09
coder,16031,6364,7991,63.02
coder,13718,7854,9174,84.40
coder,16207,3383,4836,33.95
coder,13253,7556,8857,82.82
coder,20162,8113,12274,97.18
coder,14514,6149,7584,67.29
coder,13506,3340,4801,36.72
coder,18059,4935,8518,64.81
coder,15952,4137,5604,48.01
coder,18677,27412,30788,243.52
coder,14866,11786,13462,115.92
coder,17655,8124,11011,78.36
profiler,3774,1026,1169,11.75
coder,17671,3121,6381,47.63
coder,16282,7420,9189,78.45
coder,14258,3448,4936,41.36
coder,16176,5216,6653,51.61
coder,18497,9264,13244,104.16
profiler,4972,1594,1792,16.26
profiler,1995,3137,3360,67.95
coder,16408,3048,5172,38.81
coder,15058,9199,10648,85.66
coder,17951,10781,14565,103.53
coder,15105,7153,8681,75.77
coder,18901,8956,13138,95.46
coder,14961,5506,6388,54.15
coder,16087,13263,14673,135.90
profiler,4909,8715,8895,91.13
coder,16113,3116,4843,42.51
coder,18700,6220,9598,81.96
coder,14906,11710,13505,130.33
coder,14477,9627,11192,100.12
coder,17450,14699,17790,148.95
coder,13497,2794,4110,35.37
coder,18225,14451,17568,167.30
coder,14362,23452,24402,247.32
coder,16047,14815,16180,165.28
coder,18518,20818,24972,216.45
profiler,2527,488,632,6.92
profiler,7189,4151,4399,47.68
sketch,5290,9005,9925,100.97
sketch,5389,9131,10053,102.60
sketch,5356,10536,11534,108.05
coder,17033,3495,5633,52.87
feature_extractor,5268,5375,5920,58.05
coder,18020,2047,5810,44.34
feature_extractor,5133,12640,13330,121.85
feature_extractor,5270,14550,15129,154.05
coder,13552,11493,13028,130.28
coder,18743,10246,14681,132.64
coder,16022,15615,17340,184.43
designer,14219,14267,15825,140.68
profiler,6223,7243,7388,89.42
feature_extractor,4144,10533,11151,105.69
coder,13644,13762,15603,140.65
coder,17802,1239,4313,28.75
coder,14399,6069,8132,76.91
coder,14780,6099,8067,62.71
coder,15189,3452,4913,40.85
coder,16261,2066,3642,30.64
coder,12591,28033,30250,256.11
coder,18325,9834,13224,116.40
coder,19270,2997,5373,44.31
profiler,8197,6765,6908,75.95
coder,13644,30861,33028,317.91
coder,14977,5637,6947,70.11
coder,15882,3225,4751,44.63
coder,18674,13761,17841,154.27
coder,14649,7651,9624,74.13
coder,13556,5690,7365,60.11
coder,18167,14481,19283,186.41
coder,13806,19945,21349,211.34
coder,16878,14520,16575,158.84
coder,16303,6478,7960,63.61
coder,18534,6660,10213,85.67
coder,21066,14273,16384,148.42
coder,18968,14468,18942,156.05
coder,17336,6475,8976,70.22
coder,14325,4667,6136,53.80
coder,18463,3161,6600,49.67
coder,17646,9769,11538,103.24
coder,16262,8374,9859,85.25
coder,17654,15316,18382,159.79
coder,14582,7773,9189,83.17
coder,16070,4909,6399,53.27
coder,14302,8250,9695,82.08
coder,15242,2827,4478,36.16
coder,19107,10152,13298,121.03
coder,17563,15618,17409,153.15
coder,18606,14178,18516,150.53
coder,21063,16479,18642,175.72
coder,18272,5646,9206,58.35
coder,16098,3159,4678,38.31
coder,19951,13790,15508,132.44
coder,19000,15645,19851,166.03
coder,17714,13586,16712,136.24
coder,14397,8085,9521,129.65
coder,18889,14378,17868,136.00
coder,17591,28976,31018,273.90
coder,14549,11150,12701,118.77
coder,16918,12850,14464,133.14
coder,16154,4774,6263,113.85
coder,14421,9690,11193,100.22
profiler,4533,2570,2703,31.16
coder,18635,15360,18656,168.15
coder,18845,11435,15843,132.97
coder,13668,2866,4573,40.43
coder,16086,9499,11002,101.03
coder,21028,6559,7599,74.26
coder,18413,4820,8372,63.81
coder,18771,14745,19227,154.00
coder,16111,6661,8164,77.64
coder,17085,11601,13297,123.72
coder,18480,3763,7258,50.58
coder,15130,8477,10202,89.35
coder,16185,4830,6358,50.31
coder,15113,11144,12565,117.52
coder,18151,17033,20290,160.90
coder,14489,4803,6483,51.89
sketch,5325,6650,7990,64.21
coder,16111,3183,4664,37.81
coder,19285,6988,9260,80.30
coder,18921,14961,19383,153.29
sketch,5229,15553,16675,121.88
feature_extractor,5237,4611,5162,47.16
feature_extractor,5560,5222,5714,47.82
coder,18806,15767,18933,169.92
designer,9705,1740,2975,19.88
coder,18982,14275,18007,141.61
feature_extractor,3761,7285,7750,69.04
coder,17002,8652,10313,85.76
coder,20498,9801,11767,94.90
coder,20435,13807,15453,132.98
profiler,7479,4116,4267,42.35
sketch,4824,5241,6020,52.13
profiler,5888,2533,2707,28.23
sketch,5167,11811,12539,99.27
coder,13737,8175,9884,89.20
sketch,4538,12880,13515,118.83
sketch,5266,9041,9823,78.17
sketch,5153,10478,11433,89.77
sketch,5106,11746,12580,105.83
feature_extractor,4126,7985,8458,72.31
coder,16071,4920,6361,55.90
feature_extractor,4541,11540,12110,105.62
feature_extractor,4860,10988,11488,110.30
feature_extractor,5050,7131,7535,68.40
feature_extractor,5014,9903,10503,95.59
feature_extractor,4901,11477,11941,109.48
coder,14971,4250,5843,47.99
designer,13283,4411,5367,47.82
coder,16163,2148,3684,29.03
coder,17859,10064,13488,113.42
designer,10977,10465,11490,103.79
coder,19397,9074,13383,87.12
coder,13742,6999,8469,70.05
feature_extractor,3660,5991,6463,57.72
feature_extractor,3660,18699,19526,170.80
coder,18254,34626,37855,272.92
coder,16461,12612,14003,118.03
profiler,5935,5988,6206,70.16
coder,16461,17719,19147,155.11
coder,16797,15879,17477,156.27
coder,15602,12625,13945,164.75
coder,14966,14722,15914,144.07
coder,14966,15871,17266,165.67
coder,17261,14768,16504,154.48
profiler,4921,3814,4039,37.53
coder,16325,7756,9446,79.77
coder,15922,4294,5804,50.15
coder,17707,7011,8928,69.22
coder,15693,10864,12328,115.94
coder,18168,7792,9399,70.04
coder,19783,9632,11356,98.95
profiler,8473,6854,7024,68.48
coder,16686,4237,5902,48.44
coder,18658,3416,5112,41.94
coder,19781,6270,7983,69.84
coder,17492,10749,11909,106.85
coder,19199,4897,9369,72.64
coder,18226,16260,19613,169.04
profiler,7476,6744,6868,71.74
profiler,6473,6900,7092,71.41
coder,16601,15729,17305,150.98
coder,18939,4886,6431,50.58
profiler,5003,5497,5617,67.68
coder,18563,9975,11381,111.31
profiler,6207,1825,2042,19.67
coder,18356,9342,10767,82.44
sketch,7427,12547,14355,113.35
sketch,5172,9693,10724,86.21
sketch,5423,10919,11940,88.50
coder,16818,9410,11094,98.17
sketch,5154,11174,12564,100.65
coder,18489,4334,5880,47.09
feature_extractor,5144,5961,6501,54.64
feature_extractor,5422,6226,6735,59.30
profiler,5069,6928,7129,76.97
feature_extractor,5382,7560,8101,74.92
coder,16328,4280,5964,51.49
feature_extractor,8073,12616,13171,120.01
profiler,5995,4116,4305,56.75
designer,9847,6366,7836,59.87
coder,18701,3258,4511,41.76
coder,18547,1579,3044,24.75
feature_extractor,4029,6309,6889,58.77
sketch,6039,7491,9256,76.57
sketch,5304,13482,14606,112.86
designer,14755,9781,12278,105.85
coder,17477,7274,9327,77.84
coder,18370,8925,11145,91.01
coder,20609,9192,11380,101.04
profiler,4615,3679,3875,41.63
coder,18945,10976,12530,108.94
feature_extractor,5215,9744,10310,95.50
feature_extractor,5347,12250,12891,114.74
feature_extractor,6694,12873,13374,131.25
sketch,4893,11087,12120,109.28
sketch,5033,13780,14926,120.30
coder,19237,5863,7576,69.12
sketch,5003,13467,14246,129.69
designer,17522,12030,13811,99.64
feature_extractor,4705,9021,9512,87.25
feature_extractor,5084,9215,9672,87.83
feature_extractor,4836,10334,10834,103.47
coder,16582,3357,5209,45.69
coder,23841,6579,8597,54.21
feature_extractor,4348,9608,10448,100.70
coder,17313,6277,8293,64.23
coder,13638,15010,19212,228.92
profiler,5304,12847,12994,144.12
designer,11359,3918,5184,45.76
coder,19770,5589,7302,61.61
coder,14112,10478,12832,120.43
coder,13638,23175,27060,286.61
profiler,6542,4623,4794,52.49
coder,15321,20619,23135,188.69
coder,18687,3614,7699,71.06
coder,13638,33193,37381,320.97
feature_extractor,3892,6968,7444,80.94
coder,14748,20710,23248,212.34
coder,17522,6630,9204,84.15
profiler,6573,4637,4843,54.84
coder,17677,11090,14166,107.11
sketch,5559,4893,6175,51.28
sketch,5516,8332,9824,68.32
profiler,5123,6377,6603,85.15
sketch,5321,5049,5938,57.55
sketch,5142,5812,6802,60.08
sketch,5485,16878,18957,155.33
sketch,5234,6397,7341,65.57
feature_extractor,5080,4576,5026,50.35
feature_extractor,5915,4969,5490,53.06
feature_extractor,6385,4923,5480,53.58
coder,15879,9673,10878,109.00
feature_extractor,5748,6386,6923,63.88
coder,15489,10834,12110,196.86
feature_extractor,5139,6386,6814,70.83
profiler,5859,3476,3629,49.14
coder,18185,6693,10712,121.59
coder,18245,6222,10473,90.25
feature_extractor,5094,7678,8122,84.12
designer,13542,1994,2966,24.19
designer,10583,9380,10598,105.88
coder,17646,13203,16118,132.18
feature_extractor,3638,10175,10603,113.35
feature_extractor,3782,5911,6415,62.22
profiler,5934,5085,5256,60.42
coder,15757,26101,27407,364.14
coder,17565,5923,8236,63.19
coder,17943,10985,12511,126.55
coder,12811,6202,7619,67.20
coder,15708,8476,10118,95.57
coder,12811,7806,9572,88.40
coder,13053,10046,11557,109.33
coder,18022,6439,7769,72.23
coder,18416,4994,9187,68.92
coder,12811,11218,12812,129.13
coder,18358,13922,17974,176.74
coder,15559,15714,17292,176.45
profiler,7728,6127,6340,73.67
profiler,4655,6736,6936,77.17
designer,3667,8671,9106,79.50
profiler,4375,5412,5554,63.60
coder,15596,3594,5281,49.76
profiler,3436,6012,6146,71.55
profiler,3740,3458,3640,37.43
coder,18556,18930,23212,184.26
feature_extractor,3149,12388,12759,129.83
sketch,5883,11244,12822,96.09
sketch,6050,12175,13825,104.27
coder,14981,6605,8141,76.19
coder,18769,8824,12561,108.65
profiler,4858,5552,5721,61.93
sketch,6128,28062,29685,198.64
profiler,4721,561,714,6.74
profiler,4921,5394,5647,57.93
feature_extractor,6671,10201,10742,100.57
feature_extractor,6357,11005,11560,107.40
sketch,4973,4705,5675,50.45
feature_extractor,6629,13701,14532,133.39
coder,12010,12530,14334,197.16
sketch,5135,9405,10514,85.30
coder,15517,10277,12006,120.48
coder,12010,12445,16714,197.59
coder,15018,1795,3250,25.24
sketch,4936,10522,11640,108.20
profiler,6322,3714,3950,40.68
coder,12010,19077,22466,192.26
feature_extractor,5153,4500,4986,45.51
designer,17089,11095,12201,95.80
feature_extractor,4947,6801,7279,68.07
feature_extractor,4853,8829,8829,80.99
profiler,11328,4418,4629,48.43
feature_extractor,4853,6975,7479,68.97
feature_extractor,3704,10382,11004,98.69
coder,14895,4140,5627,49.50
coder,15583,6903,8588,68.13
coder,14686,6098,7739,62.63
coder,18511,10898,10925,100.62
feature_extractor,4947,6806,7304,66.02
coder,12742,8711,10732,96.85
coder,12106,15711,17156,138.96
coder,17069,10550,12345,122.59
coder,18175,4725,6180,53.76
feature_extractor,5153,7088,7572,68.34
coder,15107,6190,8187,66.28
coder,13010,24189,26267,227.87
coder,15785,14379,17390,142.48
profiler,7213,6690,6857,66.92
designer,12052,10855,12033,94.95
coder,15036,7097,8502,66.59
sketch,5120,5639,6689,54.10
sketch,5199,7510,8727,60.12
coder,14149,22162,26974,217.04
feature_extractor,3796,6837,7308,66.60
sketch,4949,26062,27206,177.50
profiler,5814,3318,3501,115.27
feature_extractor,5117,3476,4036,35.66
feature_extractor,5294,3440,3946,36.19
feature_extractor,4988,3851,4368,41.62
coder,15403,13171,14928,128.16
designer,10460,11566,13536,104.61
coder,14691,10154,11897,150.59
feature_extractor,4475,4163,4691,42.64
coder,15835,1627,4835,32.96
profiler,4864,4331,4483,45.91
coder,13370,3169,5091,46.25
coder,14006,12691,14632,121.55
coder,19241,21906,26641,224.89
coder,12868,22271,24416,179.07
coder,16904,6523,8711,75.46
profiler,4145,3568,3807,42.31
coder,15564,10126,11214,228.53
coder,15393,14002,15097,212.71
coder,18569,14164,15896,151.73
profiler,3867,2082,2311,23.05
sketch,5374,6896,7663,74.53
sketch,5219,8657,9679,90.30
coder,16803,3299,5321,46.88
sketch,5247,11703,12568,114.99
profiler,13396,4500,4671,149.49
feature_extractor,5039,7827,8268,99.09
coder,16205,3600,6988,56.53
coder,16608,7681,9828,93.82
coder,16135,7605,9082,92.75
feature_extractor,5175,11799,12556,132.14
feature_extractor,5109,12722,13185,156.61
coder,18797,10648,15176,124.78
coder,16298,3487,4669,78.64
profiler,4042,5781,5968,84.70
designer,13559,3699,5092,51.45
coder,16271,2366,5806,46.44
coder,17124,7700,9879,112.03
coder,18452,5035,6809,72.69
sketch,5553,9512,10574,101.11
sketch,5653,12778,13867,132.49
feature_extractor,4034,12088,12526,143.64
coder,14898,5375,6523,73.23
profiler,6557,6734,6930,85.94
coder,19242,5281,9817,87.92
sketch,5050,21797,22910,189.51
coder,15955,8214,9939,109.37
coder,18639,21982,23188,255.87
coder,16000,9128,10868,120.75
coder,16483,10123,13480,114.54
coder,13345,12737,14423,159.40
feature_extractor,5672,11095,11926,131.95
coder,16357,12029,13546,149.04
feature_extractor,5525,14218,14891,163.75
feature_extractor,5074,13489,13951,165.16
coder,16405,4134,5285,72.87
profiler,5395,4469,4676,64.68
coder,15230,4747,6361,69.82
sketch,7963,8935,11489,107.41
designer,14679,4706,5910,56.76
coder,17157,7769,9949,110.16
coder,18346,4763,6047,68.98
sketch,6688,25982,28284,239.56
feature_extractor,3800,10582,11196,124.93
profiler,7902,6047,6207,82.86
coder,16759,9423,11218,113.77
feature_extractor,9285,10567,11123,124.52
feature_extractor,7816,10483,11009,130.18
coder,15170,9735,11451,126.49
coder,13931,13995,15815,173.44
sketch,5237,8493,9709,95.82
coder,16098,5093,6600,68.39
sketch,6880,8907,10763,99.24
profiler,4875,5290,5468,71.36
sketch,5359,12432,13687,150.64
coder,17695,5165,6613,70.85
coder,15639,5544,7326,71.04
designer,27003,6176,8410,98.25
profiler,3862,11554,11701,151.89
coder,15018,5052,6635,75.44
coder,16253,4693,6458,64.01
coder,14894,4673,6225,59.70
coder,18835,4677,6534,71.20
coder,15766,6848,8018,85.77
profiler,6750,9830,10010,139.05
feature_extractor,5375,8740,9356,106.92
sketch,5652,2715,3950,34.27
sketch,5502,3274,4847,43.66
feature_extractor,5541,10992,11566,137.14
sketch,5637,5414,6716,67.44
coder,17344,7320,9105,106.73
feature_extractor,7653,11793,12203,148.32
coder,18406,8662,9860,113.38
coder,15838,5973,7580,87.47
feature_extractor,5873,4462,5023,53.04
feature_extractor,5953,4954,5476,58.22
feature_extractor,5803,6808,7332,82.23
coder,14619,15536,17161,186.14
feature_extractor,4974,19011,19769,221.62
designer,10096,3553,5124,45.43
feature_extractor,4092,4768,5274,55.97
profiler,3846,5100,5208,70.91
designer,11625,9054,10755,111.60
coder,18028,8620,9814,144.70
feature_extractor,4211,3864,4393,47.20
coder,16591,2598,4259,45.37
designer,19761,16714,18553,186.77
designer,11744,2838,4532,49.52
coder,18098,7492,8704,92.79
coder,19439,13228,14848,165.45
profiler,3913,3118,3304,41.17
feature_extractor,4201,4436,4951,53.69
feature_extractor,4458,8335,8856,100.40
coder,13732,6882,8885,86.04
coder,15370,6649,8658,89.96
coder,15749,5529,7152,74.19
coder,13732,12039,13859,135.62
coder,14019,16893,19497,255.46
coder,16146,5611,7219,70.03
coder,15508,9686,10830,115.87
coder,14019,28159,31813,271.87
coder,14488,4357,5587,63.23
profiler,5157,2989,3201,42.16
coder,16618,4860,6911,55.73
sketch,5346,10882,11923,117.70
sketch,5418,11010,12199,125.11
sketch,5351,15436,16380,148.94
coder,17253,5656,6817,84.26
profiler,3747,2221,2391,34.32
coder,14527,3542,4796,52.59
profiler,5240,758,930,11.09
feature_extractor,5309,10465,11156,116.95
coder,17172,12603,15357,160.26
coder,17763,13632,16117,342.23
feature_extractor,5511,12446,13227,138.32
coder,17763,14941,17669,288.89
coder,16286,5289,6877,77.57
feature_extractor,5244,12458,12984,150.31
coder,18051,9174,12861,133.09
coder,13651,18666,21806,783.75
coder,18016,20244,23001,231.16
designer,16547,5631,6946,69.98
coder,16286,6916,8068,89.48
profiler,8163,2990,3142,36.74
coder,17924,6166,7455,84.65
coder,18819,9380,10985,132.75
feature_extractor,3902,15573,16201,191.03
profiler,9371,4742,4955,69.03
coder,18831,9769,13019,143.24
coder,17546,3571,6425,57.03
coder,17910,6806,7946,98.00
profiler,6387,2833,3063,39.46
coder,13964,9380,11028,117.62
coder,17655,6413,9610,100.80
coder,13964,10739,12347,143.27
coder,20565,2950,5427,54.02
coder,15921,8009,9605,103.07
sketch,5491,9251,10662,90.87
sketch,5330,9231,10532,95.66
sketch,5529,9742,10898,99.52
coder,13850,22548,24386,259.19
feature_extractor,5805,5107,5649,57.70
feature_extractor,5577,5918,6458,73.89
feature_extractor,5614,6328,6880,74.35
sketch,5377,1982,2907,27.72
coder,17225,8359,11146,96.59
sketch,5157,6379,7383,73.69
designer,10433,9904,11261,87.06
feature_extractor,5067,6258,6721,78.06
sketch,5262,11541,12413,137.17
coder,18619,856,3955,30.91
coder,20627,5583,6970,84.61
profiler,8835,3035,3219,44.55
coder,14416,15139,16876,197.83
feature_extractor,3950,6179,6725,84.00
coder,18023,11764,14952,177.23
coder,17743,3638,5513,56.53
feature_extractor,5263,9755,10211,122.52
designer,11820,4948,6657,67.69
profiler,8662,2668,2901,37.07
coder,18641,3753,6850,66.24
feature_extractor,5090,12349,12849,161.53
coder,17241,8158,10990,123.71
coder,18307,9154,10646,111.91
designer,11954,21352,22574,166.48
feature_extractor,4231,5074,5592,63.03
profiler,7971,3183,3210,42.00
designer,13390,7348,8994,95.37
feature_extractor,3847,7900,8380,91.17
coder,17444,2721,4233,41.64
sketch,6409,13322,14980,134.05
coder,15362,12431,14197,160.00
coder,13260,6527,8617,90.94
coder,18633,2572,5663,52.26
coder,18941,10986,13052,153.60
coder,12793,9985,12186,115.20
coder,13257,12440,14707,143.75
sketch,6291,19967,21967,199.99
profiler,7655,6564,6749,86.13
sketch,6052,32250,34175,289.84
feature_extractor,4264,15840,16531,200.33
coder,15345,4555,6619,72.99
coder,14905,5726,7600,88.25
feature_extractor,6943,10842,11409,131.14
feature_extractor,7187,12164,12825,155.77
feature_extractor,6882,12646,13338,158.26
coder,18610,10461,13434,141.76
coder,14224,13109,14807,172.95
coder,13680,14030,15755,198.11
profiler,4903,4470,4652,76.30
coder,15285,4399,6375,75.13
coder,17457,3437,5142,57.63
coder,16854,4951,6257,75.30
coder,16769,1892,3593,37.34
profiler,7976,5631,5773,82.22
coder,18179,2293,5411,49.57
profiler,6609,3213,3425,46.86
designer,22850,7135,8859,82.61
coder,12789,11555,13100,233.56
coder,12616,13086,14661,166.46
coder,16425,12615,14262,337.57
profiler,4044,5376,5632,80.45
feature_extractor,4362,12961,13548,169.72
coder,18562,6885,9963,97.81
profiler,3874,7658,7899,108.53
coder,15996,5452,6935,70.91
coder,15297,10273,12833,162.49
coder,16010,11084,13660,148.19
coder,14121,14997,18047,177.09
profiler,8071,7116,7295,91.80
sketch,5654,3045,4803,38.60
sketch,5745,5565,7201,63.02
coder,17945,5494,7130,71.21
coder,17877,9618,13143,139.16
coder,17001,11959,14912,147.44
sketch,5554,22418,23945,194.79
feature_extractor,6291,4638,5238,54.50
feature_extractor,6245,8222,8792,85.56
feature_extractor,5971,8173,8712,96.67
designer,10457,3338,4961,41.92
feature_extractor,4148,5143,5646,61.22
designer,12042,4683,6302,60.96
feature_extractor,4145,3938,4489,44.63
coder,12249,10144,12213,111.36
coder,13676,11284,12966,132.80
coder,11747,26378,28276,248.12
profiler,2062,1815,1935,31.73
sketch,4891,9813,10675,117.88
sketch,5089,12032,13051,151.96
sketch,5549,16267,17247,193.08
profiler,3826,5893,6088,90.50
feature_extractor,4714,3668,3995,55.02
coder,16922,7616,9264,115.06
coder,18799,3348,6532,69.06
feature_extractor,5470,9495,10105,129.61
coder,18240,5947,7377,83.45
coder,19677,14229,16864,181.03
feature_extractor,5047,16260,16727,221.39
coder,17450,12327,15466,211.14
designer,17568,16245,18376,200.16
profiler,6600,3308,3489,47.32
profiler,3829,9039,9201,146.85
coder,19013,10074,12839,139.91
coder,15783,9761,11645,142.04
sketch,5380,8439,9307,100.13
sketch,5339,8473,9402,113.36
sketch,6605,12763,14543,158.66
sketch,6925,14620,17003,164.79
coder,16490,16256,17860,239.78
feature_extractor,4679,10937,11574,155.83
sketch,5341,10322,11283,135.49
feature_extractor,5224,6106,6588,87.57
profiler,4978,4187,4394,84.83
feature_extractor,5214,7416,7867,100.83
feature_extractor,8200,11378,12456,146.98
feature_extractor,5224,13204,13732,175.15
profiler,8833,6562,6738,105.76
coder,15700,13706,16447,190.16
feature_extractor,7236,15093,15685,211.12
coder,16258,13619,15604,203.80
profiler,6241,7059,7236,106.00
coder,15288,8690,9764,117.85
profiler,9751,1456,1601,23.03
coder,12414,18055,21124,249.07
designer,13919,7267,8580,85.87
coder,18565,11806,12804,172.23
profiler,7278,6700,6844,110.66
designer,23959,8878,11376,146.39
sketch,5382,4983,6566,79.88
profiler,9404,6450,6649,111.09
feature_extractor,3946,14698,15130,200.17
sketch,5184,8854,10330,112.32
sketch,5543,10662,12116,124.20
profiler,4775,4573,4746,76.28
coder,20091,6475,8886,97.00
feature_extractor,5555,3957,4531,54.56
feature_extractor,5803,4773,5244,69.50
feature_extractor,5894,5857,6355,81.53
profiler,8802,9072,9268,136.87
sketch,6639,12543,14380,150.33
profiler,8744,6278,6463,85.84
coder,19348,11995,14056,166.16
feature_extractor,5206,18175,18923,242.39
designer,9868,7296,8667,96.81
coder,13326,14579,16523,200.87
sketch,5259,3363,4136,48.66
sketch,6315,24375,25928,270.93
profiler,5764,5171,5398,83.98
sketch,4721,8968,9592,120.15
coder,13340,22152,24506,276.63
coder,13326,19611,21969,279.25
feature_extractor,3892,6837,7358,95.94
sketch,6223,27093,28697,310.14
sketch,4651,14704,15497,185.02
profiler,4110,5175,5282,72.25
designer,11197,3769,5251,58.78
feature_extractor,4001,5478,6020,75.48
feature_extractor,4962,7015,7518,95.19
feature_extractor,4315,7773,8192,106.38
designer,11306,2991,4625,44.66
feature_extractor,7330,13627,14494,186.42
feature_extractor,6768,14088,14808,187.51
sketch,5958,11283,13233,143.57
profiler,5302,11570,11741,166.57
feature_extractor,6825,16178,16887,213.97
sketch,5622,12292,15296,179.09
profiler,8442,8154,8349,116.29
feature_extractor,4147,4815,5320,64.47
feature_extractor,4390,14267,14754,204.31
sketch,6281,20033,22368,223.98
coder,16608,9051,11291,152.63
coder,12207,6855,6886,88.32
feature_extractor,7326,9545,10141,132.11
feature_extractor,6712,10620,11159,150.17
feature_extractor,7405,11609,12201,151.63
profiler,6900,5533,5686,78.84
coder,12207,16851,19044,200.87
coder,13173,17479,19550,207.06
coder,13492,6210,8366,95.42
sketch,5957,6790,8092,82.05
designer,18667,9588,11708,140.78
coder,14078,10566,13901,292.32
coder,17546,10963,13860,407.47
designer,12175,3199,4599,54.76
sketch,5828,13795,15030,175.62
profiler,5415,2922,3103,45.87
sketch,5573,16783,18313,206.84
coder,15058,16250,19392,226.51
designer,20286,20538,22561,201.65
feature_extractor,4035,5730,6229,77.46
feature_extractor,4630,14157,14753,184.36
feature_extractor,5965,10981,11490,153.24
feature_extractor,6020,12554,13304,168.49
profiler,6712,8843,8998,141.31
feature_extractor,4595,13449,14108,182.06
feature_extractor,6133,17650,18335,240.35
coder,14013,15133,17444,184.55
designer,14521,7383,8713,82.57
coder,21191,3287,5622,62.86
feature_extractor,3981,9334,9722,129.28
profiler,6589,10087,10229,140.77
coder,15710,10480,12437,180.29
sketch,5532,7215,8582,84.89
sketch,5655,10715,12040,111.75
coder,15557,10325,12754,131.72
coder,13260,9622,11972,132.32
coder,13589,12463,14491,180.45
profiler,9024,11709,11892,192.61
coder,17184,5594,7991,97.86
coder,16243,12801,15723,207.53
coder,19538,13275,16454,203.83
coder,18784,14959,18383,211.87
coder,13481,28115,29779,421.76
coder,15828,2539,4622,51.48
profiler,9444,2561,2561,665.70
coder,13300,8997,8997,746.35
coder,16604,6796,9155,118.29
coder,20854,4672,7680,81.03
profiler,9828,2538,2652,35.08
coder,13936,3315,3315,816.98
coder,13434,7499,9751,115.20
coder,16097,13940,15806,174.76
coder,16260,3994,6281,63.58
profiler,10499,1011,1184,22.02
coder,13129,11015,13330,171.91
sketch,5672,2825,2825,639.99
profiler,6732,8787,8965,149.57
coder,18376,11516,13623,165.39
coder,13481,12448,12448,904.57
profiler,9176,1308,1465,21.10
sketch,6714,5438,7456,74.64
coder,15125,3155,5320,53.00
profiler,6941,2227,2414,33.16
coder,16327,4579,4868,681.70
coder,15274,478,478,639.72
profiler,9416,1416,1416,660.98
coder,14120,6332,8675,85.35
coder,13908,10700,12621,129.94
sketch,7079,15796,17668,154.07
profiler,5495,9502,9669,134.22
sketch,6866,22353,24258,211.17
coder,18954,5755,8088,84.33
profiler,8304,9179,9322,128.22
coder,16370,7543,7543,822.27
coder,17934,2218,2218,755.97
sketch,6928,2395,2395,739.81
coder,12605,12483,12483,784.20
coder,20220,2978,2978,716.99
coder,17472,16695,19109,220.20
coder,20648,3024,5505,60.16
coder,13258,19458,21333,270.80
coder,13464,12062,14496,170.18
coder,14887,13329,15269,191.20
profiler,5274,2680,2680,645.36
profiler,7866,2680,2894,41.64
coder,20750,5871,8297,88.62
sketch,6657,26244,26244,914.90
coder,20339,3685,6180,66.61
sketch,5762,5923,7147,94.43
sketch,5659,7602,8714,101.58
coder,20865,5844,8337,100.33
sketch,5545,10920,12137,158.54
profiler,7928,6127,6355,96.38
feature_extractor,5714,5835,6321,83.09
feature_extractor,5709,7400,7879,96.39
profiler,5870,5768,5925,96.98
coder,17372,8441,11039,114.99
sketch,5465,10893,12284,130.04
sketch,5528,10831,12265,130.85
sketch,5914,13091,14592,154.54
coder,20549,6812,9348,102.49
feature_extractor,5908,19725,20489,264.03
feature_extractor,5817,8668,9188,123.04
designer,15379,4119,5489,60.47
feature_extractor,5727,12904,13428,170.13
feature_extractor,6268,14291,14823,190.24
coder,16693,11120,13596,171.30
feature_extractor,4032,8580,8999,124.01
coder,12266,12191,14284,176.68
coder,12947,12408,14562,178.17
profiler,5835,5726,5866,92.17
designer,12994,15148,16951,150.82
coder,12117,18680,20874,270.18
coder,15278,7434,9537,96.43
coder,16049,6831,8887,94.42
feature_extractor,4375,9054,9580,127.96
sketch,6061,17251,19208,189.32
sketch,6027,18990,20911,203.95
sketch,5839,18942,21796,216.08
coder,16152,12469,14456,169.90
feature_extractor,6848,8269,8950,116.18
feature_extractor,7421,9764,10322,135.61
feature_extractor,6792,12459,13068,159.08
profiler,5407,5962,6132,98.91
coder,15303,9685,11735,134.03
designer,15761,8838,10780,123.42
profiler,6662,6255,6478,99.82
profiler,5402,1431,1591,21.96
coder,13821,9466,12085,180.35
coder,12795,10358,12449,140.18
feature_extractor,4479,7364,8077,100.50
coder,13707,14848,17063,257.21
sketch,5678,17141,18320,187.65
sketch,5591,16997,18128,188.06
sketch,5669,18891,20204,220.80
coder,13149,10573,12782,153.57
coder,16836,3872,6079,71.33
coder,12804,14130,17142,225.11
coder,16314,6804,9267,115.59
feature_extractor,5781,10069,10646,144.61
feature_extractor,5645,10145,10595,149.78
feature_extractor,5869,13160,13602,176.80
coder,16898,16555,18751,246.97
coder,18255,4521,7188,72.88
designer,15273,4108,5572,53.17
coder,17318,8010,10137,129.71
coder,17066,16784,19070,258.94
coder,13030,34370,36698,443.02
profiler,4676,2895,3092,46.11
profiler,9071,5904,6075,112.05
feature_extractor,4078,13407,14134,193.74
coder,19368,4708,6880,76.59
coder,17485,7122,9365,120.78
coder,17931,27244,29477,372.64
coder,12894,10058,12421,135.59
profiler,8705,3782,3946,57.86
coder,14286,13572,15496,181.92
coder,16425,7957,9688,119.15
coder,14412,22716,24434,258.64
profiler,8565,2961,3125,45.50
coder,16972,7243,9380,113.08
coder,17447,12658,14896,171.98
sketch,5752,8925,10376,124.35
coder,15637,8036,10079,110.41
sketch,5860,12174,13435,147.05
sketch,5748,19553,20809,179.68
coder,16634,8798,10478,116.03
profiler,5255,8642,8804,129.95
coder,16195,5044,7334,93.47
feature_extractor,6096,8196,8704,114.46
feature_extractor,5921,9731,10242,134.56
coder,16954,7813,9871,124.99
feature_extractor,5986,12782,13276,178.21
coder,17039,16552,18725,238.81
coder,17289,4354,6592,75.74
profiler,5053,6451,6584,105.73
coder,17174,4200,6501,69.66
designer,13989,7021,8272,83.91
designer,3582,8948,10473,109.97
coder,17536,17539,19775,230.32
feature_extractor,3872,6677,7166,91.86
profiler,5605,6967,7109,101.51
feature_extractor,4019,8130,8638,107.50
coder,15932,3685,5960,70.42
coder,16066,9338,11646,146.39
coder,15659,8920,11084,126.23
coder,14455,12312,14652,154.14
designer,3672,30620,32173,373.79
coder,16380,21864,24364,243.03
profiler,5633,3847,4017,53.81
profiler,6653,830,948,14.78
feature_extractor,4174,8484,8884,122.07
coder,16425,18796,20988,236.06
profiler,6868,558,800,10.47
coder,15966,2775,4936,52.73
sketch,5824,12419,13955,126.62
sketch,5797,14341,16120,169.73
sketch,6185,16994,18791,177.27
coder,18343,6517,8907,98.48
coder,12746,11390,13951,175.56
coder,15877,7252,9154,107.14
coder,13273,8492,10615,156.15
coder,15532,8878,10492,190.05
profiler,6897,1653,1808,24.86
feature_extractor,6250,7351,7892,106.23
feature_extractor,6864,8407,9016,117.95
feature_extractor,6434,11968,12624,166.02
coder,13240,22419,26022,319.16
sketch,5627,9277,10798,106.48
sketch,5861,10313,11912,127.37
sketch,5837,12195,13776,140.15
coder,15353,25412,28330,359.14
profiler,6188,3909,4048,61.28
designer,17895,4423,6183,62.34
coder,17151,19797,22163,292.68
coder,18730,11950,14218,185.30
profiler,6469,10467,10726,171.69
feature_extractor,6326,5923,6464,82.10
feature_extractor,6005,7338,7864,95.49
feature_extractor,6284,8290,8846,109.26
coder,15612,12485,13902,185.24
designer,11485,1270,2981,29.51
feature_extractor,4307,9534,10136,128.66
coder,17662,11852,15517,185.60
coder,17481,12397,14831,181.59
coder,16979,12344,15255,194.63
coder,13613,8589,10900,131.17
coder,15908,16832,18933,233.17
coder,13613,10877,13353,143.38
feature_extractor,4214,12428,12958,167.11
coder,17032,4791,8626,93.44
designer,13141,1106,2992,30.88
coder,17259,3579,6031,67.53
profiler,9128,11093,11251,174.08
coder,12977,20139,22211,238.16
coder,16770,4365,6755,80.79
sketch,5233,6487,7602,90.10
feature_extractor,4358,8053,8556,111.76
sketch,5508,7961,9265,98.79
sketch,5039,7034,7985,99.50
coder,16081,4460,6896,76.59
coder,18313,7346,10587,125.83
coder,16545,11602,14887,204.35
coder,18035,5387,8099,92.69
coder,13582,8592,10729,124.36
coder,13010,9624,12352,129.36
feature_extractor,5242,8726,9217,129.31
feature_extractor,5682,9603,10112,136.74
feature_extractor,4913,9619,10024,139.87
coder,18579,16615,18896,257.66
designer,12531,3476,5189,62.53
sketch,5524,8245,9433,115.13
sketch,5328,9255,10197,126.29
coder,15910,7708,9956,119.79
feature_extractor,4278,9895,10374,141.17
profiler,7175,3983,4195,65.69
coder,16872,6643,9604,125.45
coder,18777,6650,8933,115.82
coder,19118,7785,10189,107.75
profiler,5742,2042,2250,34.00
coder,17104,15583,19037,228.62
feature_extractor,5207,9164,9643,139.92
feature_extractor,5627,9311,9739,140.67
coder,16286,3624,6111,51.61
designer,14361,2080,3173,38.47
profiler,6641,1701,1892,26.80
coder,19198,9556,12313,143.09
profiler,4318,2925,3113,45.63
coder,15670,7138,9765,114.95
coder,17641,7127,10623,122.49
coder,16137,4545,7060,80.29
coder,16574,12300,14503,186.46
feature_extractor,3766,14668,15111,201.74
coder,16822,5705,9254,102.37
profiler,4537,4640,4796,75.32
coder,21265,11905,14217,187.56
coder,13851,12742,14419,191.08
coder,12870,13223,15600,213.72
coder,16264,11449,13536,174.81
coder,16392,15456,17944,196.30
coder,13381,14132,16196,185.19
coder,16925,18810,21869,293.84
coder,12433,15729,17671,211.10
coder,14606,18181,20140,241.46
sketch,6050,12433,14069,138.06
coder,15174,2126,4084,41.69
sketch,5823,12417,13979,153.86
profiler,6832,3711,3887,55.84
sketch,5936,14477,16034,166.17
sketch,5796,2704,4385,41.75
profiler,7693,5588,5744,81.85
coder,16141,8362,10540,128.87
coder,15533,4349,6271,75.10
coder,17683,21109,24675,293.50
coder,15089,4186,6174,64.19
feature_extractor,6400,8799,9257,123.14
coder,18805,9611,12577,140.45
sketch,5605,15831,17447,159.58
coder,19460,9614,11900,138.20
profiler,8314,4192,4439,70.94
feature_extractor,6570,16819,17465,217.91
sketch,6149,27079,28687,235.91
profiler,5312,7465,7680,112.91
feature_extractor,6625,4561,5104,59.81
feature_extractor,6058,7371,7899,95.01
feature_extractor,6280,25643,26317,327.19
feature_extractor,6338,8666,9185,109.70
coder,16528,17024,19228,232.18
coder,19577,6526,9608,112.84
profiler,5279,3746,3987,60.44
coder,16657,5508,7574,87.15
designer,15016,5841,7537,70.91
coder,20008,27279,30943,295.34
coder,15197,4857,6880,76.53
coder,17217,16060,19180,220.79
coder,17951,15308,18829,187.67
coder,15414,6827,8852,116.01
coder,19461,7778,10929,125.32
feature_extractor,4171,4016,4513,722.21
coder,16142,8980,11212,729.95
profiler,8094,9406,9634,806.36
coder,16548,5103,7501,79.46
sketch,5866,5718,6935,67.67
coder,13886,10816,13151,144.03
coder,13913,11349,13330,151.45
sketch,6065,6605,7256,86.25
coder,15081,6572,8600,108.21
coder,20715,2444,4341,49.99
sketch,5289,14079,14079,158.59
coder,16084,7953,10375,131.37
coder,20043,8164,10605,135.60
profiler,5993,1809,1974,26.80
profiler,5380,6949,7183,120.69
profiler,6906,2948,3165,40.73
coder,21153,7747,9925,108.44
sketch,5550,12403,13649,146.92
sketch,5651,14769,15935,162.35
profiler,2810,2184,2367,33.02
sketch,5581,14882,16096,166.91
sketch,5385,5653,7370,68.12
sketch,5639,7094,8532,96.58
feature_extractor,5700,9571,10356,132.48
feature_extractor,5744,9494,9924,135.73
feature_extractor,5691,9581,10067,139.08
sketch,5871,25098,26382,247.63
feature_extractor,5970,5738,6254,78.62
feature_extractor,5971,5882,6386,81.43
feature_extractor,6101,6346,6910,83.29
designer,15095,2278,3628,33.00
feature_extractor,3933,9114,9617,113.10
designer,16470,6077,7736,92.99
feature_extractor,4169,7164,7694,92.31
coder,17010,3497,6335,70.25
coder,19614,6641,9026,93.54
coder,14359,7479,9590,111.32
coder,19991,2753,5167,53.03
coder,17142,3901,6200,68.53
profiler,6615,3404,3588,45.51
coder,17415,5280,7635,73.00
profiler,8086,5049,5300,84.70
coder,20359,2950,5317,55.35
profiler,8204,3534,3707,46.95
sketch,5857,5499,7150,70.65
sketch,5739,10617,12287,122.11
sketch,5584,10677,11981,133.28
feature_extractor,5832,4720,5247,65.06
feature_extractor,6252,4917,5423,69.67
feature_extractor,6381,6982,7538,91.28
designer,15100,4347,6041,64.50
feature_extractor,4198,7669,8138,102.07
coder,13940,3741,6197,70.07
coder,16624,2281,4665,48.56
coder,13681,10546,12942,141.42
coder,13681,12068,14301,155.62
coder,16915,2732,5125,54.56
profiler,8197,3537,3730,53.76
coder,16818,2369,4568,47.90
coder,17302,8622,11110,110.89
profiler,8033,1729,1880,24.85
coder,14953,2748,5285,52.41
profiler,8345,3313,3516,50.27
sketch,5844,1968,3547,33.20
sketch,6001,8650,10121,120.68
sketch,5690,17606,19247,173.28
feature_extractor,6209,5823,6317,74.65
feature_extractor,6294,5851,6341,79.16
feature_extractor,6352,6235,6776,81.81
designer,15210,2400,4020,41.94
feature_extractor,4146,5652,6170,73.52
coder,16987,3674,5888,65.50
coder,15499,7588,9802,116.98
coder,16583,2461,4670,49.31
profiler,6716,809,962,14.17
profiler,6697,1948,2149,32.75
coder,14805,22213,24327,242.64
profiler,6595,1099,1246,19.82
sketch,5669,4920,6553,74.31
sketch,5688,11175,12833,125.66
sketch,5569,11095,12533,142.26
feature_extractor,6157,6863,7375,95.77
feature_extractor,6241,9192,9733,126.90
feature_extractor,5903,10087,10570,139.12
designer,15010,7693,9479,114.56
feature_extractor,4283,5846,6358,81.29
coder,16225,6850,9482,105.79
coder,13951,8610,10674,139.95
coder,13694,14054,16279,178.63
profiler,7912,3225,3444,53.11
coder,17541,7611,10327,114.40
profiler,8007,5327,5503,89.01
profiler,8512,3230,3418,50.34
sketch,5563,9512,11140,103.25
sketch,5658,9832,11490,117.26
sketch,6169,24839,26511,245.94
feature_extractor,6724,6462,7100,85.07
feature_extractor,6053,8635,9184,107.04
feature_extractor,6189,8639,9170,110.66
designer,15647,9536,11276,116.66
feature_extractor,4254,8161,8679,108.60
coder,17099,7247,9657,98.06
coder,15376,8918,11193,129.70
coder,14913,11045,13321,147.14
coder,17967,3640,6055,61.61
coder,19521,5055,7263,80.25
coder,21576,3199,5506,58.30
profiler,6917,2818,2993,45.11
coder,20285,2924,5122,54.80
profiler,8150,1815,1951,26.94
profiler,6709,6534,6735,96.02
sketch,5800,14469,16103,153.67
sketch,5884,15993,17781,179.78
sketch,5671,18284,19793,187.73
feature_extractor,6506,5944,6472,78.72
feature_extractor,6310,7579,8155,99.08
feature_extractor,6105,9705,10302,126.69
designer,15227,1856,3495,36.98
feature_extractor,4152,6164,6640,82.03
coder,13518,6924,9351,110.08
coder,16695,8527,10640,120.97
coder,16758,14861,17239,225.82
coder,16681,8047,10460,110.97
coder,17114,4231,6426,65.82
coder,19870,1566,4014,40.46
profiler,8198,2502,2648,43.84
profiler,8005,4796,4934,66.54
coder,22624,2719,5142,55.36
coder,22698,4431,7075,82.40
profiler,8457,2132,2261,27.66
sketch,6108,14818,16489,165.08
sketch,5656,16021,17834,168.29
sketch,5849,26012,27545,239.81
feature_extractor,6279,5688,6177,76.53
feature_extractor,6298,5792,6363,83.14
feature_extractor,6658,8320,8855,115.60
designer,14970,5154,6589,63.24
feature_extractor,3969,6974,7465,93.38
designer,16381,2196,3879,31.76
feature_extractor,4209,8496,9030,112.70
coder,14645,5388,7998,95.57
coder,15234,14033,16385,176.84
coder,15562,18016,20070,201.20
coder,17666,9862,12268,147.09
profiler,8899,3577,3817,52.42
coder,19201,4433,6517,74.83
coder,17639,7737,10116,107.99
coder,18960,5300,7473,72.82
coder,18005,7035,9485,111.88
coder,17202,13103,15223,170.55
profiler,6926,962,1131,14.46
designer,13243,12329,14143,135.62
coder,16420,8428,10589,129.78
feature_extractor,4375,8512,9001,116.53
designer,3663,10941,11751,149.55
designer,3651,7562,8354,92.67
coder,18464,9767,11908,120.90
feature_extractor,3488,4661,5227,66.86
designer,3629,14132,14925,189.98
feature_extractor,3456,6558,6994,87.96
profiler,6665,2918,3089,39.94
designer,3730,7411,8545,109.17
sketch,5831,4473,6000,56.88
designer,3698,18612,19409,252.15
sketch,5899,8867,10524,105.81
feature_extractor,3448,10115,10609,132.70
feature_extractor,3856,8989,9481,120.53
sketch,5640,13795,15542,145.24
feature_extractor,6244,3414,3967,50.10
feature_extractor,3501,10841,11211,147.00
feature_extractor,6232,6362,6881,86.79
feature_extractor,6425,7221,7815,101.35
coder,12734,18701,20270,268.69
coder,13951,11878,13888,274.32
coder,15031,19335,21087,300.86
coder,14100,11483,13713,175.22
coder,13346,21960,23736,306.04
coder,14100,15875,18512,240.40
coder,16920,7260,8821,87.98
coder,14100,16441,18596,245.23
coder,13464,14061,16244,369.24
coder,13532,21611,24183,319.41
coder,11338,14223,16472,197.83
coder,17269,7538,9845,127.26
coder,19496,6702,8802,111.88
profiler,6715,924,1066,14.75
coder,16371,10365,11943,143.30
coder,13852,18475,20834,275.10
coder,16190,5847,7870,86.35
coder,17671,10071,12816,157.38
coder,17196,13111,15330,160.67
coder,13085,26531,28535,399.86
coder,14125,10859,13511,160.88
coder,12840,10440,12618,178.30
coder,14011,11743,14107,201.23
coder,12900,16562,18756,327.72
coder,15278,13465,15735,208.20
coder,12900,16317,18770,246.78
coder,12187,19962,21917,477.28
profiler,5538,2367,2582,68.10
coder,15105,6808,8957,109.55
coder,16852,5843,7996,109.44
coder,16748,10373,12694,147.54
profiler,4329,4071,4201,73.00
coder,17371,7933,10445,151.16
coder,15630,5200,7132,93.03
coder,17270,7685,9980,119.59
profiler,4986,4455,4563,71.94
profiler,6290,2787,2963,50.96
coder,15196,15626,17681,220.43
coder,16579,9067,11193,140.63
coder,17438,7242,9453,105.67
coder,14787,16940,18749,247.49
coder,16749,6448,8996,112.74
coder,17761,11973,14384,168.52
profiler,5753,4594,4744,79.67
coder,17309,1487,3856,40.23
coder,14900,11093,13310,176.20
profiler,6802,961,1165,20.13
coder,18002,9156,11661,148.19
sketch,5769,5937,7205,90.00
sketch,5592,8768,9639,126.21
coder,15351,13197,15383,209.38
coder,20172,9070,11110,152.83
coder,16093,11951,14251,174.16
sketch,5725,28250,29525,295.34
profiler,5833,4080,4309,66.66
coder,17004,5690,8210,83.65
profiler,6412,961,1093,16.25
coder,17507,10595,13011,154.53
coder,19675,2167,4639,47.38
sketch,5763,3421,4688,48.80
sketch,5160,6373,7040,76.20
coder,17595,9731,11410,155.69
feature_extractor,5936,9937,10576,133.88
feature_extractor,5887,9945,10521,139.88
profiler,4386,2236,2451,37.09
feature_extractor,5421,10498,11125,144.19
sketch,5198,11577,12744,141.00
coder,15456,13192,15463,205.61
profiler,4328,4654,4822,68.33
feature_extractor,5291,5394,5828,75.73
coder,17431,7499,9934,120.16
designer,16141,2150,3306,33.01
feature_extractor,5968,9996,10666,128.52
profiler,8462,5912,6116,92.90
feature_extractor,4795,13094,13629,175.26
coder,17267,6586,9001,87.45
coder,15381,4124,6367,75.82
coder,16855,4430,7015,79.34
feature_extractor,3798,11216,11745,150.14
designer,15403,13582,14938,130.66
profiler,3814,3358,3474,52.60
sketch,5325,6611,7457,92.64
coder,16169,7878,10330,108.16
feature_extractor,4019,10164,10866,137.64
sketch,5958,9993,10827,143.83
coder,17615,17595,20234,219.83
sketch,5878,16048,17182,176.78
coder,15970,9414,11802,479.35
coder,17776,11087,13716,169.28
coder,16634,13564,15733,210.53
coder,14550,10447,12314,133.47
coder,14738,10772,13022,164.42
coder,17951,11444,13583,150.72
feature_extractor,5107,7602,8043,98.09
feature_extractor,5970,9537,9941,134.96
coder,16101,15177,17578,187.54
coder,17797,10924,13341,145.17
coder,17951,14247,16400,241.18
coder,12463,14299,16356,200.65
coder,20565,9091,10484,182.33
feature_extractor,5770,14602,15048,208.50
coder,16472,8998,11218,141.07
coder,17893,3873,6509,71.66
designer,15177,4425,5500,66.58
coder,15881,9694,11660,198.87
coder,17545,10671,13189,139.19
feature_extractor,3760,10355,10795,144.49
coder,18266,2318,4398,46.25
profiler,5570,3916,4090,64.14
profiler,3932,6538,6705,101.72
profiler,8692,5824,6025,86.96
coder,18988,6581,8830,92.06
coder,15683,17215,19350,208.05
coder,12509,10123,12275,148.90
coder,12418,10282,12294,154.78
coder,12509,10594,12841,156.89
coder,17503,4703,8992,93.22
profiler,5501,3999,4204,64.75
profiler,4156,749,943,12.76
coder,15426,5289,7196,93.53
coder,17595,10874,13452,154.53
profiler,5511,539,810,14.11
coder,17686,7186,9477,87.73
coder,17382,6133,8540,101.61
profiler,6470,4635,4814,74.68
coder,16895,10857,12945,159.76
sketch,5739,12198,13558,150.12
sketch,5728,12096,13356,155.54
coder,15562,16623,18697,211.87
sketch,5449,4226,5310,62.40
sketch,5899,409,1803,16.70
sketch,5800,13971,15553,178.93
profiler,9069,6746,6933,97.77
coder,15690,12903,14769,167.36
sketch,5662,9862,11194,118.18
profiler,5775,3387,3540,53.50
sketch,5812,11058,12323,160.32
feature_extractor,6221,7688,8062,107.41
coder,20475,15581,18093,236.12
coder,15481,3988,6099,72.25
coder,14542,6921,9182,112.99
feature_extractor,5920,11357,11974,139.90
feature_extractor,6029,12683,13214,171.65
feature_extractor,5970,8131,8643,110.47
feature_extractor,5447,10123,10560,137.76
sketch,5842,22865,24233,262.65
feature_extractor,5871,11919,12567,155.61
coder,17621,7639,9785,117.77
coder,16003,14224,16259,177.03
designer,17186,2503,4282,51.51
designer,15605,5993,7696,71.04
profiler,5644,4904,5072,76.39
feature_extractor,4270,4205,4624,64.77
feature_extractor,6239,10265,10649,150.62
coder,16081,12020,14262,175.73
feature_extractor,6148,11722,12109,158.86
designer,18215,871,2346,24.20
feature_extractor,4355,11329,11971,148.31
sketch,5913,6498,7454,87.96
sketch,5758,8975,10058,105.66
coder,15399,3189,5403,58.48
coder,17875,24045,26984,364.86
feature_extractor,4092,7270,7702,94.29
sketch,5873,13874,15175,157.72
coder,15573,18456,20322,206.66
coder,13098,13664,16196,180.19
coder,12592,16053,18654,205.52
coder,12393,6828,9784,106.26
coder,13098,21310,23664,242.73
feature_extractor,6089,8239,8671,115.28
coder,13374,8195,10451,124.08
sketch,5842,7890,8803,108.85
feature_extractor,5805,9574,9977,139.83
profiler,8683,6811,6936,101.39
feature_extractor,5798,12875,13294,181.35
profiler,8533,5211,5353,85.66
coder,13106,14543,16489,210.06
coder,16263,3253,5497,69.97
coder,17019,4063,6658,75.04
profiler,8360,3538,3713,63.96
designer,16905,5596,6769,69.67
sketch,5029,6626,7616,98.29
coder,16275,1937,3936,44.00
coder,14411,9522,12019,144.28
coder,17001,2527,5002,52.35
sketch,5641,10261,11481,128.90
feature_extractor,5721,10635,11284,160.22
coder,16278,10983,13555,173.24
coder,15602,3855,6338,71.84
sketch,6473,12196,13560,157.18
coder,16107,3012,5025,55.13
coder,14399,12241,14589,250.71
coder,17156,15065,17430,283.28
profiler,5813,1318,1495,23.81
coder,18988,1158,3620,33.46
feature_extractor,3890,10710,11081,143.54
coder,15906,3162,5718,64.02
feature_extractor,4928,8215,8617,113.63
coder,16251,9073,11657,119.73
feature_extractor,6718,10112,10694,133.53
feature_extractor,5766,11025,11492,141.45
coder,12294,5264,7443,83.67
profiler,5697,3195,3354,46.42
profiler,7696,4336,4492,67.73
designer,10188,13646,14877,158.06
coder,12709,10491,12743,136.68
designer,14171,1875,3282,29.33
coder,16647,6045,8303,88.47
coder,16514,4750,7366,82.72
coder,12562,12116,14530,180.74
profiler,5897,2859,3030,50.27
coder,15711,6716,8974,94.97
profiler,7090,2433,2627,36.38
feature_extractor,4016,5621,6126,81.53
coder,15427,4462,6655,72.24
feature_extractor,3992,11207,11896,158.23
coder,17242,2065,4392,44.78
sketch,6091,7104,8386,94.23
coder,16527,3038,5626,59.60
sketch,6007,8652,9927,113.66
sketch,5545,9220,10286,116.74
profiler,5600,1275,1429,21.07
coder,15398,2843,5045,49.62
sketch,5927,5908,7379,83.89
coder,15532,8984,11102,128.34
coder,16769,7173,9750,112.37
feature_extractor,6283,8880,9375,122.71
profiler,5689,2290,2463,37.40
feature_extractor,5563,10407,11005,145.35
profiler,5767,6579,6794,110.19
sketch,6008,14973,16392,168.52
feature_extractor,6226,13642,14291,181.84
sketch,5830,16770,18370,208.13
designer,17646,3686,5229,50.63
profiler,6406,5371,5545,82.52
coder,13961,13049,15200,256.67
coder,16755,9995,12581,155.45
coder,14926,14550,17009,221.37
coder,13961,16101,18449,264.94
sketch,5747,7191,8437,94.19
feature_extractor,4142,9748,10281,141.88
feature_extractor,6306,11387,12004,162.74
sketch,5937,13464,14564,137.92
feature_extractor,6310,12934,13587,172.97
sketch,5820,12044,13323,146.57
feature_extractor,6260,14022,14711,188.47
coder,16107,11429,13893,150.81
coder,17045,10407,12802,157.11
coder,15300,8257,10467,115.91
coder,13026,8524,11308,129.83
coder,17212,5505,7970,107.41
feature_extractor,6011,9474,9921,128.35
coder,12436,9445,11684,197.55
designer,17254,7181,8771,89.66
coder,17160,10499,12942,184.18
coder,15775,14969,17165,204.54
feature_extractor,5938,13608,14028,188.04
coder,16652,6467,9088,98.30
profiler,8025,2010,2167,31.22
coder,18502,8459,10627,111.36
feature_extractor,4197,6573,7083,93.83
feature_extractor,5987,18719,19242,251.24
coder,16133,13606,16101,200.57
coder,12091,18872,20691,299.29
coder,13462,19929,22565,269.74
coder,17314,9690,12087,166.86
designer,16989,6151,7565,66.18
profiler,8302,3844,4001,54.21
feature_extractor,4062,6845,7246,98.10
coder,17556,7190,9580,144.52
coder,17272,14244,16705,276.09
coder,16685,10947,13458,142.88
coder,15561,6717,8691,93.34
profiler,8305,1668,1832,27.22
coder,12665,10890,13408,144.22
coder,14116,11083,14146,164.60
coder,17367,9727,12150,167.40
coder,13077,17694,20095,239.10
coder,19343,17184,19769,191.12
sketch,5919,11429,12867,132.70
sketch,6091,12145,13415,133.71
coder,15934,3645,5587,63.00
coder,15967,15181,17657,209.29
feature_extractor,6292,5535,5987,82.59
coder,17572,11577,14220,161.54
feature_extractor,6230,10065,10692,143.01
coder,16278,4519,7552,83.49
designer,17392,2624,3973,40.19
coder,16252,3438,5812,66.11
profiler,7247,6336,6512,109.09
coder,15594,5399,7286,89.26
coder,18392,12306,15109,203.23
coder,18175,11324,13932,165.18
coder,17271,16380,18680,228.54
profiler,8501,9042,9243,116.76
coder,16656,1077,4079,36.27
coder,15773,14697,17180,311.23
coder,16754,14684,17003,203.68
feature_extractor,3953,8883,9436,125.67
coder,17783,6576,9085,101.97
sketch,5729,7745,8763,96.77
profiler,8249,8180,8377,126.80
sketch,5717,10668,11843,129.14
sketch,6076,11904,13215,136.66
coder,17264,6053,8148,89.89
coder,17264,9081,11071,126.69
coder,16283,9668,11406,129.98
feature_extractor,5704,8264,8654,112.86
feature_extractor,5827,10843,11289,152.13
feature_extractor,6326,13095,13650,170.27
coder,15270,2562,4557,45.76
profiler,7054,1067,1262,19.32
designer,17976,6532,7793,74.27
profiler,8329,3419,3610,55.05
profiler,6110,1814,1951,30.94
coder,16653,6737,9089,106.19
coder,17186,4854,7894,89.69
sketch,5803,5609,6789,75.14
coder,15927,1038,2860,28.20
coder,17368,16253,18536,211.82
coder,19543,9524,11489,125.28
feature_extractor,3882,10863,11431,139.39
coder,17651,5289,7753,109.19
sketch,5463,15586,17190,209.36
coder,12528,6115,8037,85.09
profiler,4051,2661,2801,39.60
sketch,6039,23130,24459,238.32
profiler,5667,6264,6420,105.08
coder,12754,8241,10105,111.58
coder,15590,6176,9192,108.26
coder,12528,8232,10004,112.87
coder,18229,4658,7171,83.26
coder,15185,6578,8365,96.48
coder,17076,9074,11427,133.09
coder,18098,16384,18562,208.61
feature_extractor,5871,8264,8736,109.02
coder,15051,4921,7223,84.31
feature_extractor,6265,10201,10710,139.51
feature_extractor,5912,11994,12503,158.62
designer,3636,9015,10394,139.30
designer,3592,7280,9439,129.27
feature_extractor,3928,6896,7327,102.21
feature_extractor,4649,7076,7602,100.32
coder,13326,10166,12502,158.46
coder,13326,10883,12805,158.42
coder,13326,12619,15028,178.98
coder,17293,10119,13069,146.71
coder,15464,7269,9278,116.69
coder,14648,8920,11264,144.71
coder,14648,12547,14567,239.25
coder,13217,17203,19488,377.62
profiler,3890,3599,3787,47.47
profiler,6686,6374,6638,88.94
coder,16497,1620,3997,38.98
coder,16447,3735,6822,73.22
coder,16174,5313,7021,75.26
profiler,5173,1729,1917,28.66
profiler,5789,5237,5454,90.43
coder,16948,10509,12877,146.77
coder,17398,7751,9999,126.72
profiler,5193,3255,3387,53.71
sketch,5378,5826,6904,75.42
sketch,5395,8290,9512,86.93
sketch,5904,7879,9407,101.20
sketch,5559,10944,12328,131.42
coder,17258,12234,14085,178.74
sketch,6020,12825,14357,150.92
sketch,6344,15687,17272,172.65
coder,17319,4527,6783,74.65
coder,16522,7994,10485,131.25
feature_extractor,5525,4216,4640,59.44
profiler,6388,2166,2307,35.70
profiler,4043,2795,2939,42.13
feature_extractor,5829,12221,12811,166.40
feature_extractor,6420,8130,8631,116.70
coder,17476,6187,8246,84.68
feature_extractor,6795,10190,10773,139.69
feature_extractor,5399,14325,15091,194.10
coder,16814,9724,12068,137.74
designer,16879,3873,5354,44.01
feature_extractor,6342,13236,13842,189.62
sketch,6141,8756,10152,112.92
sketch,6635,9619,11093,118.66
coder,17487,12401,14828,183.96
sketch,5985,12318,13548,141.87
feature_extractor,4077,5398,5852,72.72
coder,17090,9819,11567,136.61
profiler,4330,3418,3578,55.11
profiler,7668,2952,3182,43.65
coder,16745,2243,4531,62.04
coder,17237,5374,7700,769.56
feature_extractor,6174,10088,10557,153.67
sketch,5351,7003,8038,101.17
coder,13919,7930,9939,132.44
sketch,5556,7427,8564,118.45
sketch,5843,7830,9053,136.52
coder,17025,8343,10705,176.36
coder,17752,5569,7732,121.25
coder,12744,11587,13562,200.79
feature_extractor,7038,14616,15019,230.25
feature_extractor,6445,15310,15732,253.88
profiler,8114,2622,2780,49.29
designer,18221,14378,16473,246.92
profiler,4070,3109,3293,60.65
feature_extractor,5333,6935,7307,125.11
coder,16601,4641,6774,85.45
designer,16974,3827,5190,70.95
feature_extractor,5626,7708,8065,144.34
coder,17473,7723,9822,140.58
coder,17655,12626,14913,210.87
coder,13112,20795,23953,322.13
coder,15944,5766,7718,99.82
feature_extractor,6005,10171,10769,175.30
coder,16372,2214,4415,53.99
coder,17081,12019,14374,230.76
coder,17469,9175,11272,165.36
feature_extractor,4669,9747,10291,176.75
profiler,4041,4245,4398,84.12
designer,16850,7610,8733,115.90
coder,17493,7364,9626,128.97
coder,17359,10735,13113,228.12
profiler,8651,4891,5028,99.57
coder,17836,8698,10663,160.28
profiler,6466,2282,2458,50.08
feature_extractor,4023,16665,17044,290.96
coder,17434,11569,14139,220.72
sketch,5866,5761,7136,99.57
sketch,5282,8756,9929,134.46
feature_extractor,3756,13426,13907,240.44
sketch,5547,8614,10076,130.64
sketch,5713,15512,16878,208.93
coder,18088,15755,18106,271.07
sketch,5578,13008,13976,200.00
coder,12998,10225,12286,200.81
coder,17399,8079,10375,289.80
coder,12057,4573,7414,111.04
sketch,5808,18160,19373,226.10
coder,18059,7394,9752,142.63
coder,12027,14584,16912,239.41
feature_extractor,5350,5735,6242,104.41
coder,13071,15090,17236,260.49
feature_extractor,5959,7391,7831,125.25
coder,16012,3052,5332,70.23
coder,13038,11257,13611,187.51
feature_extractor,6124,9128,9586,168.03
coder,12402,12920,14606,201.26
coder,15220,2613,5210,72.81
designer,10882,3221,4661,59.51
feature_extractor,5940,10862,11547,188.56
sketch,6116,14686,15442,224.55
feature_extractor,5518,11686,12409,193.36
coder,15758,1405,3065,40.58
coder,15422,2681,5168,75.97
coder,15879,7028,9561,168.72
feature_extractor,5927,12567,13200,222.63
profiler,4377,2455,2680,47.56
coder,17242,11273,13312,233.58
coder,15891,3162,5849,82.43
designer,15006,2749,3746,55.64
feature_extractor,4024,7867,8328,152.60
coder,16200,11837,14103,229.81
feature_extractor,5888,9631,10573,171.50
coder,15963,7451,9612,142.71
feature_extractor,3685,9387,9803,176.08
coder,16712,10976,13251,238.87
coder,13738,10009,12396,186.00
coder,13562,8034,10454,233.45
coder,14520,13392,15474,268.59
coder,13562,11679,13948,340.08
profiler,5078,5638,5831,126.02
coder,12988,10404,12513,178.06
coder,17603,31372,33376,565.09
coder,12084,12613,14492,220.34
profiler,4643,7574,7753,179.79
coder,13562,17194,19494,318.42
coder,18522,6273,8507,139.59
profiler,5965,2159,2298,46.79
coder,16177,9561,11922,197.96
coder,16347,15685,17793,305.35
profiler,9611,3539,3700,68.87
coder,12352,19379,21384,330.32
coder,15814,5337,7516,104.70
coder,16977,5746,8001,117.53
coder,15256,1859,4055,52.51
coder,16765,10299,12625,172.12
profiler,8868,2268,2431,49.82
coder,18299,9582,11706,167.28
coder,16770,4303,6629,90.85
coder,17970,6979,9357,135.71
profiler,4178,2876,3047,58.13
coder,15946,3362,5238,71.27
coder,19375,9408,11516,183.14
coder,17790,5880,8241,116.71
coder,15909,21774,23955,361.58
coder,16862,3011,5483,70.84
coder,16937,12917,15208,198.35
profiler,5538,2372,2548,41.34
profiler,5388,1590,1752,27.92
coder,15990,1452,3321,41.56
coder,17498,12382,14605,206.84
sketch,6159,6640,7875,105.80
sketch,5236,7066,8141,117.28
profiler,8552,2050,2212,39.43
sketch,5732,13646,14516,186.53
coder,16677,13892,15961,243.83
coder,18529,9501,11688,162.52
profiler,4411,5466,5610,112.07
coder,17031,3581,6057,76.29
profiler,2968,2009,2143,42.98
feature_extractor,5275,10630,11032,170.38
feature_extractor,5571,10273,10682,171.29
sketch,5918,16889,18453,218.01
feature_extractor,6329,11099,11479,192.89
sketch,5661,23288,24386,269.54
sketch,5797,6596,7693,102.36
sketch,5878,7247,8379,112.60
designer,17775,4739,6053,83.59
sketch,5680,25016,26496,311.20
profiler,5752,1451,1625,28.19
sketch,6144,10220,11132,147.20
profiler,3969,4093,4269,78.67
sketch,5475,4463,5851,61.42
feature_extractor,6028,6766,7177,114.05
sketch,5593,7428,8649,101.90
feature_extractor,5737,8282,8802,136.94
sketch,5681,8153,9384,120.31
feature_extractor,6339,9335,9881,158.01
feature_extractor,3906,9961,10343,170.95
feature_extractor,6041,8961,9384,151.39
coder,16330,10886,13086,186.28
profiler,5910,4480,4700,84.27
coder,18045,20541,23044,279.94
feature_extractor,5846,10693,11131,171.56
feature_extractor,5959,12634,13056,210.56
feature_extractor,5843,8620,9271,136.00
coder,16442,6887,9113,124.06
feature_extractor,5745,9035,9544,140.43
feature_extractor,5719,8457,8908,143.78
designer,10515,9099,10606,138.02
coder,17700,2462,4608,60.90
coder,13921,8565,10822,144.17
sketch,6065,10400,11959,163.08
sketch,5902,10690,12345,165.67
designer,17264,8358,10081,116.47
sketch,5914,12054,12887,169.24
profiler,5612,2467,2634,50.36
designer,16614,5510,7034,105.86
coder,18176,1734,3907,52.77
feature_extractor,4078,7778,8271,136.30
coder,15851,17268,19793,294.14
feature_extractor,6548,7912,8452,142.46
profiler,5520,2017,2221,45.55
feature_extractor,4116,6760,7147,119.23
coder,17158,3001,5365,76.02
feature_extractor,5698,11404,11963,208.40
coder,16052,7260,9531,143.70
feature_extractor,6407,14124,14787,245.04
coder,15495,9331,11450,176.60
coder,14159,11343,13434,187.19
coder,12438,8753,10793,159.01
profiler,7666,3881,4103,90.36
coder,13800,11051,13429,204.19
feature_extractor,4397,21366,22134,393.97
coder,13881,12076,13963,234.63
sketch,5770,3356,4461,65.07
coder,18517,6719,9030,142.09
profiler,5435,3735,3889,81.21
coder,18654,8668,11092,167.60
coder,17597,9334,11404,177.43
designer,17071,8588,9580,159.37
profiler,8063,1773,1931,38.93
sketch,5924,13147,14334,202.41
profiler,8920,2344,2491,41.14
coder,18059,6668,8432,114.01
profiler,7585,8238,8361,144.46
coder,18492,9106,11946,181.06
sketch,5714,17105,18184,233.66
coder,14206,10944,13891,186.08
coder,19232,2953,5049,58.46
coder,19007,16263,19199,256.43
coder,17768,2104,5073,51.79
coder,16768,3449,6321,69.05
profiler,3859,3521,3670,56.46
feature_extractor,3637,13147,13767,188.99
feature_extractor,5843,9965,10454,141.10
feature_extractor,6066,10038,10512,148.62
feature_extractor,5750,10879,11242,161.01
profiler,7525,2734,2923,38.43
sketch,5624,5785,6845,74.93
coder,17056,11174,13038,152.63
sketch,5365,9158,10281,100.86
coder,17999,8594,11402,125.41
coder,22609,12398,14954,166.45
designer,17161,9618,10810,104.53
coder,17098,5526,7444,86.17
sketch,5951,15499,16737,184.60
feature_extractor,3842,11334,11962,158.98
coder,16695,6730,8613,103.62
feature_extractor,5390,10732,11258,139.75
feature_extractor,6116,10850,11277,147.44
profiler,5923,2534,2717,39.96
feature_extractor,5635,12384,12927,169.15
profiler,7496,8995,9161,128.28
coder,15475,4070,6032,62.08
designer,16248,1203,2573,27.27
coder,16584,4659,6574,74.99
coder,16774,7249,8846,130.42
coder,14310,8826,10745,131.86
coder,14748,9858,11387,187.66
coder,17215,3930,6046,71.08
coder,16117,12024,14466,162.31
coder,15787,15058,17199,190.85
feature_extractor,4006,9879,10335,131.44
profiler,3710,4546,4696,65.14
sketch,6399,16993,18510,181.70
sketch,6160,19266,20951,212.95
coder,20820,10103,12064,151.47
profiler,5368,5238,5458,73.50
sketch,6455,21704,23022,220.41
profiler,6760,3004,3121,47.46
coder,20175,2905,5122,55.71
coder,14082,7817,9849,115.23
coder,16750,4766,6499,81.18
profiler,5519,3113,3292,54.06
coder,14936,10492,12580,151.22
feature_extractor,6704,6239,6690,90.33
coder,12432,12794,14781,171.23
coder,15820,5270,7451,84.10
profiler,4044,1687,1832,24.72
feature_extractor,6790,12439,12956,160.77
coder,18024,8571,10580,129.33
feature_extractor,6723,14609,15113,193.14
coder,17433,5987,8060,87.78
profiler,5574,2197,2378,33.22
profiler,7736,12333,12486,173.14
coder,17452,10685,12314,153.62
profiler,7966,3406,3603,49.59
profiler,6302,2060,2215,29.16
sketch,5713,9370,10489,108.14
sketch,5574,6652,8014,91.81
sketch,5774,15554,16663,164.81
sketch,5971,12137,13744,116.95
sketch,5812,9989,11441,123.35
sketch,5763,9795,11102,105.10
sketch,5561,9240,10551,108.32
designer,18671,26688,28352,259.52
coder,18294,7468,9411,99.86
sketch,5659,20321,21394,211.43
sketch,5646,16185,17496,153.40
feature_extractor,6421,5388,5846,75.42
profiler,5397,3465,3591,64.54
feature_extractor,6131,9229,9718,136.98
feature_extractor,5959,8292,8817,125.78
feature_extractor,5797,12577,13063,184.14
sketch,5220,2853,3861,54.79
feature_extractor,5656,9783,10251,153.79
feature_extractor,4295,12126,12577,180.74
feature_extractor,5754,9538,9972,147.56
feature_extractor,5889,9872,10397,159.80
feature_extractor,5804,12494,12889,193.95
sketch,5545,6367,7274,102.53
designer,16042,1033,2562,31.17
sketch,5519,8648,9520,112.75
feature_extractor,5764,14567,15161,230.66
designer,10582,12070,13805,150.71
feature_extractor,5399,8002,8511,120.58
coder,13970,10681,13159,181.83
feature_extractor,4129,10085,10763,148.97
feature_extractor,5162,10896,11335,167.29
coder,12608,15260,17622,236.07
feature_extractor,5346,12136,12605,188.04
feature_extractor,4279,7721,8232,114.57
designer,16669,11436,12578,191.33
coder,16705,7148,9760,123.56
coder,14802,7770,9898,123.32
coder,14775,4562,6955,71.07
coder,14775,6326,8656,94.67
coder,13677,6398,8728,94.39
profiler,8589,3505,3690,51.79
coder,13589,29521,32266,377.83
feature_extractor,3782,8985,9395,127.23
coder,12677,16861,19037,211.41
coder,15783,14878,17902,221.18
coder,16818,5646,7580,82.01
coder,18381,7073,9373,101.46
coder,17203,7032,9348,97.68
coder,14079,5272,8221,89.00
profiler,4007,1861,2022,28.71
coder,13098,8233,10816,114.76
designer,16218,12429,13791,172.67
coder,15717,9007,11020,121.69
coder,15867,8804,11609,131.77
coder,18005,12228,14465,157.84
coder,18550,5200,7797,97.18
coder,16872,11123,14160,166.91
coder,16790,10323,12322,127.09
coder,17148,2298,4698,48.62
profiler,8863,6324,6534,100.37
coder,18855,2760,5077,54.69
coder,17002,6005,8777,94.75
feature_extractor,3993,10201,10902,128.76
coder,17614,3342,6338,65.00
coder,17133,7206,9708,111.86
coder,17632,6151,8616,97.65
profiler,8105,1593,1729,22.34
coder,18346,6877,9308,105.83
coder,18744,7282,9424,98.47
coder,17384,1946,4351,39.82
profiler,4087,1944,2092,28.24
coder,16247,10111,12827,120.00
coder,18378,6162,8389,76.72
coder,17321,1478,3820,33.18
profiler,4292,4711,4836,65.35
profiler,5488,1202,1403,20.48
sketch,5595,5264,6415,61.50
coder,18001,12759,15907,157.70
coder,17498,5960,8438,70.58
coder,17582,4759,6811,56.68
coder,16961,4745,7455,71.22
sketch,5515,20928,22205,187.30
coder,18008,3533,5569,57.56
sketch,6146,25469,26735,231.09
profiler,9102,2568,2739,32.90
coder,17273,13452,16306,166.17
profiler,7958,2519,2735,37.37
profiler,6039,2230,2425,34.35
feature_extractor,5738,8358,8811,98.25
feature_extractor,5686,9731,10314,107.56
coder,13373,10945,12665,127.99
sketch,5677,9851,10849,95.89
coder,15914,12309,14205,183.45
sketch,5805,11512,12678,107.02
feature_extractor,6349,14068,14692,158.76
coder,15647,15540,17354,197.71
profiler,6631,6816,7034,80.30
sketch,6683,9700,11154,100.82
sketch,5994,15719,16968,156.71
sketch,6284,10477,11996,114.26
designer,16915,3156,4406,39.26
coder,18724,6783,9354,97.86
sketch,5984,14675,16300,143.72
coder,17836,7357,9162,105.32
profiler,5263,3659,3832,85.19
feature_extractor,6172,9064,9533,103.70
feature_extractor,3865,14474,15080,107.06
feature_extractor,5881,9871,10268,118.72
coder,17848,7062,9511,90.13
feature_extractor,6517,9379,9870,111.41
feature_extractor,5635,12672,13167,148.08
designer,16716,2091,3415,39.08
coder,18700,7689,9479,109.60
coder,16109,7568,9486,81.18
coder,13245,10652,12627,129.74
coder,12413,11875,14099,150.41
feature_extractor,6757,18623,19222,237.43
feature_extractor,3922,6177,6581,82.86
feature_extractor,7071,20685,21157,250.95
designer,19505,6121,7721,80.60
profiler,8203,2593,2762,36.28
coder,17038,10073,11989,118.90
coder,12900,27194,29447,311.64
coder,14010,12734,14876,152.26
coder,12568,15369,17386,190.51
sketch,5614,6010,7488,78.11
profiler,7280,2252,2455,51.74
sketch,5867,15167,16674,147.95
feature_extractor,4278,19671,20697,250.85
profiler,5346,3443,3585,52.14
sketch,5951,33430,34835,295.33
coder,19585,14008,15999,215.96
profiler,3977,3640,3838,59.57
coder,15381,3945,5987,67.23
coder,15332,9849,12415,137.58
feature_extractor,6260,6431,6944,77.16
feature_extractor,6245,6711,7207,84.31
feature_extractor,5953,7122,7579,90.52
profiler,6456,4212,4351,58.52
coder,16387,6195,8101,76.61
profiler,5482,2008,2204,32.01
coder,13694,19445,22396,224.28
designer,11095,5601,7206,74.17
coder,15436,17516,20394,237.61
coder,18117,6279,8212,95.86
coder,17120,9140,11724,132.64
coder,15590,4068,5987,63.28
feature_extractor,4153,6763,7239,86.95
profiler,4099,1058,1200,18.48
sketch,5676,6543,7699,63.66
sketch,5490,6619,7758,70.99
profiler,7649,2757,2988,38.53
coder,15824,7504,9350,92.90
coder,15824,7641,9548,94.01
coder,15824,8719,10693,110.58
sketch,5612,19482,20824,168.49
profiler,3997,1780,1974,23.25
coder,18708,12718,15101,171.85
profiler,7582,5266,5433,71.95
coder,18610,5462,7328,66.51
sketch,5558,7697,9001,87.94
sketch,5514,11313,12528,109.72
coder,19022,7570,9503,109.15
coder,19029,8249,10268,116.44
feature_extractor,5578,12209,12811,138.41
feature_extractor,5862,13123,13703,143.34
feature_extractor,5784,12206,12572,144.75
profiler,5172,3836,4016,40.64
designer,17779,1301,2767,25.07
coder,19108,10510,12459,122.20
coder,18772,3021,5082,50.39
feature_extractor,4031,6248,6640,76.97
coder,16831,23671,26283,272.84
sketch,5800,32891,34003,272.83
feature_extractor,5795,7210,7619,81.10
coder,16948,9408,11615,117.02
feature_extractor,5841,8590,9048,102.71
feature_extractor,5662,9674,10114,108.53
coder,12332,11548,13654,131.19
coder,18086,8779,10640,107.39
profiler,6615,1318,1464,18.20
coder,19138,6154,8230,71.85
coder,16045,20207,22633,248.23
coder,16516,7517,9689,97.93
profiler,12133,1452,1655,22.07
coder,17835,4884,6782,66.86
coder,16462,4922,7130,65.08
sketch,6475,8501,10035,89.87
sketch,6540,9477,11093,95.44
sketch,6210,15118,16618,161.84
coder,15308,11922,14422,138.25
feature_extractor,6942,8623,9070,95.28
feature_extractor,7033,11365,11851,127.04
feature_extractor,6601,14565,15089,157.70
profiler,6646,4023,4235,50.99
coder,18684,13358,15372,170.65
designer,19818,2297,4033,33.13
profiler,5439,3112,3271,38.95
sketch,5603,6669,7969,74.20
sketch,5424,7576,8707,82.75
sketch,5628,11647,12951,108.42
feature_extractor,4375,10487,10909,115.25
feature_extractor,5782,7955,8480,86.15
feature_extractor,5470,9142,9628,97.03
feature_extractor,5825,9333,9851,99.88
designer,10837,9788,11087,88.73
coder,13088,16131,18798,185.63
sketch,5373,11977,13201,116.03
profiler,5562,4154,4306,56.42
coder,17199,4037,6599,55.81
feature_extractor,3885,5268,5745,62.77
sketch,5493,15828,17321,151.47
coder,12821,21215,23870,245.25
coder,13291,22323,24686,299.43
coder,15887,7358,9356,88.99
coder,17038,7272,9510,89.39
coder,13283,10444,12401,112.79
feature_extractor,5536,11653,12260,127.18
feature_extractor,5864,11905,12361,136.24
profiler,6030,5428,5621,64.00
profiler,8693,2297,2508,28.29
coder,16741,11257,14127,133.09
designer,18087,7416,9465,91.58
sketch,6081,9845,11181,98.00
sketch,5687,9575,10691,101.42
sketch,5756,10005,11206,101.63
profiler,6582,3385,3563,46.52
feature_extractor,6321,6076,6494,71.58
coder,16535,10151,12604,124.88
feature_extractor,5860,7886,8361,90.71
feature_extractor,5754,10291,10753,112.99
coder,18747,7010,9163,88.04
profiler,7546,1286,1435,14.74
profiler,6817,4029,4183,46.01
feature_extractor,4628,16972,17587,196.87
coder,18011,12803,15072,151.80
profiler,8040,2368,2556,27.17
sketch,5558,2989,4182,38.73
sketch,5793,7279,8456,73.32
sketch,5705,13570,15051,121.47
coder,17003,17009,19337,193.03
feature_extractor,6045,6629,7139,74.90
feature_extractor,5641,7064,7564,77.81
feature_extractor,5887,10660,11217,124.91
designer,11019,4958,6532,58.46
feature_extractor,4133,6483,6950,80.27
profiler,8072,2533,2739,30.53
coder,15487,11878,14698,158.86
coder,15487,10972,13600,130.58
coder,13993,9625,11872,108.27
coder,15025,12092,14791,247.73
coder,13993,9366,11070,113.55
sketch,5932,9874,10992,106.94
coder,13648,11322,13210,137.22
sketch,6275,15909,17283,132.03
sketch,6440,18433,20146,163.05
coder,20470,6301,9163,101.35
coder,19139,4930,7409,72.89
feature_extractor,5969,5829,6281,66.57
feature_extractor,7078,7211,7721,80.71
coder,19140,3799,6522,67.02
profiler,8130,6449,6653,82.79
feature_extractor,6612,10474,10957,119.10
coder,22622,2734,5421,47.56
profiler,5045,2930,3097,37.19
designer,20459,7460,8802,79.17
profiler,7227,5135,5295,108.84
profiler,8007,9043,9229,109.34
coder,17660,5884,8964,94.50
feature_extractor,4062,16956,17413,202.06
coder,21516,12267,14835,198.23
sketch,5461,7902,9082,101.27
sketch,5290,9960,11008,111.87
sketch,5792,10082,11326,122.37
feature_extractor,5934,3944,4439,57.45
coder,14994,6482,9583,101.72
coder,20302,9448,12293,113.31
feature_extractor,5256,7347,7833,95.54
coder,14994,9518,12247,137.17
feature_extractor,5550,7894,8452,102.68
coder,14994,10037,13349,158.63
designer,10832,3281,4561,44.99
coder,19797,4252,7024,78.00
feature_extractor,3877,7746,8178,104.84
profiler,6420,1640,1855,26.15
coder,19289,1546,4994,41.07
coder,13274,10925,12869,143.53
profiler,8402,3317,3524,50.17
coder,13274,12729,14352,174.55
coder,21410,2195,4920,48.18
coder,12293,14949,16952,210.33
profiler,7412,2022,2205,27.80
coder,19230,3613,7031,71.48
coder,15804,2981,4601,53.14
profiler,7793,7998,8175,109.64
coder,21419,16117,18825,226.78
coder,15130,4470,6577,76.39
coder,15861,10231,12331,140.89
coder,20879,3014,5695,58.32
coder,18345,11932,15141,189.59
profiler,7998,4346,4505,58.24
coder,15525,8018,10189,128.77
profiler,8916,7125,7267,98.18
profiler,6507,1986,2162,33.08
profiler,8051,1955,2121,27.17
sketch,6308,3124,4448,45.05
sketch,6430,10354,12514,103.04
sketch,6264,11861,13848,122.62
sketch,6754,13082,14394,135.10
sketch,5658,12265,13485,120.73
sketch,5461,14385,15604,140.16
sketch,6657,17125,18648,171.55
sketch,6065,24556,26518,239.84
sketch,5712,29662,31098,236.95
feature_extractor,6547,8264,8728,103.18
feature_extractor,7138,11001,11467,131.09
feature_extractor,7020,11052,11560,131.60
feature_extractor,7133,9053,9587,101.23
feature_extractor,5801,6014,6565,72.76
feature_extractor,5590,6855,7362,79.86
feature_extractor,6843,10959,11536,128.84
feature_extractor,7371,13268,13867,140.98
feature_extractor,6072,9976,10479,113.29
designer,10543,852,2288,19.46
feature_extractor,4066,6862,7391,80.80
designer,18366,3512,5728,41.42
coder,14098,10379,12305,118.06
feature_extractor,4721,8251,8707,96.46
coder,14098,11370,13255,126.15
coder,14098,23314,25528,228.52
profiler,8113,1329,1481,17.25
coder,17155,8061,10046,106.65
coder,17197,15298,17299,189.41
profiler,6579,2775,2970,35.63
profiler,7973,1323,1505,17.42
sketch,5576,6473,7713,74.05
sketch,5555,7923,9086,78.82
sketch,5781,12112,13746,108.62
coder,14101,7696,10340,121.22
feature_extractor,6324,5448,5946,63.37
feature_extractor,5714,5789,6266,68.05
feature_extractor,5616,6576,7077,73.80
coder,14482,10514,13207,121.86
coder,17308,6456,8972,71.09
designer,11264,9711,11468,88.68
coder,15118,21937,24766,234.64
coder,16764,5187,7623,83.72
feature_extractor,4369,5016,5555,56.02
coder,16577,4899,7562,68.39
coder,18931,2719,5561,47.19
profiler,8004,3190,3354,44.95
coder,13422,6935,8970,85.87
profiler,6047,1588,1799,22.14
coder,12786,8886,10859,101.37
coder,13422,14684,16842,161.05
profiler,6232,5117,5302,69.02
profiler,6617,3199,3400,41.70
sketch,6423,3551,5316,45.59
profiler,7886,3515,3704,47.99
sketch,6250,7144,8875,81.16
coder,17024,5555,7705,79.01
sketch,6025,12595,14288,118.18
coder,18468,2974,5132,47.68
feature_extractor,6831,10775,11245,121.99
feature_extractor,6640,13000,13554,141.95
feature_extractor,7095,17564,18165,189.01
coder,19091,4620,6759,58.27
designer,19024,12911,14134,133.00
profiler,6695,3004,3176,35.06
sketch,5499,2770,4197,34.71
feature_extractor,3848,8424,8904,87.87
sketch,5676,12746,13960,120.23
sketch,5594,21082,22511,180.45
feature_extractor,5950,4115,4619,46.04
feature_extractor,5837,7052,7540,78.21
feature_extractor,5782,7053,7575,81.23
coder,13151,11730,14460,188.39
coder,13151,13050,15190,150.26
coder,13151,17988,20263,254.76
profiler,4806,1612,1733,31.30
coder,16257,8271,11088,123.38
coder,16467,7226,9303,119.82
coder,16652,13887,16362,181.91
profiler,8126,1995,2146,27.76
profiler,6762,4424,4561,63.77
sketch,6077,9119,11341,103.65
sketch,6310,13770,15931,131.87
sketch,5668,24307,26104,224.07
feature_extractor,6398,11546,12052,136.29
feature_extractor,7094,12200,12816,148.85
feature_extractor,7310,13154,13675,157.26
designer,3670,7246,8947,79.76
designer,3682,10236,11206,105.48
designer,3557,11594,12121,115.93
designer,3631,12649,13339,124.71
feature_extractor,3113,3450,3761,34.67
designer,3559,15566,16501,151.20
designer,3676,18005,18830,159.69
designer,3623,19569,20338,180.03
feature_extractor,3321,6618,6976,66.12
feature_extractor,3641,9786,10210,94.40
feature_extractor,3523,5735,6241,58.32
coder,11568,6271,7183,66.79
coder,10785,6946,8000,68.49
feature_extractor,4308,19766,20434,186.94
feature_extractor,3509,11355,12066,107.62
coder,11077,13967,14704,132.41
coder,14324,9174,10519,93.40
coder,15051,7902,9809,81.36
coder,13784,12299,14091,128.64
feature_extractor,3428,16426,17082,149.01
coder,12833,5484,6512,59.55
coder,13555,13599,15266,131.21
coder,14960,16579,18043,169.73
coder,12473,13460,15196,144.36
coder,14491,5328,6903,55.50
coder,16816,3300,5215,36.64
coder,14678,17730,19623,179.20
coder,15985,6108,7705,62.62
coder,12473,17278,19061,166.04
coder,15082,8879,10597,90.95
profiler,6092,1910,2071,19.11
coder,12473,23301,25003,241.66
coder,14184,11018,13086,117.05
coder,13828,11863,15355,136.19
coder,13679,12275,16056,202.55
coder,11910,13184,16150,206.88
coder,17878,4090,7829,58.68
coder,18188,10356,11899,92.79
coder,15163,10127,11878,100.17
coder,17413,4369,5811,52.04
profiler,5387,3323,3498,35.70
coder,15113,8614,10648,92.27
coder,14574,34978,38064,354.14
coder,13192,34109,36853,362.82
profiler,5011,3248,3391,33.30
coder,16041,31214,32994,304.76
coder,12972,2823,3968,32.60
coder,14786,12057,14105,122.86
coder,17422,15204,18396,155.87
coder,15423,4767,6455,52.82
coder,15486,9586,11000,98.55
coder,15830,8902,12241,104.34
coder,15500,9979,11954,94.28
coder,15055,9766,11055,106.17
coder,18660,12059,15139,128.56
coder,17991,31853,35618,239.34
profiler,5852,4724,4858,51.13
coder,15161,2379,4008,31.58
profiler,5961,4047,4227,42.87
coder,17562,7224,9087,71.09
coder,16302,8899,10510,84.07
coder,17416,11371,13888,138.38
profiler,7372,1903,2030,19.81
coder,15384,23278,25976,222.67
sketch,4565,3823,4370,33.98
sketch,4670,4535,5041,42.50
sketch,4270,6440,6996,57.52
coder,18553,5688,7485,56.51
coder,15059,22301,23709,183.64
feature_extractor,3808,3378,3719,34.47
feature_extractor,4087,3614,3954,34.93
feature_extractor,4170,4324,4674,43.74
coder,17362,11099,14228,206.73
profiler,4155,10365,10544,118.18
designer,9579,4970,5741,44.69
coder,16116,22616,25357,249.61
feature_extractor,3344,2691,3046,27.67
coder,15454,3548,5871,45.33
coder,17730,6374,10254,80.49
profiler,5973,2516,2734,26.38
coder,11079,6138,8041,60.87
coder,17141,3119,4661,34.10
coder,10426,6059,7121,63.15
coder,15291,9968,11411,103.14
coder,16881,9951,13070,96.70
coder,11720,10803,11694,98.33
coder,17244,7589,9818,81.83
coder,15199,9276,11257,102.80
coder,16402,13162,14613,128.86
coder,17824,17663,20735,186.59
coder,15159,5164,7331,58.53
coder,17657,10279,13140,109.93
coder,14692,4995,6659,52.38
coder,13720,6536,7473,61.25
coder,17941,9130,12056,101.83
profiler,3795,1482,1630,16.74
coder,15765,2688,4642,37.52
coder,18644,6127,9283,78.06
sketch,5309,9195,10299,79.27
coder,18405,8893,13045,110.54
sketch,5348,9727,10676,94.30
sketch,5176,19811,20837,142.83
coder,18011,2489,4084,33.90
feature_extractor,5249,9347,9930,88.25
feature_extractor,5174,11578,12058,113.80
feature_extractor,5370,12891,13269,121.89
designer,12085,3756,4922,39.76
coder,14977,2956,5843,44.56
coder,15661,13263,15614,130.34
feature_extractor,3738,11177,11686,104.50
profiler,8102,2147,2336,21.32
coder,16982,18512,20830,196.16
coder,12125,11249,13115,102.99
coder,12048,12300,14426,116.90
coder,12060,11960,13495,121.83
coder,15357,3333,4912,41.87
coder,15403,11251,12671,115.88
coder,15729,7719,9678,81.72
coder,12717,5462,6425,50.06
profiler,6736,6372,6527,63.81
coder,18513,14276,17375,156.02
coder,16613,14082,16995,148.84
coder,15509,10198,11524,110.25
coder,14831,2454,4025,31.86
coder,18770,13355,17428,137.95
coder,16223,6651,8102,71.04
coder,14735,7189,8687,74.85
coder,18094,11350,13756,121.16
coder,16990,26111,29221,251.25
coder,15769,19758,22702,147.10
profiler,5151,2047,2226,22.89
coder,13801,7906,9942,74.58
profiler,5274,4007,4213,46.99
coder,15678,7641,9809,83.65
coder,14793,3804,5353,43.26
profiler,5501,8280,8434,78.22
coder,17676,12667,15490,122.96
coder,14898,2083,4135,30.97
coder,18399,20254,23571,205.87
coder,18599,4345,7359,53.91
sketch,5275,6692,7524,54.92
coder,18358,13692,17426,127.72
coder,15111,3650,5621,43.67
profiler,5963,3482,3668,33.14
sketch,5155,17357,18243,132.98
coder,15070,2927,4911,38.95
feature_extractor,5084,3494,3975,35.39
feature_extractor,4991,5487,6009,55.96
designer,13692,6181,7236,49.62
coder,15861,5345,8415,70.58
profiler,7193,9221,9435,88.64
feature_extractor,3688,7927,8397,74.00
coder,17066,13377,16736,143.77
sketch,4585,5611,6255,49.69
coder,14968,5695,7793,65.62
sketch,4495,7755,8320,69.67
coder,12991,6950,8951,73.22
sketch,4431,10147,10834,84.18
coder,13217,9532,10952,88.35
feature_extractor,4036,2672,3025,28.06
feature_extractor,4204,3750,4105,34.35
feature_extractor,4064,3798,4160,36.78
coder,13217,15320,17107,139.60
designer,10209,3347,4155,29.34
coder,17275,10773,14193,121.54
profiler,7689,1807,2042,18.18
feature_extractor,3361,6391,6718,60.57
coder,15324,5887,6921,56.35
coder,11101,6302,7374,63.58
sketch,4996,8916,9783,84.74
sketch,4899,11604,12619,95.84
sketch,5015,11519,12566,97.98
coder,15100,7179,9219,66.26
coder,16254,6110,8122,68.81
feature_extractor,4838,5009,5403,48.27
feature_extractor,4794,5362,5764,51.55
coder,11737,16614,17668,138.80
feature_extractor,4995,5712,6091,55.19
profiler,4016,2783,2933,27.04
designer,12960,7577,8613,55.33
profiler,6111,4019,4209,44.83
coder,16016,20749,23792,201.21
feature_extractor,3647,5105,5441,46.10
coder,12682,4356,5874,48.68
coder,17723,7545,11269,81.80
coder,16341,8268,11290,89.70
coder,12682,9556,10998,88.28
coder,11063,9613,10858,90.93
coder,15255,4780,6250,53.99
coder,15051,2252,4478,33.05
coder,13865,4344,5548,48.74
coder,15807,2579,4325,30.11
coder,17524,8920,12057,90.43
coder,16375,18092,21528,181.74
sketch,5944,7040,8022,65.34
sketch,5662,11572,12601,96.80
profiler,3931,3436,3579,32.25
sketch,5371,2317,3258,24.43
sketch,5445,4393,5464,43.31
feature_extractor,5645,6911,7339,66.99
coder,17219,5281,9101,69.86
sketch,5530,10593,11641,79.89
feature_extractor,5868,12274,12936,116.24
feature_extractor,5271,6299,6681,57.30
feature_extractor,5532,6586,6977,61.78
feature_extractor,5466,8092,8531,75.69
coder,15780,17555,21032,152.37
coder,16191,5677,7773,65.25
designer,12377,4960,6134,47.68
designer,10339,9412,10722,94.06
feature_extractor,3738,10055,10439,91.90
feature_extractor,3987,11836,12411,106.45
coder,18268,8365,11903,92.23
coder,12474,8223,9957,74.69
coder,14219,4230,5447,40.57
coder,15432,5728,7203,63.62
profiler,4829,10132,10296,106.44
coder,17921,13667,15744,132.55
profiler,6732,3864,4053,41.91
coder,12761,20947,23033,168.48
coder,14849,5935,7227,62.87
coder,15543,24602,26627,220.68
coder,14839,1473,2493,20.72
coder,15267,5362,6987,58.80
coder,18103,11957,15693,121.97
coder,18500,6758,9609,78.33
profiler,8509,3949,4116,80.19
coder,16331,4784,6669,51.76
coder,21096,8802,10827,88.02
coder,16878,12114,15168,116.47
profiler,5067,2080,2245,19.07
profiler,6063,8112,8287,75.54
coder,17787,12063,15882,126.51
coder,15755,5254,7366,58.27
coder,14743,10733,12402,103.78
coder,17295,13613,16712,141.02
coder,15969,15822,17816,882.24
coder,15543,16175,18558,917.41
coder,16213,10890,13035,108.47
coder,16972,7576,9482,70.64
profiler,7486,3232,3386,34.86
coder,18677,11761,15352,126.72
coder,17701,17963,20824,167.62
coder,13380,14180,15053,138.00
coder,15398,6349,9072,59.43
profiler,5855,5428,5604,59.08
sketch,5087,2475,3349,26.68
coder,18033,10672,12480,107.93
sketch,5003,6071,7066,57.41
sketch,4797,7805,8835,69.09
coder,12261,1871,2745,20.52
feature_extractor,4764,5043,5405,48.74
feature_extractor,4904,5980,6360,58.53
feature_extractor,4935,7074,7452,66.74
designer,13003,6289,7063,60.99
feature_extractor,3431,3885,4258,37.99
coder,18864,14663,16697,134.91
coder,12466,6530,7668,64.90
coder,11830,5903,7115,66.12
coder,11830,15310,16546,131.22
profiler,5890,3468,3679,38.74
coder,15715,3774,5400,43.78
profiler,9679,2811,3010,34.53
sketch,6356,9066,10964,77.91
profiler,5408,1351,1523,17.04
coder,19038,10177,12159,114.09
sketch,7338,18066,20035,141.84
coder,13903,11217,12362,103.80
coder,15920,11326,13084,96.71
feature_extractor,7098,12203,13088,113.72
feature_extractor,8224,13810,14490,129.14
profiler,10613,2746,2892,30.11
designer,24033,3550,5387,38.11
coder,16161,8052,10198,85.50
sketch,6560,10227,12258,90.77
sketch,7090,12079,13973,96.99
coder,14658,5080,6297,60.17
feature_extractor,4424,10560,11110,104.05
feature_extractor,7968,7274,8001,68.87
feature_extractor,7481,10275,10895,94.33
designer,24216,995,3204,20.80
profiler,7095,3194,3311,31.18
coder,18508,7264,9288,82.80
sketch,4787,3242,3853,32.74
sketch,4582,3718,4364,34.70
sketch,4397,3915,4498,36.22
coder,16685,10558,13550,155.70
feature_extractor,3951,2327,2662,22.16
feature_extractor,4353,2712,3076,27.81
feature_extractor,4178,3036,3398,29.75
designer,9827,2502,3158,21.82
coder,15043,3068,4375,36.92
feature_extractor,3219,2701,3044,29.03
coder,14317,18643,21648,172.63
coder,14317,20428,23570,211.73
feature_extractor,4765,24636,25497,228.99
coder,11594,4770,5800,46.12
profiler,6136,3912,4060,44.58
coder,10628,5026,5947,55.56
coder,10628,5782,6884,66.46
coder,15623,4971,6517,52.31
coder,13090,10817,14096,145.15
coder,21163,4014,5951,48.81
coder,13963,3635,4848,42.98
coder,13480,16953,19972,165.24
coder,15338,3295,4830,41.32
coder,17191,20947,24071,180.17
profiler,5033,2064,2322,21.42
coder,19810,10439,13205,113.96
sketch,5263,4222,5133,47.59
sketch,5230,7657,8602,74.90
sketch,5605,23837,24788,169.97
coder,14110,4363,5595,49.39
coder,18245,6864,10107,86.45
feature_extractor,5136,8714,9104,85.60
feature_extractor,5144,11526,12066,108.78
feature_extractor,5543,12213,12798,118.09
coder,14777,2239,3511,30.89
profiler,5622,2292,2440,26.02
coder,15547,12566,14317,141.91
designer,12327,7091,8163,65.42
coder,13659,4796,5970,51.16
profiler,5554,1440,1614,60.55
feature_extractor,3649,9214,9659,92.11
coder,19353,9794,11771,97.82
coder,15593,9936,11641,89.61
coder,18798,9045,10864,90.13
coder,14678,1580,2863,24.61
coder,14413,10175,11820,95.67
profiler,9050,11285,11506,110.76
coder,16550,4063,6149,49.09
coder,15052,14089,15612,144.25
coder,16162,3968,5658,44.45
profiler,8972,3084,3260,36.06
coder,15121,10740,11859,99.48
coder,18637,8150,11573,92.63
coder,16276,11175,13050,96.07
coder,14713,6771,7933,62.20
coder,14884,2137,3945,28.94
profiler,8925,5477,5700,53.71
coder,19272,2546,5703,38.56
coder,21863,5627,8831,66.00
profiler,7150,3577,3722,33.70
coder,13710,3929,4877,40.45
coder,14163,3970,5180,44.86
sketch,5439,3120,3943,32.43
sketch,5193,7722,8596,59.46
coder,20080,6010,9454,77.24
feature_extractor,5215,5161,5656,49.98
feature_extractor,5017,11420,12118,105.97
designer,13879,10236,11602,90.73
profiler,3796,6647,6800,71.43
profiler,5575,4597,4812,49.91
feature_extractor,3955,11143,11616,95.92
coder,15609,8546,10515,77.80
coder,15322,14769,16522,131.44
coder,16512,16489,18473,155.13
coder,17814,20527,23381,209.67
profiler,10076,4212,4393,47.86
profiler,7165,5242,5415,52.88
sketch,4453,6132,6813,47.72
sketch,4468,6198,6851,53.00
sketch,4551,7434,8026,64.31
feature_extractor,4103,2257,2613,23.55
feature_extractor,4113,2628,2985,26.06
feature_extractor,4065,3085,3418,29.60
coder,21058,8528,10539,85.28
designer,10157,1867,2469,19.70
feature_extractor,3184,3659,3978,40.44
coder,10594,3973,4870,41.45
coder,11560,5639,6664,55.54
coder,11560,9940,10832,87.10
profiler,7223,2478,2732,27.76
profiler,4999,2573,2725,26.82
coder,17214,2086,3949,30.52
coder,14706,4312,5501,44.19
profiler,6683,2790,2937,30.35
coder,19956,6584,9547,80.53
sketch,5491,15360,16431,121.76
sketch,5708,19990,21419,146.84
sketch,5748,19740,21021,155.05
coder,18218,11443,13302,109.54
coder,15032,2900,3920,34.46
coder,13598,4191,5075,49.65
profiler,9864,6916,7134,77.52
coder,19902,6683,8758,71.76
feature_extractor,5958,8758,9233,84.31
sketch,6975,3162,5215,34.57
feature_extractor,5497,12409,12882,121.45
feature_extractor,6033,19000,20164,166.60
sketch,6541,12667,14744,103.57
coder,14198,2645,3850,30.76
sketch,6750,20876,22590,155.97
feature_extractor,6033,10403,10889,100.62
coder,16386,5410,8424,58.52
coder,16294,7740,9425,78.04
coder,16738,3683,5778,43.87
coder,14965,5778,6908,61.59
feature_extractor,7440,7343,8022,68.86
feature_extractor,7889,10613,11216,94.14
feature_extractor,5958,7583,8062,71.76
coder,12457,6217,7139,63.70
coder,13946,4535,5611,41.77
feature_extractor,7498,19132,19756,179.43
feature_extractor,5497,12674,13123,123.13
coder,19807,12645,15635,138.06
coder,14605,7047,8207,77.03
profiler,5397,3115,3313,31.82
designer,24169,8738,10722,64.72
designer,16895,5823,7399,57.03
coder,13944,6324,7392,68.25
profiler,5391,5770,5899,64.10
coder,19336,2020,4995,35.87
feature_extractor,4537,12992,13600,118.45
sketch,5587,5350,6229,50.43
sketch,5195,8429,9490,69.26
sketch,5310,11888,12880,86.05
profiler,7113,7588,7759,76.51
feature_extractor,4208,18841,19313,182.72
feature_extractor,5251,8692,9291,78.78
feature_extractor,5426,9053,9458,87.15
feature_extractor,5185,11896,12306,106.26
designer,12198,1011,2185,16.66
profiler,3763,2859,3033,32.86
coder,14655,5068,6276,60.52
feature_extractor,3718,9539,10049,84.78
coder,12373,10165,12139,95.40
coder,12373,11048,12454,110.32
coder,12373,13065,14649,124.97
coder,12939,9195,12781,95.26
coder,13920,12896,16228,232.74
coder,14897,8617,10263,137.07
coder,17445,8531,11361,84.77
coder,13959,3375,4439,38.83
coder,14066,11012,13035,140.36
coder,12862,16872,20143,223.47
coder,13989,16536,18576,164.25
profiler,5518,1518,1690,17.99
coder,14985,4343,5602,46.52
profiler,5245,9358,9586,82.61
sketch,5417,7135,8292,59.17
sketch,5266,6761,7810,62.13
sketch,5568,13508,14816,104.04
coder,17323,21100,23931,187.65
coder,14857,20864,22636,195.27
coder,14891,3267,4370,37.64
feature_extractor,5777,6187,6684,62.28
feature_extractor,5256,12837,13455,113.43
feature_extractor,5521,12612,13247,116.62
profiler,7581,4438,4582,43.50
designer,15011,15983,17571,115.84
profiler,4490,3980,4199,42.29
coder,15019,7488,9032,73.21
feature_extractor,4211,6531,7023,60.63
sketch,4411,6727,7352,54.91
sketch,4722,7746,8347,59.44
sketch,4442,9045,9748,77.52
feature_extractor,4099,2309,2660,24.27
feature_extractor,3998,2708,3044,26.63
feature_extractor,4279,4375,4740,40.09
coder,15865,9449,11613,85.13
coder,16246,9135,11354,87.84
designer,10072,2661,3267,27.40
profiler,10246,7895,8109,81.34
coder,18058,5617,8918,66.59
feature_extractor,3177,3545,3895,34.78
coder,16246,23634,25951,170.99
coder,11553,5345,6344,57.48
sketch,6478,5763,7635,57.21
coder,12206,9994,10948,91.08
coder,11553,11091,12073,110.07
coder,17644,3391,6733,48.53
sketch,6311,18314,20280,143.38
profiler,4154,8010,8184,84.91
feature_extractor,7255,11234,11935,98.37
coder,14024,2301,3279,26.59
feature_extractor,7093,18596,19242,178.42
coder,17302,25826,27758,236.25
coder,18023,3824,7199,54.25
profiler,5910,5023,5235,58.21
coder,13998,3093,4182,33.63
coder,17701,5126,7228,58.30
designer,24050,15300,17425,130.63
profiler,4718,2200,2383,26.15
coder,13504,2228,3180,27.21
feature_extractor,4676,13797,14422,124.30
profiler,5471,1282,1438,14.38
coder,16772,2393,4733,35.10
sketch,4839,3319,4004,32.72
sketch,4709,9363,10061,88.86
coder,17744,12945,14911,126.50
feature_extractor,4488,4303,4684,43.71
feature_extractor,4372,6214,6603,62.34
designer,12774,3620,4382,33.15
profiler,4876,2036,2182,22.15
feature_extractor,3409,4809,5189,47.20
coder,16855,6046,8144,71.76
sketch,4915,5796,6760,52.29
sketch,5451,8967,10144,76.87
coder,13978,10470,13353,201.66
sketch,5073,12800,13790,111.97
coder,12774,8282,9321,82.25
coder,18230,17124,20093,162.97
coder,15082,18376,21213,221.83
coder,12774,9424,10410,95.71
profiler,10408,10205,10411,108.44
coder,12774,15376,16447,128.45
profiler,7025,3099,3267,35.53
feature_extractor,4814,8378,8890,77.83
feature_extractor,5015,8652,9176,84.52
feature_extractor,5530,10730,11367,95.19
coder,19550,9687,9725,91.88
coder,17459,9144,12652,104.95
profiler,7697,1741,1907,18.71
designer,12254,3417,4702,34.03
coder,17900,8409,10534,89.90
coder,14814,5264,6389,53.11
coder,17148,2968,8841,58.89
feature_extractor,3808,12334,12919,109.77
coder,12612,5829,7712,59.94
coder,14814,8045,9833,84.06
coder,14737,13614,15342,128.28
coder,13824,9436,11550,89.27
coder,17919,7520,10241,83.80
coder,17520,13893,17145,116.32
coder,14057,1687,2734,22.20
profiler,6985,2195,2383,21.87
profiler,5580,7855,7984,86.21
coder,15008,5174,6742,52.36
coder,18301,5369,7548,61.10
sketch,5886,7197,8198,63.64
coder,17606,7489,10349,84.15
sketch,5701,14947,15905,113.17
sketch,5784,18267,19307,142.42
coder,18275,2840,4818,38.86
feature_extractor,5786,7250,7895,64.62
feature_extractor,5807,8471,8935,77.16
coder,18102,6160,9065,60.01
feature_extractor,5595,10976,11474,105.54
coder,18211,11978,15316,101.45
designer,15435,3670,4758,37.69
profiler,5655,7946,8108,89.08
feature_extractor,3685,10352,10823,100.47
coder,14703,8833,10745,87.77
coder,19095,4170,6943,54.24
coder,14703,17907,19475,143.64
coder,14055,19844,21856,185.40
profiler,5694,5431,5587,57.46
sketch,4578,1880,2529,17.90
profiler,6431,5859,6067,52.55
sketch,4507,7933,8590,60.18
coder,17150,7488,9529,78.36
coder,14756,9767,11330,88.53
sketch,4464,13130,13742,91.16
feature_extractor,4123,1659,2041,17.75
feature_extractor,4173,3956,4325,36.53
feature_extractor,4033,4461,4836,42.36
coder,22120,19786,22792,186.20
designer,10228,4320,5159,37.65
profiler,4472,6034,6196,56.43
feature_extractor,3369,1874,2210,19.96
coder,14827,7418,8529,68.08
coder,12952,13409,14471,139.36
coder,15174,2779,4639,34.82
profiler,4289,6672,6776,62.13
coder,11658,17109,18145,157.91
coder,17189,5202,6607,48.06
coder,11658,20299,21599,177.08
profiler,10399,3689,3897,40.70
coder,18118,12003,13988,115.79
coder,14896,6619,7799,70.88
sketch,6860,7646,9518,70.93
sketch,7115,10068,12116,80.87
sketch,6864,13950,15744,112.30
coder,22390,20720,23703,206.37
coder,15305,5744,7765,63.41
coder,19584,13420,16109,122.58
feature_extractor,7635,12827,13502,118.88
feature_extractor,7560,13927,14611,126.04
feature_extractor,8006,16640,17629,144.22
coder,22865,6801,9831,79.61
designer,24578,6375,8265,53.54
coder,14924,5599,6700,58.60
feature_extractor,4537,10933,11562,107.14
coder,17662,4309,6198,48.80
profiler,3569,8127,8307,84.63
profiler,5650,2342,2525,21.67
coder,19434,7424,10378,86.26
profiler,5409,1275,1475,14.37
coder,13843,12502,15729,131.87
profiler,5492,7271,7458,73.35
coder,14037,15730,19440,149.73
coder,14882,8037,9187,75.70
coder,12862,17568,21219,180.54
sketch,5794,4431,5551,44.80
sketch,5621,7332,7945,66.39
sketch,5657,15425,16657,101.81
feature_extractor,5767,10968,11467,104.51
coder,14933,3912,5249,49.26
feature_extractor,5183,14954,15427,148.28
feature_extractor,5852,16152,16630,151.22
profiler,4578,3260,3475,49.56
profiler,6002,1292,1524,14.88
designer,16866,3093,4155,31.13
profiler,3867,615,783,7.26
sketch,5378,3169,4204,32.39
coder,17479,20950,24396,248.96
profiler,5386,6651,6904,73.71
coder,14145,7859,9299,74.28
sketch,5301,7441,8443,62.58
sketch,5080,9086,10071,77.24
feature_extractor,3752,10246,10717,101.77
coder,23224,5819,8886,69.25
coder,17691,7749,11337,89.44
feature_extractor,4994,9848,10262,89.38
feature_extractor,5345,10016,10548,89.45
feature_extractor,5243,9719,10148,95.33
coder,15104,2820,4041,31.52
designer,14398,7864,9041,71.10
feature_extractor,3745,18541,19147,167.54
profiler,5618,4151,4343,44.37
coder,18771,11174,14216,127.77
coder,15045,3357,4584,38.38
sketch,4804,3974,4649,35.89
sketch,4548,5831,6432,43.54
sketch,4579,5074,5804,43.88
coder,15309,8454,10126,80.18
coder,14406,9292,11186,88.24
coder,16906,9733,11532,91.04
feature_extractor,4445,2406,2780,24.46
coder,12180,10444,12395,129.10
feature_extractor,4253,4125,4468,39.50
feature_extractor,4104,5401,5781,50.93
coder,20358,3146,6479,46.34
coder,18280,18998,22548,199.02
coder,12180,16143,18336,136.84
designer,9841,4707,5364,38.98
coder,12180,17334,19296,228.70
feature_extractor,3222,4253,4618,40.15
coder,18486,11731,15293,127.46
coder,15816,7165,8280,67.54
coder,14322,6789,7844,73.04
coder,12690,14170,15282,115.02
profiler,3538,3078,3355,32.53
coder,15032,5921,7375,65.89
coder,18582,3696,7357,51.17
coder,24567,8714,11681,88.62
sketch,5559,8677,9675,71.57
coder,14966,9444,11642,97.70
sketch,5585,14658,15675,118.02
sketch,5038,19501,20549,157.85
coder,23822,3862,7143,53.64
feature_extractor,5563,6607,7168,62.63
feature_extractor,5510,6717,7254,64.47
coder,18897,7357,10993,91.00
coder,15533,8351,10655,91.27
feature_extractor,5027,10738,11360,97.96
coder,15253,6305,7456,65.15
designer,14709,6331,7580,60.48
feature_extractor,3837,6569,7043,61.54
coder,12159,9660,11521,89.33
profiler,5012,4519,4704,45.54
coder,13253,11601,13497,110.64
coder,22502,3476,6519,49.48
coder,13253,14525,16400,138.40
coder,18504,6396,10442,85.26
sketch,4578,6177,6870,59.82
profiler,5751,2314,2477,24.97
sketch,4726,10394,11253,93.92
feature_extractor,4534,2685,3045,27.97
feature_extractor,4237,3309,3698,33.43
designer,12030,7040,7751,51.38
coder,15227,2534,4392,35.74
coder,15060,20758,22824,227.15
feature_extractor,3363,4685,5059,45.65
coder,23562,9446,12662,104.12
coder,12398,7117,8138,72.15
coder,19180,9660,12978,94.98
coder,15570,11606,13698,112.50
coder,13109,12797,13967,117.67
coder,10779,14745,15945,131.98
coder,20685,2140,4039,27.80
coder,18066,5332,8385,67.98
profiler,3797,7091,7308,77.14
coder,15610,3991,6294,50.61
coder,18306,8426,10281,71.75
coder,19005,16177,19774,172.41
coder,13537,9392,10499,99.41
profiler,6953,5525,5687,62.52
coder,16016,3634,5462,44.63
coder,23237,2792,4732,37.46
coder,14636,3815,5998,44.94
coder,19312,5199,8494,67.22
coder,19077,5605,9290,73.32
coder,15368,15112,16361,134.53
coder,15724,5977,7847,64.57
coder,24675,2875,5981,45.54
coder,15305,8892,10945,96.40
coder,15261,6306,7474,66.58
coder,22477,12613,14422,105.27
profiler,6432,10950,11154,129.50
sketch,4628,3843,4526,37.37
sketch,4578,8538,9228,74.26
sketch,4641,9833,10475,86.62
coder,15782,12792,15248,122.27
feature_extractor,4274,2950,3322,33.13
feature_extractor,4218,3771,4141,39.99
coder,14361,7231,8369,73.33
feature_extractor,4254,6022,6383,56.78
profiler,10475,3758,3937,43.11
designer,10078,8390,9091,92.72
feature_extractor,3282,3778,4106,37.78
coder,15648,11328,13537,107.81
coder,18996,15027,18714,167.17
coder,14450,3259,4580,36.15
coder,12311,11314,12451,97.78
coder,12311,11754,13010,121.51
coder,12311,12293,13199,123.36
profiler,3895,2538,2699,30.65
coder,19034,7527,11247,96.84
coder,15553,9513,11703,101.56
profiler,6462,2271,2534,29.09
profiler,7727,2981,3116,31.58
coder,12949,4633,5676,53.65
sketch,5306,7663,8854,62.57
sketch,5203,7857,8820,64.87
sketch,5308,10385,11470,72.84
sketch,6653,8529,10458,69.51
coder,14491,6423,7305,67.20
sketch,6250,14755,16527,122.16
feature_extractor,5328,8414,8825,81.08
feature_extractor,5122,9497,10011,85.98
feature_extractor,5425,12444,13040,116.97
coder,15759,5055,7602,59.66
coder,18281,8030,11728,99.27
feature_extractor,6938,9212,9748,90.97
designer,15299,4249,5838,51.13
feature_extractor,7421,13526,14291,124.51
coder,14425,6527,7670,70.99
feature_extractor,4095,6619,7115,63.51
designer,21796,2809,4913,31.72
coder,14562,8192,9422,86.05
coder,14446,11784,13751,131.54
profiler,5238,3276,3451,35.77
coder,12795,13548,15565,140.79
coder,17769,4797,6627,54.86
coder,15628,4418,6638,61.02
coder,16525,17669,20230,184.68
feature_extractor,4651,18785,19341,182.06
coder,14579,9473,10638,91.71
coder,15039,7483,10775,105.90
coder,15039,7884,10918,93.53
coder,14346,1810,2963,25.34
coder,15039,25263,28683,204.44
profiler,9886,1750,1946,33.07
coder,18320,3136,6745,48.48
coder,18530,11593,14599,95.32
profiler,4203,4858,5009,53.06
profiler,4307,3181,3383,40.21
coder,14625,3142,5505,43.73
profiler,5273,3068,3176,31.70
profiler,5213,652,932,9.20
sketch,5389,6165,7134,57.99
sketch,5414,7967,9108,66.54
coder,16152,10971,12900,103.18
sketch,5398,14409,15532,112.13
coder,19047,5794,8493,58.20
coder,18945,12818,16387,127.38
feature_extractor,5308,11149,11849,101.36
feature_extractor,5448,11415,12140,103.77
feature_extractor,5447,11203,11790,110.47
profiler,5816,4459,4692,45.25
coder,15947,4109,6713,54.50
coder,15313,5297,6381,55.50
designer,14511,12912,14082,106.85
coder,17779,8250,10054,84.88
coder,19212,3600,6850,51.21
coder,14173,3934,4797,36.17
profiler,5810,6545,6694,76.50
feature_extractor,3750,7687,8311,73.47
coder,16064,4651,7008,52.30
coder,12072,10693,12678,106.31
coder,12785,13389,15059,124.16
coder,13053,15986,17589,138.56
coder,17478,10261,13843,114.80
coder,18848,6987,9998,83.59
coder,15675,5816,8431,65.03
sketch,7223,8148,10043,77.97
sketch,6871,7456,9417,79.74
coder,18737,13634,16479,137.01
coder,15819,6227,8517,69.57
feature_extractor,8012,16954,18057,165.56
feature_extractor,7728,17906,18592,169.85
profiler,7464,8536,8685,96.18
coder,18115,2555,4358,34.42
profiler,7566,5144,5328,56.21
designer,23773,7793,9891,73.62
coder,19294,7553,10625,89.72
profiler,5431,4892,5055,55.42
sketch,4395,2825,3390,26.61
sketch,4440,3815,4451,38.77
sketch,4739,7115,7694,56.94
feature_extractor,3931,2712,3056,28.03
feature_extractor,4293,3257,3641,31.37
feature_extractor,4040,3245,3605,33.08
designer,10741,1892,2579,19.90
feature_extractor,4688,18567,19364,177.35
profiler,5378,1707,1862,20.57
feature_extractor,3267,5280,5600,51.63
coder,16049,10737,11470,109.19
coder,15866,5339,6700,55.08
coder,12296,8344,9436,80.70
profiler,5765,4707,4855,43.88
coder,19037,20317,23374,172.99
coder,15397,6583,8977,77.11
coder,14900,18730,19957,197.11
sketch,4688,4957,5651,52.29
sketch,4762,5982,6781,56.74
coder,14939,8221,12155,118.41
coder,18955,5466,8265,68.14
coder,14853,11093,14900,121.45
coder,14306,12170,15104,136.04
sketch,4741,10369,11178,99.07
feature_extractor,4347,4015,4414,38.83
feature_extractor,4522,4195,4560,41.73
feature_extractor,4506,5365,5746,56.40
coder,14648,2909,4075,31.06
designer,12227,2570,3335,27.95
profiler,5090,4083,4259,43.08
feature_extractor,3411,3862,4206,39.64
sketch,5436,9188,10336,82.07
sketch,5305,11024,12123,95.49
coder,11810,6389,7449,75.54
sketch,5469,13302,14216,106.90
profiler,5000,5151,5324,57.00
coder,13546,18809,20811,161.03
coder,12446,13786,14894,146.73
coder,19135,19107,22243,200.19
feature_extractor,5357,7923,8424,80.03
coder,11810,17202,18316,165.16
feature_extractor,5502,11019,11539,106.37
feature_extractor,5344,12010,12413,116.64
designer,14832,4833,5854,45.66
feature_extractor,3588,14794,15216,148.26
coder,15230,4656,6104,56.51
coder,16648,8285,9772,89.17
coder,15230,10434,12064,119.47
coder,18276,2234,5289,42.17
coder,14850,7320,8367,65.53
coder,18338,33603,37604,294.85
coder,18179,4211,5666,52.04
profiler,3731,2915,2942,35.99
coder,18978,10343,13086,113.40
coder,14518,9894,11017,128.13
sketch,5176,10002,11252,99.52
coder,20292,4561,6062,54.40
sketch,5234,13848,14806,135.79
sketch,5554,14771,15721,138.88
profiler,4351,5121,5300,57.98
coder,14523,6172,7331,75.25
coder,15411,3675,5779,52.97
profiler,5821,8410,8570,102.14
feature_extractor,5331,8709,9203,98.85
coder,14902,2226,3460,35.86
feature_extractor,5433,10229,10822,105.50
feature_extractor,5142,12571,13151,136.00
coder,19252,8531,11742,116.33
designer,14462,5825,6994,76.30
profiler,10499,2177,2364,35.72
feature_extractor,3802,9264,9918,99.90
coder,15378,8405,10245,94.66
coder,12124,9451,11159,100.49
coder,18201,16076,19491,200.65
coder,15378,15411,16975,166.02
coder,18626,2975,4732,41.18
coder,14506,8524,9696,115.15
coder,14487,5578,6633,69.10
sketch,5808,7272,8259,83.41
coder,19102,14882,17970,165.90
sketch,6012,14957,16158,151.16
feature_extractor,6161,6761,7269,85.35
coder,18462,2432,4311,38.66
feature_extractor,5742,14061,14583,155.82
coder,13886,5821,6933,70.01
coder,18854,8779,11534,117.42
coder,19899,17067,20468,260.89
designer,16169,12698,13839,160.46
coder,15054,4053,5199,44.36
coder,18942,14161,17204,157.21
profiler,3478,4977,5157,61.89
feature_extractor,3791,11564,12025,131.05
profiler,5778,9155,9423,116.66
coder,17489,12704,15827,148.73
coder,17099,7023,7936,88.87
coder,13843,4326,5401,53.39
profiler,5101,1880,2051,27.01
coder,12128,6194,8008,114.71
profiler,9365,2055,2268,25.81
coder,12128,13811,16576,248.29
coder,14396,5558,6638,63.40
coder,12128,20973,23044,218.45
profiler,3749,3321,3505,42.31
coder,18287,21254,24300,254.12
coder,14869,12887,14079,150.95
coder,18860,11535,15109,122.76
profiler,5243,3049,3283,34.37
coder,14970,6285,7973,69.01
coder,13948,6224,7370,69.70
coder,17120,2056,3144,31.33
profiler,8911,5951,6141,64.83
coder,15915,7399,10125,86.85
coder,14555,6727,6754,66.42
profiler,4826,3301,3510,34.41
coder,19498,25719,28759,299.39
sketch,5260,4351,5353,48.63
sketch,4988,5486,6357,53.86
sketch,5022,12464,13435,110.10
coder,20484,13354,16990,128.11
profiler,3656,3498,3660,41.12
feature_extractor,4909,6222,6690,62.84
coder,15169,8127,10192,79.93
coder,14625,8345,9505,93.47
sketch,5424,7806,8898,75.15
feature_extractor,5213,11517,11878,121.27
sketch,5282,10596,11453,93.12
feature_extractor,4820,15091,15666,143.57
sketch,5159,13085,13887,110.31
designer,14467,7428,8424,77.24
feature_extractor,4920,8562,9088,84.66
feature_extractor,5097,9180,9863,89.75
feature_extractor,5444,10220,10881,101.96
designer,14391,3556,4784,34.25
profiler,9192,2850,3079,34.15
feature_extractor,3545,8721,9171,83.34
coder,14640,2721,3958,37.46
sketch,6751,5370,7161,49.68
feature_extractor,3839,6171,6742,58.63
coder,14804,6087,7706,64.52
coder,12567,6216,7976,65.56
coder,18385,14685,17749,156.89
coder,11854,7108,8674,72.85
sketch,6620,9018,11020,89.77
coder,12835,8603,10148,86.90
sketch,6304,14079,15859,121.47
coder,12777,6901,8616,69.12
coder,12732,11242,13021,103.71
coder,12628,12822,14555,112.82
profiler,5686,4829,4974,54.50
sketch,4608,1141,1714,14.03
feature_extractor,6977,10276,10897,99.26
sketch,4616,3928,4551,39.76
feature_extractor,7481,14036,14642,135.71
sketch,4669,7044,7645,58.59
feature_extractor,7373,16096,16939,156.54
feature_extractor,4153,1913,2283,21.70
feature_extractor,4205,2513,2878,24.75
feature_extractor,4234,3751,4119,37.57
designer,21962,2639,4588,28.12
feature_extractor,4506,14035,14435,130.92
coder,14894,12819,15356,142.28
coder,13532,12579,15394,134.50
coder,16341,14836,17897,155.42
designer,3535,13152,13152,126.46
feature_extractor,2628,2237,2546,23.47
coder,9756,5844,6867,58.61
coder,9756,8266,9237,85.29
coder,9756,10414,11394,102.65
coder,13131,7891,9087,101.68
coder,15945,3504,5222,38.56
coder,11754,5139,6147,53.44
coder,15416,2739,4708,38.22
coder,14933,8172,9336,85.32
coder,17452,24096,26593,252.81
profiler,10653,995,1142,12.70
profiler,5074,2969,3138,33.26
coder,14676,3918,5214,51.72
coder,17800,5901,8747,64.23
coder,15801,4121,6038,50.76
coder,19252,22214,25892,253.15
coder,17640,3792,7069,57.72
coder,14691,5544,6591,59.41
profiler,2958,648,789,9.32
coder,17226,6038,8769,71.29
profiler,6981,2964,3142,36.46
coder,15110,2525,4044,32.03
coder,14622,5719,6914,58.95
coder,19873,13990,17612,156.40
profiler,5921,609,784,10.64
coder,20850,4927,7776,69.53
coder,14153,5901,7111,68.24
profiler,4347,1412,1569,17.28
coder,14391,6666,8208,80.74
coder,21333,4630,8260,69.34
coder,14487,5046,6100,59.93
coder,20499,5281,9038,81.39
profiler,6121,2324,2517,27.66
coder,15639,4893,6790,61.96
coder,20139,5615,9197,78.55
coder,17742,27020,29828,311.93
profiler,2960,2305,2433,23.83
sketch,4494,3625,4289,38.96
sketch,4473,7092,7592,59.27
sketch,4478,8277,8940,78.05
coder,19169,8852,11844,104.07
feature_extractor,3953,3795,4174,37.56
feature_extractor,4125,4125,4474,44.38
feature_extractor,4098,5157,5485,50.19
designer,6982,3684,4300,35.27
sketch,7138,4158,6284,45.44
profiler,3543,3639,3812,43.97
sketch,7357,4624,6520,50.82
feature_extractor,3186,3536,3885,34.79
coder,16404,7020,8878,76.98
profiler,5891,2309,2478,28.49
sketch,5270,5077,5987,48.39
coder,13867,4388,5457,46.30
sketch,5034,7024,7902,58.23
coder,13432,4806,5977,51.86
sketch,5057,7103,8090,63.93
coder,16106,6613,7807,69.93
coder,14827,3386,4494,40.99
coder,17686,15867,19620,147.74
feature_extractor,8070,13358,14123,122.95
feature_extractor,4872,7001,7405,71.44
feature_extractor,5143,7756,8313,72.19
feature_extractor,4969,8599,9056,84.98
feature_extractor,8132,19639,20353,183.87
designer,25355,1605,3700,26.32
coder,18564,6654,9459,82.31
coder,14077,9999,11160,91.09
feature_extractor,4697,13847,14452,134.92
coder,14928,5208,6290,58.21
coder,16288,12137,15375,156.10
coder,15718,15380,18845,220.20
profiler,5233,3387,3612,44.95
coder,13998,4855,6052,64.65
coder,17257,19350,22554,255.01
profiler,4426,6191,6328,78.57
sketch,5279,5226,6305,54.62
sketch,5409,10484,11506,121.93
sketch,5479,14577,15538,151.97
feature_extractor,5372,7743,8272,89.54
profiler,7599,3735,3914,53.55
feature_extractor,5386,8254,8873,92.82
feature_extractor,5261,12007,12656,127.52
coder,19586,2990,6300,54.26
coder,18813,9203,11754,92.06
designer,14780,13464,15164,156.16
feature_extractor,4250,10923,11390,129.02
coder,13665,11884,13979,128.40
coder,14002,6557,7761,83.69
coder,13897,12087,14492,141.78
coder,20805,7911,11424,119.71
profiler,6669,2628,2851,34.20
coder,17411,2698,3698,41.33
coder,19680,4295,7798,65.50
coder,13897,20231,22416,199.68
coder,15100,2747,3737,37.56
coder,22911,4114,7320,67.79
sketch,4780,7891,8708,75.80
coder,17523,6494,9144,92.91
coder,16693,7787,9993,102.01
feature_extractor,4571,1421,1782,19.17
designer,11896,2189,3015,26.91
coder,18800,3713,7038,62.34
feature_extractor,3491,6183,6543,72.85
coder,19460,4555,7008,66.47
coder,20188,4812,7469,72.97
coder,16587,4354,6521,65.84
profiler,9526,2553,2697,38.64
coder,19268,7659,8717,95.86
coder,19268,10421,11494,113.51
profiler,4279,2182,2376,31.61
coder,17088,4056,6347,64.07
coder,15856,4373,6690,63.98
sketch,4483,5847,6576,60.72
coder,19268,18034,19149,182.18
sketch,4667,7888,8496,79.69
sketch,4571,9695,10434,87.19
feature_extractor,4264,1405,1774,18.48
feature_extractor,4180,2394,2752,29.54
coder,21305,2447,3588,37.93
feature_extractor,4239,3785,4146,45.16
designer,7087,2597,3308,31.95
coder,20248,16192,19805,150.85
feature_extractor,3273,4636,5000,57.46
coder,17411,20577,23928,265.93
coder,20775,11088,13780,154.20
coder,20699,18472,21181,247.66
coder,13733,4713,5732,57.64
coder,11669,5265,6293,60.44
coder,12767,5891,6852,69.08
coder,21336,2051,3180,31.81
coder,21327,2837,3915,37.28
coder,17777,16038,19529,195.81
coder,13682,15527,16637,177.40
profiler,6773,3429,3654,45.05
coder,17293,3500,6295,56.22
coder,20878,16152,18826,203.42
coder,20208,15016,18303,189.71
coder,21398,5356,6383,64.20
coder,17331,9603,13077,128.88
coder,18080,12034,14996,144.02
profiler,5608,2714,2878,31.96
profiler,4333,5868,6073,69.97
coder,17506,8954,12242,120.63
profiler,5825,5641,5850,64.87
coder,19460,9566,12955,108.05
coder,21302,4032,5112,57.19
coder,20066,16017,19683,206.10
profiler,5638,3505,3668,42.61
profiler,6902,3232,3406,39.41
sketch,5735,5880,6853,66.37
coder,19741,10995,14355,136.19
sketch,5858,14097,15131,127.24
coder,21377,7631,8789,85.70
sketch,5844,16627,18181,171.20
coder,17249,6181,9677,89.04
sketch,6525,13188,14907,128.08
feature_extractor,5635,9042,9624,100.05
profiler,4411,5300,5450,67.51
feature_extractor,6303,11606,12400,119.87
feature_extractor,5854,12032,12482,127.62
coder,21440,14453,15709,166.96
sketch,4535,2038,2716,25.80
coder,21426,4734,5878,62.43
sketch,4615,6381,7076,61.92
sketch,4469,7941,8694,68.53
feature_extractor,7139,12352,13034,136.10
feature_extractor,4175,3246,3613,34.47
feature_extractor,4272,3207,3548,35.58
feature_extractor,4155,3591,3962,42.17
profiler,10390,2809,2935,69.59
designer,7394,2858,3579,29.08
feature_extractor,3252,1691,2031,20.00
coder,21521,4412,5695,58.56
designer,23408,5481,7371,62.68
coder,11631,3887,4978,48.35
coder,10665,5901,6829,61.14
coder,11631,5613,6629,62.09
coder,13819,2648,3764,40.70
coder,21505,11107,12185,110.53
coder,17359,17814,21290,209.76
feature_extractor,4507,14613,15322,171.53
profiler,7412,2824,3014,37.03
profiler,4306,2109,2253,29.31
coder,18333,8488,11989,115.88
profiler,5803,1759,1971,25.46
coder,16419,12076,14745,207.74
profiler,4307,804,1015,11.16
coder,17502,14371,17047,160.92
sketch,4692,6655,7445,71.63
coder,14438,16310,19300,209.01
sketch,4839,7992,8916,83.43
coder,13209,3274,4401,51.27
sketch,4714,10740,11454,111.94
feature_extractor,4437,4168,4568,49.02
feature_extractor,4409,4310,4713,52.99
feature_extractor,4697,6395,6789,72.68
coder,20567,2143,4879,42.02
profiler,10124,4037,4238,53.28
designer,11968,12313,13103,100.00
feature_extractor,3438,3362,3734,40.22
sketch,7040,7917,9783,85.60
coder,15077,7380,8613,90.03
sketch,6858,16089,18163,135.79
coder,15077,8059,9291,100.22
sketch,6892,18306,20248,161.03
coder,15077,12186,13281,142.90
feature_extractor,7759,11080,11609,118.78
coder,21262,5369,6213,62.56
profiler,6621,5132,5300,57.49
feature_extractor,7795,15761,16283,170.09
coder,17083,16760,19885,225.39
feature_extractor,7799,17501,18446,194.33
sketch,4509,4335,4896,44.46
sketch,4441,4974,5603,51.37
coder,17268,6408,7679,74.77
sketch,4620,6723,7347,60.94
feature_extractor,4039,3313,3673,40.49
feature_extractor,4197,4902,5280,56.15
feature_extractor,4037,5153,5507,59.59
designer,24189,7635,9592,63.57
designer,7304,6212,6855,50.15
feature_extractor,3190,2338,2668,27.88
coder,17268,5880,7077,69.78
coder,10603,4562,5630,55.61
coder,11569,5940,6968,69.73
feature_extractor,4620,11887,12436,132.13
coder,10603,12109,13070,108.16
coder,11926,4090,5121,44.64
coder,17214,4501,5599,54.20
profiler,6050,2973,3136,75.33
coder,11937,2454,3453,33.55
coder,17328,8742,9914,94.81
coder,13410,2854,3884,39.49
coder,20616,16286,19530,210.47
coder,16516,14168,17117,162.24
coder,13335,10130,13479,186.62
coder,13561,13113,16312,201.46
profiler,5902,3464,3650,43.55
coder,18517,15569,18815,159.70
coder,17286,5927,7108,64.95
coder,13290,31228,34988,287.51
coder,20237,4437,7386,67.91
profiler,4340,1961,2136,23.93
coder,17176,7052,10381,94.14
coder,17194,8901,10052,87.23
coder,17179,15759,18836,185.77
coder,18025,5901,9733,87.30
profiler,4328,1207,1415,15.73
coder,20325,8480,11343,103.38
coder,18621,18438,21585,236.24
profiler,5889,2786,2925,34.71
coder,17295,8197,12034,112.57
coder,17281,4876,6107,64.59
coder,16991,5808,8857,83.17
profiler,4294,3267,3422,42.48
sketch,4496,5384,6103,55.69
sketch,4530,5731,6483,62.68
sketch,4544,7294,7967,65.42
feature_extractor,4183,2805,3194,34.58
feature_extractor,4170,3879,4258,47.24
feature_extractor,4235,4121,4499,50.39
coder,17481,3149,4384,48.69
designer,7285,4051,4937,41.89
feature_extractor,3439,1896,2251,23.99
profiler,8806,3225,3369,40.27
coder,17824,9803,13734,142.26
coder,12561,3882,4886,49.09
coder,12561,5380,6444,67.87
coder,12973,5942,6840,70.17
coder,17240,2042,5618,44.12
coder,22962,11159,14353,159.37
coder,19706,4470,7668,66.49
coder,17546,15087,18188,187.73
profiler,7034,3138,3356,43.25
coder,17777,8129,12106,122.28
sketch,4791,3207,4029,39.10
sketch,4778,6323,7092,69.21
sketch,4823,6430,7104,74.33
profiler,2979,1955,2099,24.35
feature_extractor,4504,4068,4439,47.85
feature_extractor,4472,4267,4659,48.98
feature_extractor,4574,5968,6380,66.66
designer,11995,7384,8313,71.00
coder,17311,9167,12644,138.54
feature_extractor,3570,4464,4852,50.31
coder,17478,4900,8102,80.31
profiler,4214,3700,3846,47.95
coder,17750,7101,8161,82.10
profiler,9171,2742,2892,35.50
coder,18015,3443,7344,59.72
coder,16414,12558,14137,143.17
coder,16414,19430,20575,175.69
sketch,6707,10010,11950,99.60
sketch,6408,14725,16271,130.46
coder,19779,5599,6724,71.45
profiler,4359,3549,3747,43.57
sketch,6295,26541,28283,210.09
coder,17651,3984,7158,63.59
sketch,4421,4752,5402,47.17
coder,20250,6421,7806,76.80
sketch,4496,8059,8730,81.66
coder,17633,16098,19663,203.98
sketch,4568,14455,15145,122.12
feature_extractor,6899,10196,10980,111.74
feature_extractor,4228,3502,3846,38.30
feature_extractor,4040,3455,3833,39.90
feature_extractor,7529,14613,15210,159.17
feature_extractor,6821,14147,14784,159.94
feature_extractor,4125,5871,6232,67.82
designer,7146,1946,2595,22.66
feature_extractor,3212,2665,3031,30.45
coder,11251,4852,6044,59.85
coder,10115,6004,7108,68.31
designer,22426,7318,9286,71.40
coder,10115,10021,10954,95.18
coder,19839,4264,5542,56.96
coder,16878,885,3922,30.91
feature_extractor,4580,15510,16235,174.97
coder,19830,6575,7673,73.24
profiler,7339,1598,1737,22.48
coder,17988,4548,8016,72.38
coder,18779,6416,7759,82.47
coder,18363,36641,40087,352.17
profiler,4240,5498,5640,56.30
coder,13265,5967,7116,66.27
coder,16225,16166,19511,419.76
coder,15970,15758,19239,388.61
coder,17128,15858,19532,361.45
coder,17598,16430,19348,173.94
coder,17670,14742,18273,203.87
coder,17775,6422,9973,98.01
profiler,7177,7204,7323,108.72
coder,20114,5103,6395,71.85
coder,17484,1392,4314,36.43
coder,17835,4296,7663,68.21
coder,18531,4463,5578,61.15
profiler,4415,2360,2514,41.73
coder,19027,3901,7518,81.13
sketch,4680,2056,2752,34.53
sketch,4625,3474,4148,53.02
sketch,4450,8281,8895,101.95
coder,20072,9133,10218,139.93
coder,18495,4765,5905,76.27
feature_extractor,4327,2624,2983,38.45
feature_extractor,4032,3127,3499,46.21
feature_extractor,4258,5624,5984,77.35
coder,20705,17624,20993,204.78
designer,7448,3975,4788,53.03
profiler,10184,2168,2387,40.03
feature_extractor,3361,3769,4131,52.38
coder,20906,5536,8921,96.06
coder,19804,1562,2651,33.08
coder,14168,4832,6116,77.55
coder,12586,5337,6411,84.47
coder,17458,6700,9729,139.38
coder,15660,7426,8562,112.37
coder,17983,4576,8182,94.30
coder,18090,6294,9855,111.07
coder,19857,8557,9706,112.76
coder,19836,2544,3658,41.78
coder,18570,4056,5210,66.72
coder,19932,15971,19288,226.64
coder,17687,6698,10306,126.21
profiler,5406,2695,2894,44.07
coder,15925,1070,2261,24.63
coder,18487,3240,4291,49.19
profiler,9211,11818,11845,217.54
coder,18793,11566,14949,182.33
profiler,5829,2962,3123,43.82
coder,17818,13075,16785,215.31
coder,18584,9821,11022,133.41
coder,21444,15248,18516,228.64
profiler,6706,625,664,10.82
designer,3649,9412,10271,148.60
designer,3599,7483,8402,105.69
designer,3615,5765,7065,93.16
designer,3605,12171,12786,169.43
coder,18409,10542,13917,169.67
sketch,7081,10099,12115,117.03
designer,3543,9464,9953,139.51
feature_extractor,3489,5198,5600,73.51
feature_extractor,3519,6466,6964,84.38
coder,19968,3823,5021,64.48
feature_extractor,3062,2500,2836,38.00
feature_extractor,3865,8524,9073,124.13
feature_extractor,3243,9556,9990,136.86
feature_extractor,7921,9271,10077,128.60
coder,14021,6724,8404,100.28
coder,14021,8781,10732,131.50
designer,3599,21328,22034,277.63
coder,14021,10242,12044,149.51
coder,16027,5568,6498,92.46
coder,12507,10154,11788,178.23
designer,24930,4859,6952,70.19
coder,10802,4480,5395,152.83
coder,12421,4533,5541,70.87
coder,11438,7196,8090,114.28
coder,12139,13018,14545,217.90
coder,15564,10147,11343,158.17
coder,11751,11324,12482,161.65
feature_extractor,3332,8168,8628,102.00
coder,12852,16130,17651,179.76
coder,21780,16313,19700,261.13
coder,13614,8752,10903,150.92
coder,18141,6233,9611,111.02
coder,17724,3911,5119,64.10
coder,16542,5163,6777,87.57
profiler,4342,3619,3755,58.18
feature_extractor,4656,17171,17794,233.38
coder,13614,18851,20511,290.21
coder,14338,10851,12827,149.63
coder,11719,10701,12328,166.82
coder,13233,23022,25082,391.91
sketch,4696,5356,5999,59.09
sketch,4772,6013,6660,70.51
coder,12700,15711,17304,236.67
coder,15435,5001,6610,74.71
sketch,4547,8250,8879,92.59
coder,16960,2605,4550,51.48
feature_extractor,4309,3150,3531,45.11
feature_extractor,4144,3790,4142,54.31
feature_extractor,4379,4656,5017,63.50
designer,7220,1174,1952,17.87
feature_extractor,3334,6035,6382,78.85
coder,17799,12499,15993,204.83
sketch,4846,6344,7049,90.37
coder,12665,8333,9539,108.35
coder,12551,7387,8612,111.79
coder,14422,7824,9441,114.79
coder,12723,11636,12692,137.72
sketch,4718,13869,14604,171.65
coder,17970,12679,15451,177.99
feature_extractor,4417,3197,3565,46.18
coder,17922,3870,5480,64.22
feature_extractor,4497,4014,4410,56.94
coder,16313,14258,18152,256.66
coder,15332,16145,19073,262.52
coder,21929,7211,10415,106.11
designer,11950,5298,6310,77.27
coder,16767,8312,10101,100.57
feature_extractor,3642,6790,7175,93.76
coder,13179,8158,9802,121.71
coder,12543,13973,14000,187.87
coder,13007,17154,18805,210.94
profiler,4274,4643,4840,73.72
profiler,2920,2195,2339,53.60
coder,15286,7196,8945,94.23
profiler,7575,1970,2160,30.06
coder,14812,5231,6277,73.66
coder,20905,4298,7062,71.19
coder,15187,10263,12421,124.19
coder,14410,11079,11974,161.01
coder,15736,5793,7459,84.97
coder,15463,3214,4838,51.05
coder,15311,3888,4901,61.77
coder,16773,7232,9361,107.55
coder,18875,30178,33029,404.20
coder,20218,10927,14413,153.32
coder,12855,4283,5695,71.96
coder,18234,14283,17662,216.82
profiler,4990,966,1066,16.09
profiler,6333,5431,5610,88.82
coder,16016,4191,6603,70.56
profiler,6259,2041,2217,29.65
coder,15137,9906,11453,139.23
coder,16722,4367,6111,64.36
coder,19431,6879,9970,103.45
coder,15164,8878,10696,103.31
coder,18481,4762,7900,77.32
profiler,4283,593,797,11.77
coder,14942,6094,7845,80.00
coder,16900,3071,5187,45.70
coder,16913,6298,8249,82.47
profiler,4496,1993,2164,27.85
coder,15742,8762,10372,97.42
coder,14474,6525,8222,86.00
sketch,4736,8962,9600,95.44
sketch,4724,9608,10351,99.74
coder,21210,15850,19375,188.81
sketch,4533,17247,18147,175.12
profiler,4919,1188,1373,171.74
profiler,6566,3883,4067,155.19
feature_extractor,4361,6966,7407,145.19
feature_extractor,4424,7933,8249,155.66
coder,16182,7461,9787,87.43
coder,15240,7741,9268,96.79
feature_extractor,4329,13980,14619,219.66
designer,11095,2117,3118,30.35
profiler,2888,1748,1887,24.62
coder,15446,5508,6960,73.61
sketch,4511,2455,3146,35.59
sketch,4404,6539,7214,76.07
profiler,8797,6982,7228,106.94
sketch,4434,12008,12559,136.72
feature_extractor,4166,2769,3119,44.27
feature_extractor,4046,3513,3829,47.37
feature_extractor,3582,12789,13160,194.92
feature_extractor,3965,5401,5742,80.50
coder,15849,8980,10481,141.16
coder,15445,4416,6150,65.38
coder,11986,4277,5529,65.23
coder,16737,12113,15263,190.19
profiler,6255,884,1044,15.55
coder,13257,7013,8355,94.67
coder,13495,6695,7962,105.03
profiler,5603,3894,4072,58.47
profiler,5093,2264,2421,32.99
sketch,5182,7590,8544,84.27
sketch,5139,9427,10566,93.02
coder,16992,4270,6220,77.80
profiler,9606,5306,5443,83.20
designer,7105,22243,22951,199.74
coder,20129,9006,12500,147.55
sketch,5140,18881,19836,210.62
feature_extractor,3272,3693,4044,53.16
feature_extractor,5221,6710,7106,101.33
feature_extractor,5095,7945,8395,101.80
profiler,5409,3516,3747,73.43
feature_extractor,5045,10096,10510,143.49
coder,12554,2191,3254,88.36
coder,14413,6810,8031,100.95
coder,14606,11759,13469,179.06
coder,12554,5830,7002,80.90
coder,12554,6300,7317,112.61
designer,13961,1030,2031,20.60
feature_extractor,3616,9857,10215,139.91
coder,16853,8290,10330,135.19
coder,16839,18857,21541,287.33
profiler,5150,1678,1815,27.47
coder,15450,5722,7028,81.87
coder,19872,22178,25996,373.73
coder,12003,7257,8742,126.45
sketch,4522,5845,6569,65.00
sketch,4520,6684,7350,71.60
coder,15274,12742,14228,211.38
coder,12003,13912,15510,198.16
profiler,7879,5259,5446,67.38
sketch,4561,12254,13033,135.09
coder,12003,18704,20204,221.14
feature_extractor,4288,2246,2614,32.00
coder,15908,9379,10417,135.60
profiler,10075,4006,4191,63.01
feature_extractor,4139,3492,3865,49.62
coder,15509,5015,6607,78.69
coder,17481,15102,18355,199.87
feature_extractor,4197,6356,6734,82.06
sketch,7034,3313,5670,53.25
designer,7242,5093,5792,66.82
coder,16534,4037,6226,71.82
coder,15552,9128,10713,109.00
feature_extractor,3250,4417,4766,49.46
coder,13766,3652,4714,51.07
sketch,6650,18021,20267,214.92
coder,12663,3619,4634,54.67
coder,13629,7381,8384,84.54
coder,15944,2463,3651,41.97
sketch,6870,37712,39616,323.70
coder,15586,10399,11958,128.34
feature_extractor,7647,9178,9886,109.04
coder,22812,16392,19642,227.26
coder,15811,2699,3741,41.07
coder,16512,10516,12666,132.05
coder,19857,4428,7827,77.20
profiler,5356,2543,2701,30.88
coder,14407,281,1765,13.41
feature_extractor,7706,15965,16729,183.63
feature_extractor,8229,16711,17676,193.25
profiler,4574,3629,3768,49.31
sketch,5606,11384,12548,102.38
sketch,5198,10744,11921,103.92
sketch,5343,15066,16168,144.54
feature_extractor,5276,4946,5482,55.32
feature_extractor,5654,6353,6882,68.00
designer,23768,3649,5806,42.85
feature_extractor,5354,6608,7232,71.81
designer,9816,2165,3514,27.54
profiler,3538,5870,6025,66.36
feature_extractor,3945,2705,3208,33.79
coder,15146,3091,4081,43.68
profiler,6198,5184,5324,61.21
coder,16525,8356,10327,107.39
feature_extractor,4703,16063,16907,182.95
coder,16084,9980,12042,124.93
coder,16827,16478,18186,168.99
coder,15642,16650,18084,172.37
coder,16525,6559,8643,76.65
coder,18287,6897,10037,101.86
profiler,4365,4324,4510,51.22
coder,15450,16341,17876,206.04
coder,14772,5747,7431,71.05
profiler,3357,2322,2436,32.10
coder,18547,3905,5916,57.03
profiler,3531,1782,1955,20.60
coder,18138,13073,16375,165.63
coder,13361,5740,8811,86.93
coder,15061,2530,4143,42.38
coder,15478,9464,10821,109.43
coder,13093,13925,16931,190.14
coder,17965,10321,13518,140.29
profiler,3142,3733,3885,46.24
coder,18518,3541,5596,59.37
profiler,4306,6438,6612,80.15
coder,13361,30563,33544,347.96
coder,17691,904,4045,28.40
coder,15477,4132,5627,52.37
coder,17867,7230,10636,103.96
coder,14928,2801,4212,40.35
coder,19292,2997,4745,43.37
profiler,5371,2923,3076,37.96
profiler,4509,5884,6030,76.91
profiler,4939,3360,3495,45.00
sketch,5639,5872,7353,63.53
sketch,5045,5305,6367,55.80
sketch,4843,6385,7182,75.40
sketch,5136,5351,6485,64.03
sketch,5051,6069,7086,70.36
sketch,5678,9251,10431,94.96
sketch,5607,9101,10307,97.25
coder,22294,3676,6965,61.11
coder,16819,4704,8214,76.31
sketch,4780,10481,11074,117.99
coder,15586,7401,9209,91.14
sketch,4881,12847,13572,140.57
feature_extractor,5209,6920,7366,78.74
feature_extractor,5046,8956,9513,97.19
feature_extractor,5749,10010,10550,105.58
feature_extractor,5737,10005,10484,111.52
feature_extractor,5988,10110,10618,114.43
feature_extractor,5023,10908,11481,121.41
feature_extractor,4568,8466,8997,91.17
profiler,2972,3742,3887,42.38
feature_extractor,4589,12781,13318,142.69
coder,21105,3614,5453,51.88
feature_extractor,4349,13651,14372,148.19
profiler,6738,1660,1812,19.32
designer,16768,3685,4917,35.71
designer,13836,3002,4146,31.08
sketch,4518,3178,3878,36.01
designer,11357,6960,7895,84.00
sketch,4569,6496,7218,67.13
sketch,4510,7260,7944,78.37
coder,15503,6342,7879,83.25
feature_extractor,3748,9141,9677,99.77
feature_extractor,4157,3063,3421,34.84
feature_extractor,4175,3066,3424,35.90
feature_extractor,4258,3120,3443,37.37
coder,16990,5235,8541,80.82
feature_extractor,3782,12924,13488,148.98
coder,18202,10858,14207,136.98
feature_extractor,3533,12163,12660,152.02
coder,17249,2324,4231,35.97
coder,11256,9760,11109,111.75
coder,12559,15601,16710,178.88
coder,12237,15115,16879,181.97
coder,17965,7330,9389,94.79
coder,12403,13488,15122,254.43
coder,15840,13971,15767,187.02
coder,12403,17135,18836,215.24
coder,14937,16087,18389,263.97
coder,12058,16934,18828,184.77
coder,18159,5820,8948,85.59
coder,14451,12938,14453,153.15
profiler,6072,4412,4588,56.31
profiler,3021,315,450,4.84
coder,19719,11146,14128,128.06
coder,18769,2262,4087,38.32
sketch,4655,2719,3398,31.54
sketch,4537,4736,5419,51.62
sketch,4977,6836,7613,89.52
sketch,5121,10591,11538,99.67
sketch,4499,7824,8403,82.16
feature_extractor,4176,2442,2828,26.89
sketch,5153,15767,16759,137.66
feature_extractor,4050,3429,3752,40.06
feature_extractor,4298,4868,5228,54.29
coder,16200,10586,11731,134.04
feature_extractor,4694,3750,4140,43.64
feature_extractor,5012,4418,4820,51.27
coder,18805,2511,4417,38.53
feature_extractor,5083,5203,5591,59.77
coder,18247,3961,7178,62.46
coder,15732,15225,16920,184.38
coder,18105,15733,18988,165.44
designer,7255,7238,8005,62.46
coder,18620,17834,19473,112.99
feature_extractor,3346,3993,4341,47.51
coder,18164,8148,11365,93.84
coder,18730,2663,4625,42.81
coder,19955,7267,9196,97.29
coder,14387,12665,14254,159.53
coder,21122,8921,11990,122.25
coder,13643,5425,6719,117.24
coder,17520,7453,8583,84.08
coder,14979,8129,9104,123.99
profiler,4992,5652,5802,57.52
coder,14411,10161,11770,104.62
coder,15307,2707,4460,75.83
coder,17414,3909,6236,102.55
coder,21564,12228,15486,207.84
profiler,4425,6443,6614,86.98
coder,17503,13246,14431,151.56
coder,15598,4752,6377,55.73
coder,20716,2610,4521,40.41
coder,15506,2343,3983,43.82
profiler,7721,6691,6904,89.75
coder,18114,5074,8520,90.27
coder,15085,28955,30560,244.72
sketch,6336,20205,22116,190.27
coder,15195,29886,31284,377.19
coder,17389,2310,4184,37.81
profiler,6514,4958,5133,55.09
profiler,6772,9321,9527,105.78
coder,17910,16305,18149,185.51
feature_extractor,7159,17440,18290,188.85
coder,14331,4028,5650,58.71
coder,18304,8525,11664,105.27
coder,19076,3969,5751,54.94
coder,18144,3238,5245,50.50
designer,23286,16938,18921,200.60
profiler,3784,3708,3879,47.29
coder,14615,2611,4278,38.93
coder,18847,9632,11584,101.63
coder,17798,13977,17317,168.92
feature_extractor,4586,21336,21991,229.10
coder,18358,13681,15635,154.52
profiler,6368,8740,8979,110.58
profiler,2963,4076,4260,92.00
coder,19662,3877,4989,44.57
coder,17554,13123,14516,156.20
coder,20872,6357,8445,62.73
coder,16243,10910,14401,156.83
coder,15652,13970,16535,152.30
coder,13033,22285,24836,244.05
coder,18049,14018,15937,160.82
profiler,9165,3138,3329,42.32
coder,17496,12302,15727,134.85
profiler,7175,3631,3823,39.81
profiler,3714,4052,4196,51.57
profiler,3093,5748,6006,64.10
coder,17783,5772,9033,85.89
sketch,5228,5324,6428,53.65
sketch,5188,4984,6231,53.72
sketch,4607,3526,4226,37.53
sketch,4477,4543,5155,50.30
sketch,4766,5868,6522,53.67
coder,20975,14425,16276,156.76
feature_extractor,4385,2684,3026,29.62
sketch,5298,13554,14567,110.33
feature_extractor,4044,3167,3520,36.46
feature_extractor,4268,4845,5191,50.72
feature_extractor,5249,6395,6869,69.12
feature_extractor,5285,11733,12115,118.33
feature_extractor,5393,12972,13487,124.80
profiler,4695,1526,1722,19.16
designer,9388,2623,3396,25.02
feature_extractor,3333,3371,3697,34.94
sketch,4950,8520,9367,83.24
sketch,4687,15669,16494,167.66
sketch,4760,18819,19757,171.88
coder,18016,1880,3924,29.77
coder,19184,9797,12590,111.40
feature_extractor,4464,7134,7700,72.82
feature_extractor,4741,9186,9665,91.56
designer,14512,5327,6511,44.09
coder,18412,10286,13802,114.94
feature_extractor,4619,15908,16560,156.48
feature_extractor,3810,10254,10750,96.24
designer,11360,11886,12947,114.43
feature_extractor,3657,10307,10785,101.61
profiler,5254,3152,3341,35.56
sketch,5393,5172,6340,54.01
sketch,5505,8797,10102,81.51
coder,19920,8662,11699,101.00
sketch,5351,14271,15333,121.86
coder,18918,12127,14097,111.66
coder,15014,15177,16993,154.43
feature_extractor,5438,4765,5313,44.32
feature_extractor,5355,5069,5635,48.68
feature_extractor,5680,5573,6132,56.73
coder,15014,18178,19670,193.80
coder,10743,7895,8899,77.27
coder,15014,20043,21818,209.61
designer,9631,2221,3428,24.98
coder,11856,10169,11127,144.76
coder,11526,10299,11488,207.29
feature_extractor,3811,3979,4468,36.90
coder,17111,5562,7368,68.82
coder,13295,4493,6063,81.18
coder,11351,6035,7832,66.15
coder,11591,8676,10147,83.39
coder,12346,7978,9731,84.08
coder,11721,12357,13839,107.62
coder,13789,17156,18742,150.17
coder,17567,6167,9027,82.00
coder,15627,1874,3607,30.63
coder,17040,14022,15698,153.36
coder,15943,5822,7464,59.04
profiler,9358,4535,4739,59.44
profiler,5993,1674,1873,50.30
sketch,6635,9852,11665,84.21
sketch,7012,8548,10484,87.88
coder,16880,7594,11118,110.80
coder,17504,11223,12648,122.96
coder,19028,11873,14054,130.21
sketch,6702,21595,23456,170.41
coder,16069,6598,8306,71.91
coder,17701,3493,5135,39.52
profiler,4283,7110,7254,83.69
coder,21090,5980,8520,78.74
coder,14211,4612,5700,61.17
feature_extractor,7341,14859,15536,156.63
feature_extractor,7401,17829,18460,189.04
feature_extractor,7799,18646,19609,198.11
coder,17678,6028,7696,77.46
coder,15086,32177,34966,299.35
coder,13041,2380,3337,31.01
coder,18243,5643,7736,78.63
designer,23418,2723,4849,45.68
coder,20340,14467,17468,165.62
profiler,4802,3271,3422,46.06
feature_extractor,4686,16929,17684,184.06
coder,14453,14445,16272,132.87
coder,17435,10992,12145,138.25
profiler,4961,3589,3794,54.92
coder,20013,9401,12685,177.57
coder,16543,7032,8882,84.44
coder,17653,4306,5720,57.05
coder,14123,10530,12089,130.37
coder,17058,11646,14478,125.25
coder,15711,8210,9921,111.53
coder,22775,6229,9095,83.21
profiler,7141,1551,1702,67.94
profiler,3079,3155,3407,38.16
coder,17668,8048,9489,100.56
coder,14559,1932,3541,32.07
coder,19074,10413,12530,115.67
profiler,5025,1621,1790,50.12
coder,18872,11010,14243,121.89
coder,15488,7067,8829,70.30
coder,18872,14807,17741,200.13
coder,17325,11232,12363,137.03
coder,15207,6280,8143,81.14
coder,14579,18484,21831,227.64
profiler,4244,1679,1901,22.83
coder,17709,9431,10717,94.41
coder,19043,4908,6939,59.28
sketch,4593,6459,7098,67.10
sketch,4491,7207,7846,71.45
sketch,4452,7985,8530,76.34
feature_extractor,4188,1780,2138,21.38
profiler,9558,3299,3455,50.25
feature_extractor,3970,3244,3627,38.48
feature_extractor,4097,4583,4959,51.11
coder,17624,6534,7732,82.03
coder,17708,7732,10477,141.68
coder,22937,10421,13713,142.03
coder,14607,20235,21803,197.55
designer,9105,12088,12971,106.88
coder,14436,5674,7518,77.38
coder,20080,3768,6683,59.06
feature_extractor,3439,3173,3532,37.37
coder,16995,7506,10381,93.66
coder,18075,11149,13344,139.69
profiler,5211,4515,4753,63.21
coder,14560,6004,7591,74.44
coder,16971,3270,6038,55.80
coder,17299,14124,15276,170.45
sketch,5217,8072,9143,75.03
sketch,5153,9696,10844,81.44
coder,20323,14317,17666,157.67
sketch,5408,16429,17368,130.72
coder,17425,14050,15828,157.90
coder,12907,7787,9146,102.10
coder,15442,8434,10006,100.16
feature_extractor,5242,6800,7368,71.92
feature_extractor,5250,6674,7062,73.57
feature_extractor,5328,10420,10991,105.22
coder,13033,18590,20097,192.39
coder,20468,11097,14033,119.67
coder,17210,10555,11838,123.46
coder,14868,4417,5758,59.66
coder,16733,11521,14132,125.02
designer,14676,15644,16767,103.70
coder,17323,16321,17819,173.28
profiler,5495,3850,4009,124.28
profiler,5179,4465,4632,120.46
coder,15133,3102,4722,37.66
coder,17798,6056,7285,63.08
profiler,10314,3156,3332,186.81
sketch,6058,7064,8019,57.94
sketch,5373,6747,7927,61.13
feature_extractor,3750,11414,12038,167.89
sketch,5731,7711,9006,76.34
coder,18042,6119,9489,78.52
profiler,7038,1171,1377,14.96
coder,22725,5373,8407,129.17
feature_extractor,5473,6734,7261,69.50
coder,17812,11437,14652,127.95
feature_extractor,5943,12150,12752,114.63
feature_extractor,5938,13707,14287,127.12
coder,17157,14993,17824,144.69
profiler,5910,3060,3230,38.77
coder,17500,8863,10000,95.76
profiler,3320,2097,2305,21.39
coder,17376,3491,4754,44.44
profiler,4970,3401,3586,46.20
coder,21433,9240,12578,134.89
coder,17475,8738,11911,129.78
designer,16458,2960,4161,39.66
coder,16965,4688,6206,58.36
sketch,5056,7285,8279,92.23
sketch,5221,8267,9345,97.22
coder,15392,8657,10301,210.68
sketch,5430,16568,17601,149.70
coder,17964,6873,10181,93.56
coder,20387,7018,9924,122.96
profiler,5774,4800,4896,53.83
coder,21157,12114,15102,166.36
feature_extractor,3770,11678,12251,132.28
coder,13929,14400,16070,155.26
feature_extractor,5385,3953,4503,43.94
coder,17389,6493,7754,73.10
feature_extractor,5212,4512,5066,50.23
profiler,4849,2730,2893,31.49
coder,14282,16375,18072,189.31
coder,17420,5043,8047,63.93
feature_extractor,4957,6921,7478,70.72
coder,18539,3592,5128,39.67
sketch,4982,3793,4576,40.60
designer,9558,7726,8845,73.26
sketch,4837,14381,15585,117.79
sketch,5037,13715,14430,132.31
coder,21158,2581,5607,49.25
feature_extractor,3751,4853,5369,55.93
coder,18045,10384,14046,124.86
feature_extractor,4738,3089,3448,37.66
feature_extractor,4971,3446,3816,44.74
coder,17519,10642,11908,133.83
feature_extractor,4711,4253,4648,52.68
sketch,6848,13362,15263,119.68
coder,18126,9964,11625,101.40
coder,15749,6127,7816,73.19
coder,14253,8577,10382,109.32
coder,14253,9594,11108,110.90
coder,13789,10534,11941,111.79
feature_extractor,7561,12868,13958,134.42
profiler,4979,1216,1354,19.29
coder,16068,4184,5822,42.43
coder,16203,3138,4687,42.37
coder,17412,5089,6362,134.39
coder,18688,12232,15592,157.44
coder,16153,4655,6050,51.96
profiler,3586,4416,4662,148.61
coder,15723,7416,9292,132.46
coder,15827,11077,13521,102.79
designer,12026,5156,5904,53.53
coder,23471,3713,7485,63.93
coder,15843,4775,6360,66.28
feature_extractor,3308,3146,3493,39.98
coder,16324,8826,10450,93.35
coder,15452,7683,9354,90.60
sketch,4706,6469,7293,78.25
coder,15333,15584,17379,287.42
designer,23942,13509,15722,129.75
sketch,4844,12085,12914,126.96
coder,16174,6174,8130,71.62
coder,15980,12435,13896,124.43
profiler,5191,8968,9130,117.27
coder,20639,10879,13975,129.36
coder,20872,4281,8016,69.91
feature_extractor,4751,12523,13174,137.40
feature_extractor,4654,11619,12186,127.51
feature_extractor,4463,12497,12956,138.41
coder,18078,6743,8522,86.97
designer,11763,8030,8774,89.58
coder,20486,10835,14457,124.51
profiler,6216,5854,6071,74.02
profiler,5029,4572,4769,57.57
coder,15820,7740,9401,95.73
coder,13975,5230,6277,81.98
coder,11701,5831,6745,68.51
coder,14941,7411,8689,135.65
sketch,5178,9385,10474,81.90
coder,16148,5921,7363,77.39
sketch,5100,9500,10486,98.24
sketch,5226,10565,11827,101.05
feature_extractor,3355,18035,18675,202.22
profiler,5266,729,846,10.00
feature_extractor,5195,3077,3474,37.69
feature_extractor,5422,3584,3989,43.10
profiler,10348,3205,3368,40.25
feature_extractor,5043,13071,13713,152.06
coder,13198,13536,16702,169.50
coder,11668,16849,18151,203.67
coder,16408,16390,20104,232.41
designer,14074,4209,5366,46.52
profiler,4988,1594,1784,19.80
profiler,5097,3346,3509,40.40
coder,20888,17204,20788,201.24
coder,12649,25232,26791,291.52
coder,13198,24550,27690,306.66
sketch,5497,6571,7630,65.83
feature_extractor,3733,9737,10225,106.49
profiler,6557,5126,5275,56.63
sketch,5330,8528,9654,74.93
coder,15000,30430,31804,344.94
sketch,5422,9139,10446,89.91
coder,15666,2804,4093,44.96
coder,17199,5383,8710,86.49
profiler,6177,2728,2921,32.21
feature_extractor,5368,10427,10998,113.98
coder,18310,4504,8208,68.51
feature_extractor,5660,11496,12123,125.13
feature_extractor,5511,11865,12376,131.64
coder,17279,13925,15328,154.06
coder,18156,6834,10612,81.30
profiler,6420,740,952,11.58
coder,16388,5580,6822,71.03
sketch,5157,6115,7296,66.26
sketch,5055,7984,9039,73.32
coder,16799,10926,12382,123.91
coder,18275,2918,6342,72.66
sketch,5238,9794,10832,95.75
sketch,7275,3856,5694,48.91
feature_extractor,5023,4705,5256,51.84
feature_extractor,5199,5116,5672,54.96
feature_extractor,5242,6589,7118,75.52
sketch,6805,12243,14191,117.41
profiler,5843,4538,4688,57.27
coder,20107,3664,7446,61.48
sketch,4780,1232,1904,18.22
profiler,4720,2699,2872,33.50
designer,15807,4641,5696,39.88
designer,9465,7142,8377,65.39
sketch,4548,7753,8439,67.39
coder,19995,16245,19370,194.74
feature_extractor,7599,10664,11372,117.66
feature_extractor,7967,10921,11559,121.08
profiler,9641,4066,4286,44.65
sketch,4420,7987,8465,91.04
feature_extractor,3856,6377,6836,69.34
feature_extractor,3872,2238,2573,24.70
coder,16736,9734,11465,109.09
feature_extractor,4397,3594,3956,39.14
feature_extractor,4200,5905,6257,61.83
feature_extractor,3644,11519,12001,129.22
coder,12756,9915,11552,155.49
designer,23170,2044,4017,35.71
coder,13432,8042,9798,86.39
coder,12756,13067,14654,157.11
coder,13432,9029,10818,108.27
coder,17260,6158,9310,89.18
coder,12238,16238,18028,160.83
coder,13432,12445,14054,134.24
coder,20314,12066,15397,156.40
coder,16222,22049,23187,239.39
coder,16989,7921,9149,93.56
coder,16093,3806,5535,50.80
coder,16113,3618,5415,53.76
profiler,3674,3977,4175,107.36
designer,11026,938,1634,12.46
feature_extractor,4547,16759,17620,177.07
coder,14715,5053,6436,67.25
coder,16299,7065,8812,98.37
feature_extractor,3251,3389,3735,38.80
coder,16447,1731,3651,33.48
coder,18530,8565,11744,122.62
coder,15817,9752,11437,120.94
coder,16073,5076,6897,73.96
coder,16076,3214,4908,45.30
coder,18394,5360,8727,80.01
coder,15557,5994,7716,74.55
profiler,5921,5541,5678,69.63
coder,14769,5495,6717,71.05
coder,16602,6891,8450,75.84
coder,16295,3138,4923,45.54
coder,15454,4304,6000,53.09
coder,16230,5865,7859,76.39
profiler,9848,4908,5092,92.48
coder,17827,13433,15271,138.86
coder,15252,13202,15380,300.34
coder,15980,7018,8498,75.14
coder,14695,16753,18425,245.70
profiler,5069,3876,4034,109.47
coder,16063,4248,6135,57.13
profiler,4562,4907,5109,55.66
coder,18062,10625,14055,135.62
coder,15560,4222,6127,54.73
sketch,4803,6326,6970,68.50
sketch,4962,10348,11374,97.24
sketch,4806,11418,12148,103.19
profiler,6468,3919,4077,42.79
feature_extractor,4421,5837,6201,65.35
profiler,6631,3460,3650,37.33
coder,16312,7083,8179,140.23
feature_extractor,4932,8037,8455,89.59
coder,13405,7629,8739,109.53
coder,15283,7364,8437,80.02
feature_extractor,4506,9848,10348,109.88
coder,21129,6696,8465,72.99
coder,16181,3896,5725,41.08
designer,12197,3007,4032,31.42
coder,16459,17172,20470,215.44
coder,15556,8490,10681,83.85
coder,17953,11655,15021,146.62
coder,15211,21035,24627,230.74
profiler,7593,877,1027,10.62
feature_extractor,3644,12953,13366,139.36
coder,16288,3806,5686,50.51
coder,15556,28061,31592,283.53
coder,17893,11571,12937,116.67
profiler,4393,4506,4633,52.18
coder,18510,14694,16096,147.92
coder,12670,15551,17089,149.21
coder,16375,6041,7746,64.25
coder,20379,16984,20207,173.22
coder,17500,10908,14615,133.33
profiler,5076,1768,1980,29.12
profiler,3852,1421,1555,18.86
coder,17116,2747,4110,39.83
coder,16089,3088,4866,42.85
coder,16361,6528,8690,69.87
sketch,5188,7435,8623,72.91
sketch,5368,10617,11726,94.63
sketch,5266,15229,16313,126.29
profiler,3057,4551,4712,55.22
profiler,10472,6711,6875,75.45
sketch,6900,2778,4950,36.87
coder,16196,5470,7159,70.72
feature_extractor,5412,10248,10725,101.53
feature_extractor,5327,9670,10048,104.68
feature_extractor,5279,10043,10474,105.15
profiler,5777,3465,3665,41.04
sketch,4573,3916,4675,35.81
profiler,10762,2217,2409,65.79
sketch,6743,19244,21518,165.09
coder,20929,25406,28770,290.79
profiler,6825,4898,5166,50.07
sketch,4605,16301,17025,112.41
sketch,4615,15967,16694,119.97
profiler,6302,5075,5247,57.71
coder,15458,5219,6928,53.01
feature_extractor,4303,2202,2565,23.67
sketch,5309,1685,2913,23.55
feature_extractor,4277,3375,3738,32.59
sketch,6983,36959,38891,257.33
feature_extractor,4286,4293,4657,39.87
designer,14399,4899,6113,49.25
profiler,4685,5110,5253,54.53
coder,18251,3044,6461,49.74
sketch,5692,8850,9970,73.62
profiler,6899,2068,2268,23.28
feature_extractor,3805,8051,8483,81.38
coder,18610,18242,21945,201.01
designer,10967,3991,4811,36.72
sketch,5379,16340,17401,134.80
sketch,5034,5712,6605,59.31
feature_extractor,7954,10965,11621,108.19
feature_extractor,7777,11143,11699,111.31
feature_extractor,7863,13256,13848,126.88
sketch,4927,9685,10720,87.91
sketch,4964,12935,13710,101.93
feature_extractor,3373,4903,5260,44.82
profiler,7792,7739,7963,79.51
feature_extractor,5384,5269,5700,52.01
profiler,11117,2598,2781,30.75
feature_extractor,5741,8807,9415,80.23
feature_extractor,5468,12439,13131,113.65
coder,20625,12613,15996,139.71
sketch,5279,6685,7767,70.67
sketch,5574,12102,13410,98.18
feature_extractor,4898,10348,10859,114.97
sketch,5069,12297,13438,120.61
feature_extractor,4681,12889,13471,141.01
feature_extractor,4873,14496,15053,156.55
feature_extractor,5780,4851,5446,50.85
feature_extractor,5269,5439,6014,54.21
feature_extractor,5108,7756,8265,77.99
designer,12043,12493,13837,131.90
designer,15780,4578,5833,48.77
coder,18378,16036,19564,185.48
designer,9498,18343,19636,208.17
feature_extractor,3912,12124,12601,135.31
feature_extractor,3892,4485,5017,43.42
feature_extractor,3850,13318,13873,134.48
coder,19723,8255,11941,93.69
coder,17976,12418,13957,133.64
coder,14576,16132,18065,174.46
coder,17976,13724,15197,147.60
coder,14576,20763,22429,198.67
coder,14576,22705,24843,233.69
coder,17976,22133,24047,216.72
profiler,7396,1316,1477,16.52
coder,20396,13334,14919,130.01
coder,17566,5341,9011,73.22
coder,20445,11703,13092,116.84
coder,17220,8191,9898,90.26
coder,20686,14181,16304,148.65
coder,15759,8226,10080,189.38
coder,14536,9036,10794,93.87
coder,15336,3873,4882,88.98
coder,12732,5910,7021,61.52
coder,13483,14950,16565,177.18
coder,15336,8276,9460,99.12
coder,17476,5210,8837,67.60
coder,12160,11199,13051,143.33
coder,12160,10949,12858,127.46
coder,12237,12834,14780,129.51
profiler,5473,4298,4459,47.23
profiler,4926,3570,3735,41.56
coder,16341,8883,10589,90.70
coder,17228,7230,8948,78.32
coder,15938,5161,7065,55.17
coder,18549,10321,12085,86.64
profiler,4395,2929,3075,43.75
profiler,6062,3157,3346,32.88
coder,15372,3114,4351,40.36
coder,14729,4278,6198,55.11
profiler,10114,5237,5391,55.81
coder,17113,3773,4938,43.29
coder,15786,5764,7668,58.41
sketch,7113,13782,15701,115.62
sketch,7170,18598,20656,133.00
sketch,6726,17555,19524,144.81
profiler,4978,2093,2268,23.55
profiler,5056,4649,4856,55.67
profiler,6744,3510,3692,41.17
coder,15254,4490,6438,56.71
feature_extractor,7578,13844,14584,145.32
feature_extractor,7872,15038,15840,150.00
feature_extractor,8071,14218,14947,152.26
sketch,5478,8049,9308,77.99
coder,15169,2735,4767,43.17
sketch,4981,9037,10073,91.14
sketch,5674,10154,11414,93.89
sketch,5165,8984,10067,94.59
sketch,5265,13092,14201,117.23
sketch,5678,14152,15322,121.94
feature_extractor,5852,2641,3197,31.02
feature_extractor,4946,6661,7172,70.80
feature_extractor,5142,8297,8789,87.81
profiler,5912,6888,7075,85.60
feature_extractor,5642,8709,9354,95.34
feature_extractor,5330,9309,9812,106.76
designer,9954,4287,5519,44.81
feature_extractor,5804,11490,11955,125.94
designer,13164,2393,3276,27.62
profiler,4504,5923,6070,77.45
feature_extractor,3856,4368,4850,48.92
profiler,4455,1564,1724,19.96
profiler,5055,3627,3808,40.87
coder,14930,6529,8380,65.51
sketch,5170,5228,6095,51.83
profiler,5253,4226,4387,52.04
sketch,4717,5599,6237,57.93
profiler,8146,1447,1670,17.52
sketch,4663,8172,8873,74.58
coder,12915,9180,11059,93.95
sketch,5303,10677,11798,87.12
feature_extractor,3477,10788,11285,107.52
sketch,5252,12298,13298,103.47
sketch,4528,14078,14727,122.62
coder,13377,15972,18105,139.09
coder,15786,2309,4189,35.81
profiler,7279,5144,5334,57.56
coder,13377,15613,17608,158.89
feature_extractor,4301,2821,3190,32.54
feature_extractor,4332,3942,4312,41.53
feature_extractor,4151,4154,4524,43.82
feature_extractor,5365,7441,7889,76.11
feature_extractor,5204,7513,7919,80.89
feature_extractor,5006,8154,8794,83.06
sketch,5395,5779,6969,53.69
sketch,5569,7020,8114,61.29
coder,11790,11554,12723,124.38
coder,16715,10507,12749,103.45
coder,15781,12658,14542,97.31
sketch,5486,13190,14470,105.52
coder,15798,16852,18155,164.62
coder,11790,16424,17818,164.71
coder,13947,6685,7850,67.27
designer,11161,3505,4320,30.98
coder,17601,15246,17215,160.52
coder,15804,5484,7529,66.12
feature_extractor,5516,9649,10369,88.66
feature_extractor,5582,10518,11109,103.72
feature_extractor,5699,11502,12053,113.19
feature_extractor,3356,4820,5189,47.04
profiler,7469,5325,5469,57.13
coder,16362,11824,13996,122.31
designer,14681,8670,9802,82.01
coder,15794,5067,7085,58.94
profiler,4712,6318,6496,68.41
feature_extractor,3727,7989,8400,78.89
coder,16392,3486,5507,42.48
profiler,5823,6263,6426,65.94
coder,16510,15422,17478,167.14
sketch,4952,2580,3451,25.98
coder,16355,12048,14298,129.75
designer,15796,3064,4219,31.58
coder,15932,7264,9117,73.41
sketch,4755,10518,11326,92.47
sketch,4874,12102,12908,102.42
profiler,8311,1826,2005,18.01
coder,17292,9101,11196,102.03
coder,15613,3979,5920,46.01
feature_extractor,3743,12778,13374,119.71
feature_extractor,4770,10951,11466,105.93
feature_extractor,4545,13658,14232,128.36
feature_extractor,4667,14455,15039,135.76
coder,17307,8749,11352,107.94
profiler,6548,6797,6964,76.12
designer,13499,6712,7682,66.84
profiler,8460,4449,4608,45.34
feature_extractor,3610,11133,11658,107.24
sketch,5506,8281,9511,77.56
sketch,6155,9328,10613,82.04
sketch,5822,11259,12357,92.73
coder,15931,5890,7210,61.25
coder,16912,7039,9013,77.69
feature_extractor,5831,3656,4215,34.70
coder,12636,9075,10626,92.79
feature_extractor,6364,5285,5851,50.43
feature_extractor,5619,5375,5880,52.07
designer,10016,2092,3303,23.59
feature_extractor,3835,4794,5298,44.82
coder,14337,11176,13201,105.72
coder,13624,11729,13724,116.12
coder,13624,11761,13943,123.34
profiler,4642,3820,3954,33.16
coder,18210,4815,6012,116.18
coder,13496,15510,17472,131.39
coder,12382,6614,8338,59.93
coder,14209,16603,18538,190.60
coder,12531,6664,8453,94.01
coder,14209,19966,22103,248.13
coder,15301,8293,9515,88.99
coder,16898,9409,10618,124.15
coder,19020,7167,9178,79.38
coder,18390,8758,10388,83.31
coder,15707,2574,3706,32.34
coder,12608,14280,15758,181.51
coder,16457,5485,7435,63.39
coder,16528,3000,5015,38.51
profiler,5276,584,724,7.93
coder,17157,6201,8242,62.86
coder,16335,3208,5237,43.01
coder,17093,7680,9268,79.78
profiler,3725,2149,2301,31.02
profiler,5337,3536,3694,34.21
profiler,4936,4193,4368,41.17
sketch,5174,3957,4853,40.36
profiler,5392,3907,4121,39.46
sketch,4884,6629,7554,57.55
profiler,7888,2457,2729,27.32
sketch,5519,12131,13307,104.79
coder,14971,21445,22956,180.59
profiler,6650,2137,2330,29.67
profiler,3819,1400,1581,16.22
coder,15692,1897,3045,24.70
coder,19465,11938,13943,125.32
feature_extractor,4737,8739,9272,81.88
profiler,6660,5229,5380,61.01
feature_extractor,5018,11414,11818,110.70
feature_extractor,5642,14219,14583,136.79
coder,14841,4986,6602,51.72
profiler,8725,4070,4250,40.50
coder,15463,5605,7620,54.68
coder,16188,9167,10662,96.16
profiler,6656,5995,6196,55.32
coder,14418,3224,4819,33.00
designer,12026,13672,14972,111.15
profiler,3619,589,784,7.46
sketch,4645,6612,7212,56.28
sketch,4708,8371,9056,61.29
sketch,4643,8701,9339,66.71
feature_extractor,4219,2446,2805,22.16
feature_extractor,4247,3477,3818,32.99
feature_extractor,4361,4136,4487,38.02
coder,20891,11865,13886,125.33
sketch,5238,9622,10632,75.79
sketch,5133,14483,15575,103.96
sketch,5329,15551,16654,113.34
coder,15618,15352,16893,136.11
feature_extractor,3852,16493,16958,156.06
coder,15626,7896,9763,75.26
feature_extractor,5372,6181,6588,55.37
feature_extractor,5144,6984,7423,64.32
designer,10559,3838,4655,28.52
feature_extractor,5200,8058,8510,74.33
coder,15022,5996,7926,57.64
feature_extractor,3380,3732,4077,36.69
coder,16550,4975,6944,49.72
coder,16871,10886,12688,103.34
coder,14213,13234,15015,127.22
coder,12242,23602,25270,210.51
coder,14213,21260,23235,211.29
coder,15122,12882,14950,96.45
designer,14601,7967,9193,66.64
coder,16392,10648,12360,91.11
profiler,6419,5837,6001,62.55
feature_extractor,3782,9007,9575,82.37
coder,21398,8453,10402,79.91
sketch,5591,11133,12511,94.08
coder,17152,6015,8006,60.56
sketch,5528,14357,15606,113.58
feature_extractor,5653,3391,3904,28.41
feature_extractor,5874,3981,4546,38.17
coder,16346,6593,8312,65.39
designer,9724,3772,5396,43.93
feature_extractor,4232,4070,4549,38.46
coder,19435,7442,9375,80.30
coder,16936,5150,6800,49.07
coder,15910,8777,10548,84.11
coder,15459,17051,18982,149.87
coder,15910,16678,18723,134.73
coder,15910,14602,16643,141.63
coder,15851,4049,5610,46.76
coder,18593,1528,3410,24.45
coder,15829,7481,9134,63.72
coder,13086,7085,8149,115.69
coder,13086,7526,8514,150.24
coder,18825,2244,4548,35.22
coder,17109,6652,8243,73.86
coder,13086,8972,10473,89.06
coder,14415,1450,2518,18.78
profiler,4878,6035,6273,67.19
coder,18880,14064,16264,117.90
designer,3608,8399,9104,84.31
profiler,4363,1736,1852,19.49
coder,19423,10111,11741,95.99
coder,19121,13048,15087,115.51
coder,18645,15743,17713,151.61
coder,13073,3125,5013,37.35
feature_extractor,3318,3397,3743,32.43
designer,3684,6473,8085,71.46
coder,15820,8203,9849,78.32
designer,3577,15307,15899,126.32
coder,14711,7068,8950,117.18
profiler,4791,3105,3283,35.76
coder,12853,4720,5893,44.11
coder,13150,10322,11863,111.01
coder,12347,8110,9172,76.07
coder,14463,5761,6951,56.21
coder,18966,14730,16966,126.28
coder,15238,2494,4317,34.89
coder,17654,7644,9148,70.48
feature_extractor,3200,11477,11967,103.83
coder,11872,15055,16516,123.11
profiler,4940,7228,7386,69.51
coder,18802,10752,12807,108.30
feature_extractor,4228,14804,15695,137.13
profiler,6305,2657,2871,25.98
profiler,8029,1413,1545,13.51
sketch,5214,2713,3835,28.79
coder,17174,9607,11126,83.77
sketch,5321,8086,9006,73.23
sketch,5178,9708,10575,87.92
profiler,6763,2342,2481,23.92
sketch,5119,13624,14649,114.50
coder,14767,11195,12928,119.86
sketch,5630,15758,16966,124.48
profiler,4485,2448,2649,25.63
coder,12738,15460,17202,156.49
coder,12815,17739,19001,162.07
sketch,5577,22668,23908,158.98
sketch,4491,2441,3110,25.92
sketch,4695,2876,3528,26.87
profiler,7654,1441,1604,18.40
sketch,5001,5705,6426,53.48
coder,12627,16519,19730,162.74
profiler,5156,3755,3922,45.90
feature_extractor,4672,2195,2571,22.87
feature_extractor,5006,12091,12701,116.71
feature_extractor,4125,3471,3820,33.08
coder,18833,5347,7434,66.14
feature_extractor,5061,12443,13038,122.97
feature_extractor,5169,12990,13585,125.23
feature_extractor,4311,4506,4853,43.48
feature_extractor,5769,8496,9079,81.57
coder,12627,18379,22419,213.77
profiler,4414,2556,2740,27.60
feature_extractor,5745,10883,11438,103.61
coder,14729,4156,5636,41.83
feature_extractor,5267,11315,11883,108.32
coder,15287,4347,5794,43.78
coder,12627,24339,28528,286.12
profiler,3540,2934,3075,31.75
coder,16927,9707,13236,112.57
designer,16092,6609,8076,64.18
profiler,6640,2187,2331,24.04
coder,18645,8021,11758,84.50
coder,18785,3138,7360,55.41
profiler,8142,398,594,5.80
feature_extractor,4018,10334,10865,96.46
profiler,4801,2553,2783,26.62
sketch,5654,7028,8084,67.96
profiler,4887,6722,6921,68.92
sketch,4752,4492,5178,41.44
sketch,5795,12508,13772,93.66
sketch,5537,10807,12013,95.20
sketch,4612,6884,7575,64.21
sketch,5056,4463,5549,46.64
sketch,5006,11295,11968,78.36
feature_extractor,5636,3993,4492,38.00
feature_extractor,5654,4135,4702,38.53
profiler,5665,4650,4826,53.71
feature_extractor,4647,2540,2903,26.03
feature_extractor,4391,2668,3044,28.34
coder,13838,3950,5242,46.90
coder,19935,8686,11975,98.45
feature_extractor,5960,7801,8371,71.47
feature_extractor,4260,5186,5569,46.70
sketch,5353,12762,13778,102.25
sketch,5084,13526,14614,115.61
designer,7958,1630,2543,16.41
designer,10152,3544,4604,41.04
feature_extractor,3549,4398,4796,44.64
coder,14384,6411,7677,70.48
feature_extractor,3691,5535,6078,54.08
feature_extractor,5098,7489,7880,76.46
feature_extractor,5084,7552,8033,79.67
feature_extractor,5286,7773,8162,83.75
coder,17024,14997,18784,166.87
coder,18633,6700,10780,86.84
coder,14910,4882,6860,61.02
coder,12151,5996,7608,66.69
coder,12977,10093,11175,100.74
profiler,5461,4536,4691,49.09
coder,12151,8777,10290,86.48
coder,12464,11956,13399,119.54
coder,14770,10108,11699,95.09
coder,16303,4168,5299,51.34
coder,18513,11450,14801,139.14
sketch,5000,5883,6565,58.66
coder,16568,3620,5390,48.95
sketch,4796,9002,9672,83.53
designer,13948,3303,4519,34.77
sketch,5240,10896,11830,94.48
coder,15580,2930,4550,41.15
coder,16341,8969,10478,108.81
profiler,6655,3968,4097,42.92
coder,13848,6675,8879,137.28
coder,17566,4984,9032,105.63
coder,15049,1944,3534,28.46
profiler,7008,1297,1437,15.80
coder,17245,6506,10394,90.53
coder,16277,4481,6024,53.86
feature_extractor,4632,6659,7036,68.07
feature_extractor,3779,7537,8011,73.86
feature_extractor,4416,7550,8047,74.16
coder,12795,11107,13011,134.81
coder,17205,13042,15225,231.74
feature_extractor,5130,9823,10240,103.97
coder,18207,6998,10304,85.48
coder,14176,4039,5184,45.16
designer,12206,2317,3379,26.24
coder,15195,1486,3156,26.71
coder,16860,9694,11144,101.12
coder,14975,4398,6070,54.71
feature_extractor,3612,10760,11134,106.33
coder,19168,9085,11069,144.51
coder,17011,6118,7880,77.64
coder,17886,3884,5527,47.93
coder,17609,5408,9326,74.65
coder,17512,10786,14840,122.95
coder,21347,3112,5231,42.57
profiler,4487,2581,2741,28.59
coder,12389,6843,8344,75.94
coder,12735,6960,8803,79.15
sketch,5005,4253,4933,45.06
profiler,4780,3945,4104,39.58
coder,18564,8658,12071,107.70
sketch,4719,8486,9135,76.78
sketch,4649,9943,10563,82.17
profiler,5253,3032,3217,50.50
coder,18377,7456,9042,79.20
feature_extractor,4325,3038,3401,32.56
feature_extractor,4636,4409,4785,42.63
coder,11507,21471,23240,174.37
coder,19107,2927,4935,41.06
feature_extractor,4221,5248,5644,53.68
coder,16728,4004,5657,42.01
designer,7822,1481,2252,16.69
coder,14265,5033,6710,61.69
feature_extractor,3392,3941,4329,40.88
coder,18747,18724,22516,185.55
coder,15831,7052,8204,79.08
coder,13202,7536,8372,83.61
coder,14928,7285,8663,84.81
coder,18799,10857,15206,155.85
coder,13662,3808,5493,96.30
coder,13147,5284,6815,86.72
coder,14760,9322,11036,92.04
coder,17211,6451,8459,76.65
coder,16804,6464,9860,83.13
coder,15996,2274,3963,30.04
coder,17444,3515,5497,43.80
profiler,3822,3142,3330,31.76
coder,17185,2891,4935,38.81
coder,13861,3251,4957,33.64
coder,16087,5506,7169,56.44
coder,16810,3224,4553,31.95
coder,17305,13543,15239,111.23
profiler,4518,4938,5139,51.10
coder,17540,10501,14333,122.25
profiler,3714,5826,6004,58.40
coder,14288,5694,7374,56.35
coder,19801,9931,13666,98.02
coder,19096,12388,17125,145.51
coder,19037,8743,10690,78.92
profiler,5882,9578,9730,80.55
profiler,6316,415,605,98.29
profiler,5002,1633,1821,210.56
profiler,4237,2456,2590,325.12
profiler,4735,2402,2556,174.49
profiler,5043,2548,2692,156.32
profiler,3556,3478,3656,213.61
profiler,6692,3702,3911,258.90
profiler,5245,3840,4003,149.30
profiler,6407,5032,5202,302.70
sketch,5268,4800,5978,47.09
sketch,5225,5553,6465,50.51
sketch,5336,5165,6056,44.36
sketch,4876,8288,8906,75.76
sketch,5270,10358,11311,88.16
sketch,5036,11893,12913,88.54
sketch,5067,8814,9792,71.52
sketch,5257,9472,10705,89.29
sketch,5570,7517,8642,69.66
sketch,5203,8013,9029,66.18
sketch,4435,12483,13241,96.40
coder,19065,7181,11034,86.20
feature_extractor,4986,3427,3939,35.57
coder,18625,8497,12232,123.62
feature_extractor,5174,4104,4641,39.80
coder,19375,8340,12862,118.20
feature_extractor,5010,4564,4965,47.96
feature_extractor,5411,6086,6659,60.43
sketch,5482,14759,15949,125.89
sketch,5217,15596,16596,120.40
sketch,5486,16151,17335,129.30
sketch,4723,22633,23306,150.55
feature_extractor,5088,9932,10433,100.44
feature_extractor,4454,3045,3431,32.43
feature_extractor,4355,4051,4431,40.92
feature_extractor,5353,11831,12267,116.61
feature_extractor,4149,4070,4448,44.24
coder,18607,2557,6421,60.07
feature_extractor,5194,9209,9750,91.56
feature_extractor,5563,9318,9768,91.53
feature_extractor,5602,9314,9972,94.96
designer,7463,6220,6891,42.90
feature_extractor,5174,13490,14110,124.32
feature_extractor,3299,4987,5340,46.17
coder,18857,12217,16286,141.90
coder,19494,10762,15305,116.70
feature_extractor,5572,17886,18450,164.09
feature_extractor,5135,18600,19190,175.18
designer,12313,2423,3320,20.09
coder,10396,5837,7119,58.31
coder,10396,6630,7809,64.29
coder,14171,2335,3475,28.88
coder,14645,3327,4473,38.87
coder,12396,15656,16980,119.34
designer,15919,2352,3645,24.48
feature_extractor,3505,7906,8314,75.60
coder,17928,5131,9623,70.99
coder,12531,7488,9197,67.90
profiler,6713,1696,1871,16.46
feature_extractor,3862,9698,10172,91.99
coder,12163,9491,11418,93.00
coder,13017,3650,4833,36.98
coder,11818,12044,14006,113.00
coder,19304,19604,23671,229.48
coder,15549,2654,4366,30.78
profiler,3957,2560,2742,24.74
coder,14655,3842,5009,35.79
coder,14606,5698,6823,62.09
coder,15088,7763,9851,79.20
coder,14212,5846,6904,54.66
profiler,3733,6059,6247,57.35
profiler,4493,2974,3127,31.54
coder,15627,3100,5116,40.63
profiler,4425,2796,2960,27.12
sketch,4708,1590,2223,17.74
coder,17525,5393,7482,55.55
sketch,4693,7076,7793,66.89
sketch,4628,11042,11667,87.15
feature_extractor,4302,2358,2758,24.58
coder,15639,6382,8337,69.14
feature_extractor,4216,4145,4499,39.23
feature_extractor,4363,3972,4325,40.98
designer,7435,1911,2584,18.88
coder,13244,8755,10557,99.53
profiler,5270,894,1068,11.38
feature_extractor,3300,4958,5302,48.48
coder,13244,14489,16552,129.31
coder,15264,2850,4663,37.72
sketch,5469,7168,8126,61.12
sketch,5467,9589,10470,74.10
coder,13244,19432,21512,198.55
profiler,5373,2349,2520,27.40
coder,10956,7660,8735,71.67
coder,11922,7792,8808,73.68
sketch,5245,15837,16792,116.13
coder,13691,9251,10495,95.29
coder,15213,3678,5499,44.00
feature_extractor,5150,3633,4023,34.38
coder,16148,4988,7046,50.42
coder,14488,4686,5792,48.97
feature_extractor,5313,8646,9197,84.98
profiler,4614,2549,2747,29.17
profiler,4374,7573,7742,73.41
profiler,5124,5009,5155,51.25
feature_extractor,5389,15891,16490,144.77
profiler,5363,2655,2814,29.24
sketch,5351,6191,7281,52.97
designer,13135,7574,8507,62.65
coder,14131,6080,7147,61.24
sketch,5596,10723,11872,86.23
sketch,5606,11041,12133,92.83
profiler,4486,856,1063,10.61
sketch,4812,4421,5066,35.79
sketch,4572,5800,6513,42.04
sketch,4629,6747,7496,59.17
feature_extractor,3517,11535,11956,109.04
feature_extractor,4320,3326,3690,31.26
feature_extractor,4408,3779,4136,35.28
feature_extractor,5640,11337,11950,111.39
feature_extractor,5648,11149,11688,111.78
feature_extractor,4240,4985,5345,46.33
designer,7750,2502,3208,21.76
feature_extractor,5355,14832,15331,139.38
coder,12543,6914,8620,66.78
coder,14526,7207,9054,78.60
coder,15110,2710,4422,35.16
profiler,6494,322,472,4.80
feature_extractor,3322,5978,6350,58.41
coder,15162,17633,19573,170.10
coder,12366,4555,5705,48.83
designer,16151,7151,8321,54.71
coder,11077,7542,8580,69.53
coder,14632,3499,4589,36.34
coder,13738,2754,3792,27.79
coder,11730,11849,12979,119.25
profiler,6387,3107,3269,32.09
coder,13912,4348,5406,46.24
coder,17543,7249,9016,75.48
coder,12876,2597,3709,30.05
profiler,4409,3592,3775,39.77
feature_extractor,3781,14595,15098,139.27
coder,18749,2858,4638,37.17
profiler,3136,4753,4905,48.47
profiler,5775,4915,5119,51.26
profiler,3788,1792,1961,18.36
sketch,4689,4929,5592,46.77
sketch,4650,6958,7691,58.54
sketch,4609,6803,7555,58.94
sketch,5238,2904,3853,29.11
sketch,5302,4820,5621,42.22
feature_extractor,4340,3092,3476,28.21
feature_extractor,4306,3212,3558,30.91
feature_extractor,4305,5230,5635,49.66
sketch,5371,13283,14182,96.71
designer,7441,3701,4542,36.67
feature_extractor,3457,4287,4651,42.47
feature_extractor,5141,8955,9527,81.69
feature_extractor,5229,10419,10905,96.83
feature_extractor,5070,10714,11116,101.43
coder,13293,7960,9069,64.20
coder,13293,8005,9037,79.31
coder,13293,12630,13585,103.40
profiler,4469,1964,2135,19.82
coder,12168,8480,10634,112.55
designer,13208,11749,12776,96.10
profiler,6625,824,994,10.02
coder,13534,12980,14929,153.56
coder,13534,14227,16152,138.74
feature_extractor,3616,6314,6720,59.21
profiler,4336,3555,3727,36.04
coder,15959,4003,6274,51.27
coder,15683,2318,4205,32.07
sketch,4674,6356,7039,52.72
profiler,7881,3364,3602,36.87
sketch,4622,8230,8850,66.33
coder,13798,8626,10443,74.93
sketch,4541,9090,9840,76.20
coder,12918,8198,9861,81.73
profiler,6911,1971,2131,26.76
feature_extractor,4209,3082,3457,30.67
feature_extractor,4241,3858,4220,35.65
designer,3604,9011,10177,88.30
coder,16459,2671,4538,36.63
coder,13224,14623,16385,133.32
feature_extractor,4321,6120,6536,54.55
designer,7487,2104,2794,17.47
profiler,5042,1963,2133,22.45
profiler,5150,5068,5264,52.60
feature_extractor,3323,3270,3623,32.71
feature_extractor,3715,10417,11078,97.34
profiler,3762,4423,4686,44.42
profiler,6511,5063,5302,56.45
designer,3738,27772,29218,230.03
coder,13714,10040,11342,84.60
coder,12367,10971,11937,101.37
sketch,5200,5433,6352,53.61
coder,12748,13102,14210,109.64
sketch,5422,7178,8241,60.47
sketch,5316,7414,8396,69.72
coder,13255,10035,12333,100.36
sketch,5798,10190,11387,87.33
coder,14893,10935,13032,113.61
sketch,5274,16715,17885,116.76
sketch,5445,15084,16266,122.27
profiler,6878,5083,5288,55.78
profiler,3048,4782,4928,45.17
coder,17097,4413,6740,54.35
feature_extractor,4157,13752,14305,136.12
coder,14893,19082,20943,186.17
profiler,5338,3565,3730,36.19
feature_extractor,5343,7150,7535,68.87
coder,16215,9000,11091,77.86
feature_extractor,5403,7526,8054,73.77
sketch,4700,2720,3390,25.13
feature_extractor,5880,7934,8384,79.59
coder,16415,3689,6000,40.32
coder,18385,3807,5714,43.86
feature_extractor,5562,10685,11304,100.35
feature_extractor,5076,11735,12262,111.49
sketch,4864,9704,10443,81.66
feature_extractor,5226,15033,15434,145.01
sketch,4561,11165,11781,98.94
coder,18797,5001,7964,64.30
coder,15994,4109,6002,46.79
coder,15116,13507,16270,128.80
designer,13196,2588,3759,28.52
designer,15943,1868,3150,24.38
coder,16320,7461,9693,83.41
feature_extractor,4143,2954,3330,31.60
feature_extractor,4550,3623,3995,34.35
feature_extractor,4334,4342,4751,44.09
coder,15751,16355,19211,165.25
designer,7451,4662,5820,44.91
coder,18217,6375,8381,72.70
coder,16843,4655,7238,60.30
feature_extractor,3712,10016,10425,97.96
coder,16301,8905,11881,92.84
coder,18474,10904,13348,109.73
coder,15751,29138,32239,252.78
feature_extractor,3765,6100,6490,59.58
feature_extractor,3856,13874,14320,132.11
coder,19227,13054,15952,124.85
coder,18002,8101,10170,93.16
coder,13256,5370,7224,55.23
coder,13648,10267,12224,96.75
coder,12156,6625,8618,70.36
coder,19214,10060,12590,117.19
coder,13380,12906,14972,116.79
coder,15279,11791,13787,122.25
coder,12794,8803,10368,90.42
coder,17594,2320,4465,35.57
coder,15564,4097,5984,52.57
coder,17155,3445,5148,42.13
coder,18811,9679,12192,92.92
coder,19152,6601,9747,84.02
coder,16324,5729,7753,58.02
coder,17130,8108,10058,90.48
coder,15798,2850,4846,36.57
coder,15611,5231,6821,56.55
coder,19909,14285,16990,142.81
profiler,6293,4141,4353,39.73
profiler,5143,356,541,5.85
coder,17089,15260,17629,149.27
coder,18466,6640,9245,74.81
coder,16826,6862,9905,71.87
profiler,7552,3479,3653,32.92
coder,18272,6123,8241,65.19
coder,14833,3608,5563,42.44
profiler,7676,6170,6379,57.37
coder,13619,7390,9604,90.69
coder,19948,17559,20330,167.86
coder,13238,8150,10204,84.57
coder,16089,5398,7365,60.04
profiler,6175,3454,3612,33.31
profiler,3998,6700,6935,69.12
coder,16492,11353,13710,108.38
coder,19036,16254,18622,162.37
sketch,5127,2840,3842,29.50
sketch,5391,4104,4871,36.85
profiler,7406,5193,5387,45.32
coder,12749,12030,13937,172.10
coder,16735,22831,26078,191.22
sketch,5252,9574,10122,69.71
feature_extractor,5067,2349,2753,35.07
profiler,6156,1917,2123,20.76
coder,15890,2605,4833,72.76
feature_extractor,5107,4687,5047,54.25
sketch,5459,4356,5337,80.43
feature_extractor,4768,5782,6192,67.29
coder,17284,1836,3648,43.11
designer,8218,1646,2400,18.72
coder,16615,5909,8370,67.45
sketch,5507,12042,13023,127.90
coder,16954,4978,8191,66.66
sketch,5606,11727,12788,132.65
coder,17048,8370,10388,96.23
feature_extractor,3379,2921,3283,29.37
coder,17746,12092,14047,103.76
coder,16009,2718,4500,35.82
coder,13770,3757,4843,39.62
profiler,8260,7118,7281,69.60
coder,19535,3162,6138,46.57
feature_extractor,5399,6095,6484,58.90
coder,15027,5492,6577,59.37
feature_extractor,5616,8517,8999,78.65
coder,15329,7135,8171,68.31
coder,18572,8058,10018,74.37
coder,16922,16828,19149,174.74
feature_extractor,5429,12290,12879,115.64
profiler,5248,3477,3630,36.32
coder,17464,10513,12944,121.29
profiler,4465,2619,2820,27.63
profiler,3102,1010,1187,11.97
coder,15985,5495,7235,54.69
coder,16689,9524,12450,103.03
designer,13482,8075,9263,65.63
coder,14498,7639,8766,68.61
profiler,6391,1521,1691,17.47
coder,16886,12855,15113,113.08
feature_extractor,3762,7594,8100,73.06
profiler,7609,2028,2180,22.51
sketch,5278,7212,8207,57.07
sketch,5483,8261,9420,74.62
sketch,5721,11146,12286,93.17
profiler,5789,2296,2558,28.26
coder,17948,7911,9556,79.32
coder,14983,10615,12686,101.06
sketch,6531,12140,13580,96.36
sketch,6540,11309,13035,101.29
coder,17360,7120,9529,82.50
coder,13655,12562,14239,125.98
sketch,4707,7179,7805,60.58
coder,19270,5616,7380,66.88
sketch,4615,9423,10033,83.81
feature_extractor,5777,9007,9511,89.40
sketch,4668,11054,11815,97.23
feature_extractor,5223,11498,11982,109.64
coder,17494,6384,8475,80.37
sketch,6393,22238,24033,192.04
feature_extractor,4184,3032,3436,31.00
feature_extractor,4381,3004,3382,31.07
profiler,3786,1540,1690,19.37
feature_extractor,4301,4263,4632,41.74
profiler,5016,6591,6746,67.40
feature_extractor,5607,16006,16632,159.60
profiler,5392,5489,5653,62.57
feature_extractor,7170,10348,11001,101.15
feature_extractor,7093,10267,10838,101.65
feature_extractor,6870,11754,12267,117.96
sketch,5213,3940,4889,40.19
designer,21366,523,2309,16.28
sketch,5300,4352,5330,47.50
sketch,5587,6089,6089,52.95
feature_extractor,4495,12721,13196,131.22
coder,12926,7918,11160,99.20
coder,13548,15065,18000,152.40
coder,16987,5223,8353,68.37
coder,17807,3100,6073,48.94
coder,14010,26059,29068,239.99
coder,16735,3587,6552,52.65
coder,17496,5313,8513,66.97
coder,17129,6140,9477,64.19
coder,18545,3857,7254,62.99
coder,17437,7108,9915,91.40
coder,17264,11788,14504,123.12
coder,17591,4481,7486,66.37
coder,18163,11434,14771,142.50
coder,16480,8475,11245,99.61
profiler,9000,532,739,8.44
coder,17542,11485,14465,117.78
coder,18891,16675,20091,176.59
coder,17447,5037,7988,63.91
coder,19570,3938,7276,50.73
coder,18521,5713,9132,71.97
coder,16781,11540,14609,125.72
coder,19317,5949,9352,72.96
coder,17683,2231,5166,36.78
coder,17935,20047,23685,180.51
coder,17448,3222,6642,49.36
coder,17900,7581,10971,79.27
sketch,6377,7341,9031,69.77
feature_extractor,6939,12158,12842,115.62
designer,20964,5645,7336,59.27
feature_extractor,4416,21557,22689,199.21
coder,14654,10258,13144,102.92
coder,14116,14790,17577,137.65
profiler,7567,1518,1691,17.42
coder,15199,18035,20673,174.92
coder,17544,2500,5384,36.54
coder,18013,9752,12613,102.19
coder,17946,9379,12164,100.58
profiler,7525,2064,2289,24.28
coder,17739,22241,25245,219.56
coder,18728,9003,11855,89.93
coder,21494,20407,23182,196.15
coder,17426,11978,14761,718.83
coder,17906,9707,12535,84.80
profiler,7532,1594,1790,18.72
sketch,6503,13298,14845,106.68
sketch,6456,11912,13894,106.72
sketch,6421,22383,23938,166.26
feature_extractor,6894,10055,10842,90.05
feature_extractor,6960,14504,15087,138.04
feature_extractor,7263,16404,16974,149.77
designer,21446,560,2310,14.42
feature_extractor,4406,18793,19331,167.48
coder,13213,10327,13027,96.49
coder,14114,12628,15275,125.34
coder,13840,15949,18606,147.07
coder,17224,2910,5653,41.11
coder,18722,6883,9829,80.27
coder,16945,9208,11967,88.87
profiler,8962,9363,9521,87.67
profiler,7527,5769,5946,61.61
coder,17573,13434,16274,127.10
coder,18825,7736,10618,87.13
coder,17292,9589,12442,103.82
profiler,7874,3336,3501,35.30
sketch,6426,14045,15970,118.24
sketch,6501,17019,18942,130.16
sketch,6364,29664,31398,199.78
feature_extractor,7013,10829,11380,97.89
feature_extractor,7258,19613,20204,186.37
feature_extractor,7318,25214,26273,214.26
designer,21901,6307,8044,60.03
feature_extractor,4455,14098,14715,134.98
coder,14890,11342,14071,108.31
coder,12872,12065,14699,115.83
coder,12795,20623,22949,202.33
coder,16325,6493,9309,75.26
profiler,8314,3195,3354,38.32
coder,17027,17918,20568,190.26
coder,17690,17328,20142,177.76
coder,16964,19884,22625,213.37
coder,16891,13197,16147,128.66
coder,17336,29989,32982,311.86
coder,17738,8758,11903,100.27
coder,16702,16001,18951,166.55
coder,17402,5899,8893,69.42
coder,18502,10989,13971,108.02
coder,17806,9373,12521,94.49
coder,19056,10716,14036,119.58
coder,18559,13845,16809,156.33
coder,17839,6453,9505,71.48
coder,16986,14976,17946,156.09
coder,17477,10147,13315,112.93
coder,17151,12940,16068,130.96
coder,17827,5267,8538,70.55
profiler,8786,1867,2026,20.38
sketch,6448,6416,8169,64.24
sketch,6736,11093,12867,106.41
feature_extractor,7342,9853,10426,91.01
feature_extractor,7051,14353,14820,140.65
designer,21605,3499,5504,38.10
feature_extractor,4630,15676,16160,157.01
coder,12702,13009,16060,120.93
coder,12970,14670,17477,142.52
coder,13047,15035,17820,164.45
coder,16962,5843,8909,77.70
profiler,8557,2588,2768,29.52
profiler,7552,8691,8876,92.63
coder,16686,8532,11501,101.25
coder,18111,11385,14112,117.81
designer,3643,12248,13694,132.41
designer,3603,9822,10195,96.42
designer,3658,8888,9754,84.73
designer,3670,14543,15471,145.72
designer,3703,14782,16130,136.55
feature_extractor,3019,4377,4715,42.60
feature_extractor,3543,4594,5008,42.10
feature_extractor,4064,10848,11218,109.92
profiler,6129,2340,2512,28.14
feature_extractor,4003,12007,12755,116.92
coder,11691,4634,5941,51.72
feature_extractor,3593,18787,19461,184.39
coder,10652,5542,6839,83.33
sketch,6689,9797,11755,88.31
sketch,6449,12834,14433,109.04
coder,11435,10599,11711,164.07
coder,12454,12008,16924,148.32
coder,11817,13073,14306,204.89
coder,12411,14407,17095,158.49
coder,10763,15848,17268,166.09
sketch,6371,19280,21249,180.25
coder,13907,17323,20070,190.11
coder,13499,15918,18015,170.49
coder,13542,16899,19228,186.17
coder,12535,16479,18876,189.91
coder,11941,27114,31572,278.13
feature_extractor,7190,9388,9946,91.61
coder,12922,27885,31810,287.08
feature_extractor,7503,9437,9937,92.73
coder,13428,26086,29048,266.18
coder,10523,26545,27827,313.47
feature_extractor,6959,13560,14092,135.28
designer,22005,6372,8321,57.54
coder,17400,5042,7607,55.52
coder,17620,8566,13049,91.88
coder,13353,10167,11302,99.85
feature_extractor,4610,10171,10671,96.49
coder,15814,6617,9174,80.20
profiler,3434,1566,1738,19.19
coder,14994,7017,8143,72.74
coder,16594,13572,16756,143.67
coder,15691,16203,19476,161.79
coder,17327,12351,15202,139.10
coder,18747,18011,22415,193.39
coder,13766,24488,28548,232.45
coder,17370,5953,9210,80.79
coder,17247,7064,11218,89.92
coder,15923,14092,16347,125.38
coder,12687,25681,27012,246.81
coder,17998,11858,14609,107.92
coder,15210,19331,21977,207.46
profiler,4582,1531,1728,102.54
coder,13445,789,2079,15.28
coder,13414,7296,8477,72.74
coder,17062,8756,11328,99.11
coder,17178,17470,19924,178.86
coder,17302,5603,8501,65.87
coder,16582,12568,14439,126.97
coder,13943,13678,14901,130.70
profiler,10174,1346,1522,14.60
coder,18206,4473,8982,64.01
coder,17816,5573,8307,70.03
coder,16164,11425,14017,117.78
profiler,6607,1368,1584,16.61
coder,14076,18862,20454,194.87
coder,13138,5398,6574,58.69
coder,20621,11138,14155,110.18
coder,17063,11002,13663,121.12
coder,16983,17923,20890,168.00
coder,17704,18314,22580,190.64
profiler,3392,1935,2119,18.89
sketch,4908,4643,5455,42.12
coder,18993,5042,9140,68.89
coder,15539,4346,6407,53.99
coder,18506,5018,9822,67.27
sketch,4942,8951,9727,73.18
coder,16144,7258,10190,78.09
sketch,4719,11568,12384,90.45
feature_extractor,4670,2687,3138,25.86
feature_extractor,4671,3038,3458,28.57
feature_extractor,4482,3809,4243,37.33
designer,7967,1623,2480,18.09
feature_extractor,3527,3487,3900,31.58
coder,17460,2655,5678,40.38
coder,17841,7505,11808,90.31
coder,17378,7557,10473,89.05
coder,16275,8251,10956,91.56
coder,14011,5651,6858,54.88
coder,14011,7821,9087,100.25
coder,14011,8639,10076,98.53
coder,18077,4156,8499,59.40
profiler,5972,7966,8122,79.81
coder,12682,7129,8513,66.87
coder,18809,13892,17852,122.39
coder,17156,13592,16463,140.37
coder,17932,18085,21026,177.83
coder,17243,2308,5292,34.91
coder,20019,7102,10200,85.20
coder,17726,8086,12556,82.74
coder,13757,14805,16311,159.71
coder,14979,21967,23828,213.42
coder,21306,8429,12367,99.33
coder,17441,10071,14318,116.79
coder,12976,10831,12104,110.41
coder,18723,17436,20243,151.23
coder,15732,13600,16263,148.17
profiler,4621,2269,2449,24.14
coder,17318,3094,7686,48.99
coder,17596,7036,10169,70.03
coder,17317,11993,14771,116.46
coder,13354,12076,13083,129.19
coder,17473,22372,25340,215.70
coder,16624,4056,6963,55.81
coder,17103,5697,9939,77.12
coder,12419,4943,6239,56.63
coder,21355,11149,15066,117.95
profiler,4865,3759,3952,42.41
coder,16547,16278,18162,176.68
coder,15283,2636,3879,40.14
coder,16362,3997,6671,56.05
coder,17759,11746,14664,120.82
coder,17548,9650,12441,103.82
coder,13792,16261,17487,175.76
coder,18342,17366,21439,176.46
coder,15698,13758,16288,146.07
profiler,10326,1902,2076,20.90
coder,20687,9929,12816,111.23
coder,15735,5811,7762,68.65
coder,17614,11348,15624,107.02
profiler,3350,4806,4967,58.91
coder,21748,14778,18734,150.66
profiler,7512,9715,9917,101.87
profiler,4646,1754,1902,19.49
coder,13514,12220,13172,113.76
sketch,5063,2571,3306,24.76
sketch,4848,2394,3248,27.62
coder,21141,5275,8376,70.39
sketch,4819,7840,8717,69.24
feature_extractor,4640,1756,2198,19.36
coder,15762,16933,19588,171.44
feature_extractor,4752,3373,3808,34.47
feature_extractor,4646,5362,5811,49.80
designer,8184,2021,2942,21.12
feature_extractor,3587,3070,3499,31.07
coder,17263,12012,14579,138.86
coder,21027,8472,12609,101.97
profiler,9893,4640,4878,55.09
coder,12643,1959,3469,52.04
coder,12643,3114,4358,37.99
coder,12643,3729,5196,93.66
profiler,9976,1540,1781,17.13
coder,17743,15329,18031,149.93
coder,16630,12672,15157,146.47
coder,13556,26501,27723,255.94
sketch,7885,12636,15573,100.47
sketch,8037,17583,20096,134.92
sketch,7687,15724,18826,137.87
coder,15356,6144,8809,72.17
feature_extractor,9408,10234,10628,99.93
feature_extractor,9643,11018,11544,108.37
feature_extractor,9664,17496,18045,166.70
coder,15080,8133,9555,86.44
designer,31568,7427,10284,74.17
coder,13136,9794,10963,87.73
feature_extractor,5397,10653,11239,100.72
coder,18273,6979,11346,88.04
coder,17643,7379,11881,91.50
profiler,6495,2479,2686,24.80
coder,15436,9070,11579,103.31
coder,18609,15548,19998,144.08
coder,21133,12233,16491,131.84
coder,16401,12136,14379,133.21
profiler,7327,5238,5424,64.03
profiler,3346,4545,4700,73.25
sketch,6379,7358,8956,88.69
coder,18977,7667,11701,110.64
sketch,6500,9891,11468,105.79
sketch,6309,12579,14375,133.26
coder,16995,15963,18587,164.09
coder,15180,13674,15137,152.65
feature_extractor,6985,11141,11702,123.60
feature_extractor,6812,13646,14201,138.22
feature_extractor,6959,14046,14754,144.07
profiler,10064,1174,1383,15.77
coder,15278,12463,14884,137.10
coder,22964,4110,8524,62.70
designer,20845,6822,8999,79.18
sketch,6858,12195,13550,105.89
sketch,6735,11752,13625,116.83
coder,20805,3696,8235,60.58
coder,15915,7440,9778,84.66
feature_extractor,4735,12841,13471,123.20
coder,13624,2423,3410,691.68
feature_extractor,7501,12205,13104,117.99
coder,15432,5354,8214,70.46
profiler,7095,5998,6235,58.02
feature_extractor,7121,17969,18494,174.31
coder,17074,10584,13369,106.94
coder,13143,12451,15155,130.50
coder,14124,18161,21635,188.00
designer,21501,10798,12231,100.57
profiler,3572,2360,2512,27.31
sketch,4790,7203,7822,65.34
sketch,4859,10584,11234,98.38
sketch,5080,7595,8370,67.59
feature_extractor,4377,2796,3196,30.45
profiler,10199,358,547,6.21
feature_extractor,4467,4576,4966,46.61
feature_extractor,4134,19980,20766,187.12
sketch,5084,14307,15015,116.19
sketch,4854,13949,14659,120.44
feature_extractor,4785,1937,2340,19.38
feature_extractor,4521,3553,4006,36.33
feature_extractor,4741,3839,4289,37.92
designer,11236,8265,9052,80.40
coder,15215,14267,16556,137.96
designer,8405,2081,2804,19.68
coder,14092,16536,18774,156.77
coder,14092,14031,16715,160.01
feature_extractor,3397,2877,3273,29.56
feature_extractor,3408,6856,7258,67.70
profiler,7380,1179,1339,13.60
coder,17592,5176,8241,64.55
coder,11967,11283,12490,122.17
coder,12438,4026,5107,43.20
coder,18441,11863,14265,113.13
coder,12438,6759,8093,120.01
profiler,10286,2826,3003,34.77
coder,11967,17460,18570,249.88
coder,11967,20831,22463,317.75
coder,12438,10544,11596,122.95
sketch,7785,11348,13666,106.77
sketch,7916,13072,15741,108.49
coder,19551,6125,8281,69.33
sketch,8004,17500,20132,165.10
coder,14661,1475,2638,23.08
feature_extractor,8972,9802,10277,97.65
feature_extractor,9496,10354,10819,105.47
feature_extractor,9456,15040,15679,149.51
designer,31403,2447,5158,40.84
coder,17659,3932,6319,54.80
feature_extractor,5272,18728,19367,186.36
coder,13662,12128,16366,132.56
coder,15936,14642,19154,163.11
coder,13662,15426,20292,165.27
profiler,7349,5519,5750,62.11
coder,21237,13495,16424,155.80
designer,3691,9246,10153,97.95
profiler,7093,6048,6250,76.24
coder,19402,18844,21246,212.23
coder,14551,5382,6637,73.73
profiler,4747,931,1144,14.94
feature_extractor,3604,15996,16642,157.22
coder,14043,4034,5244,52.92
coder,16327,13703,15767,143.96
coder,12636,17393,19055,202.57
coder,15255,17718,19332,217.81
coder,13561,21201,22720,247.21
profiler,9936,3569,3779,49.88
coder,21599,1440,6016,41.91
profiler,6798,1180,1335,16.70
profiler,7488,12417,12580,165.26
coder,16383,12232,13592,131.27
sketch,6330,7660,9488,88.56
coder,19483,3440,7956,57.33
sketch,6474,10744,12747,120.17
profiler,5883,8227,8435,113.88
coder,18345,11918,14287,134.44
sketch,6364,26337,28491,243.76
feature_extractor,7040,10898,11507,135.11
feature_extractor,7325,13315,14006,152.30
feature_extractor,7324,15063,15763,167.92
designer,21702,3196,5047,40.45
feature_extractor,4479,10236,10778,123.64
profiler,3286,2293,2462,78.35
coder,19170,24802,26422,249.42
coder,14111,12470,13597,142.34
coder,13523,15682,18988,186.58
coder,13913,17259,20019,192.60
coder,12887,17343,20247,198.54
coder,18210,11889,16225,139.36
profiler,4486,3495,3637,47.03
coder,16263,6951,9037,91.78
coder,17626,9497,11134,114.85
sketch,4946,6319,7143,62.86
sketch,4683,9585,10290,89.73
sketch,4783,8626,9422,90.97
feature_extractor,4341,2016,2451,24.23
feature_extractor,4708,2807,3216,33.14
feature_extractor,4532,3366,3791,42.17
coder,20442,8209,11442,90.02
designer,8198,4977,5938,151.57
feature_extractor,3617,1339,1761,19.88
coder,14019,7549,8660,195.81
coder,17633,8192,9633,100.68
coder,16525,9368,12213,110.23
coder,12673,7321,8498,107.30
coder,12673,6525,7807,80.78
coder,14131,3040,4240,39.69
coder,12673,17776,19308,195.32
coder,16031,16770,18442,198.73
profiler,10914,5219,5331,49.91
profiler,4549,2458,2660,35.12
coder,19563,13625,15752,157.02
coder,14255,7467,8743,94.59
coder,18234,18010,19715,214.20
profiler,8815,3936,4097,52.05
coder,17598,9541,12524,139.23
profiler,10009,2192,2379,26.28
coder,19419,22833,24295,271.04
sketch,7657,15319,17736,144.53
coder,15206,4917,6270,58.72
sketch,7946,15951,17292,149.47
sketch,7723,17122,20230,168.71
coder,15687,13603,15199,150.58
profiler,4614,12426,12616,157.51
coder,19560,16612,18874,215.33
feature_extractor,8209,7882,8264,93.54
feature_extractor,9638,8417,9105,106.84
feature_extractor,8957,9615,9974,111.78
designer,29178,7320,10409,67.74
coder,18550,4163,6507,64.53
profiler,7480,5978,6100,83.51
sketch,4746,3093,3768,43.43
sketch,4831,4513,5192,56.83
coder,16461,21592,23157,259.28
sketch,4793,8088,8980,92.91
profiler,7785,7544,7703,89.41
feature_extractor,5601,16869,17620,183.73
feature_extractor,4618,3759,4175,46.18
feature_extractor,4383,4979,5385,60.63
feature_extractor,4472,5545,5999,66.33
coder,15525,8240,14951,117.66
coder,14972,12802,17361,145.61
coder,15989,18507,22883,174.65
designer,11589,6814,7745,83.62
coder,18744,11002,13219,128.36
feature_extractor,3545,3514,3923,39.82
profiler,6909,4159,4336,57.32
coder,15187,6501,7854,80.71
coder,15187,7483,8660,109.44
coder,15187,13272,14517,186.09
profiler,6668,2200,2322,28.30
coder,21559,1556,5405,38.99
profiler,8884,4285,4445,59.05
sketch,6549,4343,6257,56.79
sketch,6760,14657,16736,137.81
coder,17198,8298,9624,105.77
sketch,6480,18634,20404,162.78
coder,20864,10040,14481,109.37
coder,16450,27706,29839,297.28
feature_extractor,7652,9179,9721,104.44
profiler,4760,3520,3666,44.88
feature_extractor,7158,10275,10834,118.47
feature_extractor,7292,12581,13363,139.43
sketch,4891,3057,3761,34.21
sketch,4811,9555,10383,84.68
sketch,4962,11111,11830,92.76
feature_extractor,4576,2600,3015,30.51
feature_extractor,4631,3578,4058,40.92
feature_extractor,4556,4806,5215,52.15
profiler,3732,7182,7332,95.04
designer,21865,10048,12222,121.88
coder,20045,3034,7357,60.27
designer,8059,2509,3512,31.85
coder,17406,16864,18053,197.59
feature_extractor,3668,4152,4595,45.27
coder,17469,11013,13091,126.92
feature_extractor,4791,18092,18614,195.33
coder,15473,6191,9103,92.64
coder,17129,8965,10296,112.94
coder,15938,5039,6442,93.43
coder,16180,5911,7328,83.01
coder,18167,6752,8142,85.24
coder,13199,20417,22968,204.92
coder,15473,18175,20944,207.35
coder,19848,3467,7209,55.32
sketch,6049,9406,10796,105.10
sketch,6053,11910,13104,105.91
coder,16915,6311,9148,73.98
coder,17568,8453,9788,100.54
feature_extractor,6313,13760,14781,154.35
feature_extractor,6202,14854,15366,169.44
designer,21196,13495,15050,134.42
feature_extractor,4228,16872,17580,181.41
coder,17265,16217,18503,203.20
coder,16241,17430,19629,218.94
coder,17404,27461,29435,338.54
profiler,3701,4315,4498,56.86
coder,19796,2958,7481,58.63
sketch,5127,9427,10238,102.81
sketch,5247,15248,16273,143.11
sketch,5216,17235,18394,172.77
coder,17451,3093,4267,40.66
feature_extractor,5272,5068,5430,59.46
feature_extractor,4901,7390,7845,77.83
feature_extractor,5202,10589,11125,106.12
designer,13858,2434,3511,30.44
coder,17448,10225,12416,126.79
feature_extractor,3753,11546,12057,121.28
profiler,4814,2258,2417,46.48
coder,17658,5634,6968,67.52
coder,18327,3220,4628,38.70
coder,17571,6418,8657,81.50
coder,13878,8838,10676,104.32
coder,15866,10350,12078,122.41
profiler,8556,3427,3626,45.04
coder,17594,8377,9728,109.41
coder,16795,5672,8332,75.13
coder,14204,19557,21202,179.94
profiler,10019,3019,3212,35.93
coder,20842,2325,6772,48.17
coder,17451,14931,17027,172.65
coder,19507,9112,11851,101.26
coder,19566,9626,11924,112.99
profiler,4830,1725,1877,22.90
coder,19909,8621,13236,101.68
coder,17428,3204,4495,118.91
coder,16685,7398,10120,103.64
coder,19113,2754,5622,46.14
coder,17380,11216,13365,122.58
profiler,6052,2832,2972,39.23
coder,17641,13005,14194,157.11
coder,22034,8108,10346,102.06
profiler,6055,2758,2930,36.54
coder,17658,7006,8236,102.58
sketch,5011,4182,4903,44.11
sketch,5015,9829,10581,85.80
sketch,5029,12920,13676,106.57
coder,17183,9905,11305,103.78
coder,19665,15722,18212,167.16
profiler,3784,1421,1545,134.39
feature_extractor,4717,5304,5729,208.68
profiler,10835,5508,5753,233.38
feature_extractor,4734,5826,6275,212.77
profiler,8721,3068,3262,93.03
feature_extractor,4678,6603,7040,222.35
profiler,6658,1681,1898,20.54
coder,16343,3808,5432,60.79
coder,16259,4465,9050,99.75
coder,19975,8120,10522,103.71
coder,19601,5086,7283,59.27
coder,20565,12033,14169,158.18
profiler,7496,3552,3798,42.20
sketch,6152,6554,8415,72.61
sketch,6482,11139,12785,107.36
sketch,6317,11629,13503,117.63
profiler,5878,3674,3823,100.51
designer,10186,6162,7314,59.14
feature_extractor,6871,10278,10843,119.97
feature_extractor,3782,3211,3629,44.42
feature_extractor,7005,10922,11569,123.92
feature_extractor,7026,13917,14576,162.39
profiler,3749,2791,2986,48.56
coder,19332,7192,9400,110.24
coder,17661,15587,17120,214.44
profiler,10277,4120,4282,69.03
coder,17650,23314,25744,319.48
sketch,5301,9295,10147,127.96
sketch,5266,9264,10540,135.81
sketch,7992,5557,8160,83.24
sketch,7736,7355,9802,94.84
sketch,7867,9253,11762,106.80
sketch,5477,18885,19912,242.15
designer,21437,23990,26039,279.37
coder,18557,8762,10953,118.04
feature_extractor,9461,12460,13215,157.13
feature_extractor,9063,12302,12709,160.32
feature_extractor,5446,9341,9855,116.28
feature_extractor,5112,8989,9624,123.70
feature_extractor,5459,11762,12379,141.62
feature_extractor,9188,15501,15930,201.70
coder,17804,11638,12890,169.82
designer,31512,4441,7425,59.93
coder,14066,6289,7800,86.58
coder,14106,7107,8551,107.21
feature_extractor,4659,15272,15999,194.44
coder,14106,7785,9714,131.53
designer,14821,8765,10012,111.63
feature_extractor,5469,13377,14092,148.39
coder,13067,11774,14817,153.65
feature_extractor,3906,12443,13042,141.11
coder,16938,14169,17188,181.22
coder,13416,16944,20625,207.16
coder,17552,4162,5379,57.50
coder,12225,9848,11399,134.37
coder,17648,15614,19329,190.88
coder,13206,11480,13403,167.41
coder,14840,17518,21794,234.52
coder,12719,21497,23278,274.80
profiler,4370,4706,4895,71.98
coder,14989,32327,35656,330.15
coder,22199,5201,7384,76.54
coder,17778,6657,9825,91.25
coder,17126,7240,8621,108.17
coder,17610,6831,8430,94.88
profiler,6150,2751,2903,34.92
coder,22675,7350,9476,113.65
coder,24216,13798,17581,153.66
coder,17265,4894,6231,73.15
coder,15090,10584,12164,122.29
coder,22777,17454,20982,217.92
profiler,9116,3294,3473,40.80
coder,17336,6679,8293,93.61
sketch,4792,5951,6616,67.08
coder,18708,10714,14119,123.58
profiler,8134,3761,3977,44.18
coder,17238,8433,11469,102.66
sketch,4741,14380,15350,151.89
feature_extractor,4417,3734,4148,46.21
feature_extractor,4628,7816,8196,95.98
profiler,5658,3653,3772,53.37
coder,19474,3310,7132,64.34
coder,16002,6378,8222,90.32
designer,11266,8881,9637,92.04
coder,18412,4958,8617,90.97
feature_extractor,3373,6176,6552,81.97
profiler,7495,3806,3977,48.92
coder,16370,24066,26223,301.58
coder,19769,6950,10037,112.78
sketch,5074,4685,5302,58.32
sketch,5102,5947,6683,71.56
coder,22442,15824,19678,216.30
sketch,5496,11486,12441,116.98
feature_extractor,4652,3517,3937,45.48
feature_extractor,4783,4599,5027,57.51
feature_extractor,5387,5460,5949,70.57
profiler,3707,7623,7812,111.38
coder,12913,11157,12320,147.66
coder,11775,11511,12916,178.34
coder,15296,10656,12403,150.72
coder,12277,18243,19528,280.78
designer,10305,2021,2871,26.66
profiler,8796,5595,5757,76.35
feature_extractor,3522,5906,6333,72.81
profiler,10227,5630,5784,80.61
profiler,5605,4590,4755,60.25
coder,22750,9674,13813,146.19
sketch,5852,4212,5529,53.61
sketch,5794,4186,5669,55.61
coder,20720,7414,11037,99.85
sketch,5876,16945,18219,169.63
coder,14258,20345,21705,274.54
coder,14721,9138,10390,120.91
profiler,3740,2932,3154,44.62
feature_extractor,6048,10229,10706,125.42
feature_extractor,6187,14913,15609,181.68
coder,16130,7676,9545,104.61
feature_extractor,6098,16160,16700,199.13
profiler,9233,7289,7397,91.29
designer,20929,9670,11200,114.60
coder,22792,15865,19890,227.02
sketch,6643,7127,8804,82.79
sketch,7186,13011,15153,138.79
coder,22875,5300,8928,78.70
feature_extractor,4269,16540,17206,182.72
profiler,4659,3436,3609,49.72
coder,17723,6643,8011,104.69
coder,12578,6876,8182,140.84
coder,13846,9273,10781,108.02
coder,15941,9690,12798,125.78
sketch,6584,40638,42852,351.69
coder,15052,12275,14303,151.39
coder,13322,22133,24529,239.33
coder,15305,23141,25565,239.75
coder,20639,7430,11413,115.42
feature_extractor,7632,9627,10168,117.47
feature_extractor,7223,10189,10770,122.74
feature_extractor,8179,10939,11513,131.49
designer,21888,6855,8857,91.39
coder,20082,2436,3837,40.41
coder,20120,751,4381,29.64
feature_extractor,4644,8731,9410,103.96
coder,20015,506,1800,14.18
coder,18928,10465,13378,138.19
profiler,4629,3156,3311,44.24
coder,14415,6830,7977,84.20
coder,17001,6665,9092,88.39
coder,15265,21504,23723,251.03
coder,13956,16843,20183,195.62
coder,13956,20970,24431,220.23
coder,13956,22776,25569,255.47
coder,19736,18915,22668,208.76
coder,15087,5073,6227,59.89
coder,19279,6092,8622,89.50
coder,14243,7273,8435,90.05
coder,21338,6443,8326,80.93
coder,18385,17857,21264,213.75
coder,14439,6270,7380,80.27
coder,17763,22759,25891,290.27
profiler,9685,3852,4017,55.51
coder,15531,14040,15749,164.02
profiler,4802,5103,5254,68.53
coder,18980,12526,16623,148.29
coder,18605,11845,14235,150.42
coder,14084,5562,6694,69.77
profiler,9526,2755,3037,36.58
profiler,5949,1478,1679,21.49
profiler,7312,1287,1504,16.38
coder,20957,18288,20158,230.81
coder,19720,13510,17376,157.00
coder,13645,9451,10409,110.68
profiler,9426,3374,3566,41.00
coder,17585,2952,5770,50.13
coder,20171,11700,14796,159.66
profiler,4677,3361,3558,38.43
sketch,5260,10392,11365,103.41
sketch,5224,10846,11730,115.64
sketch,4900,5217,6038,59.88
sketch,4780,8068,8844,75.85
coder,17603,1831,4894,40.05
profiler,7212,2300,2459,31.79
feature_extractor,5149,10179,10879,112.52
sketch,5001,16187,17000,144.40
feature_extractor,4760,3211,3667,36.48
feature_extractor,5063,16333,16949,166.93
feature_extractor,4513,4736,5157,53.34
feature_extractor,4653,6953,7383,75.84
profiler,9835,2571,2784,33.31
profiler,5561,2679,2905,35.33
designer,14302,5562,6624,62.38
sketch,4835,3764,4428,41.88
designer,10929,2305,3350,28.74
sketch,4809,4401,5038,49.82
sketch,4532,6665,7351,65.02
coder,20161,17026,19543,186.47
feature_extractor,3685,4957,5409,57.64
sketch,7114,10878,13510,124.84
feature_extractor,4411,3477,3894,41.62
feature_extractor,4458,4132,4510,48.43
feature_extractor,4183,4565,4961,51.98
feature_extractor,3728,11874,12383,128.55
profiler,9117,4961,5240,52.47
sketch,7346,24090,26781,220.85
coder,17094,10954,13478,127.13
sketch,6943,30193,33688,245.75
coder,13254,11055,12827,123.79
designer,11241,7671,8448,75.91
coder,12760,12511,14106,150.80
sketch,6939,8018,10230,95.57
coder,14009,5130,6577,58.39
coder,13043,5080,6815,59.71
coder,13254,15158,16892,179.92
feature_extractor,3388,4728,5129,53.20
feature_extractor,8528,9547,10201,108.24
feature_extractor,9198,10479,10931,114.21
coder,15345,9686,10781,104.99
coder,15008,5198,6847,69.94
sketch,6640,18079,20429,151.64
coder,18577,12161,14853,125.70
sketch,7032,17936,19879,161.26
coder,15801,7560,9314,86.48
feature_extractor,8908,15696,16177,163.44
profiler,6098,5246,5478,65.52
coder,14943,8657,10301,97.84
coder,15884,4777,6392,59.74
feature_extractor,7950,10229,10985,109.92
feature_extractor,7793,10263,10885,110.78
profiler,5364,1492,1688,19.62
feature_extractor,7750,11091,11630,123.24
profiler,3776,882,1026,12.73
designer,30407,13307,16348,113.57
designer,23005,8396,10561,68.63
coder,17261,11505,14322,136.52
coder,15477,7586,9355,87.96
profiler,6324,5872,6032,65.65
coder,14824,8302,9794,96.32
coder,13694,7454,8617,112.11
feature_extractor,5514,11915,12526,124.97
sketch,5049,3505,4244,38.34
feature_extractor,4740,10069,10813,100.43
sketch,5212,7836,8631,74.74
sketch,4720,9414,10246,82.16
coder,13694,11514,12669,162.64
coder,13694,11608,13133,150.65
coder,19276,11970,14789,148.49
feature_extractor,4740,4540,4961,49.43
feature_extractor,4501,4611,5041,52.38
coder,15884,4318,5434,55.55
coder,16253,11855,13406,142.71
feature_extractor,4962,6268,6728,68.16
coder,14591,9474,12828,123.48
coder,14052,11376,14930,126.14
coder,14540,13293,17759,150.55
coder,14398,14137,18959,151.07
coder,15857,6961,8081,83.73
designer,10271,985,1654,13.26
coder,14398,18523,22953,181.51
feature_extractor,3352,3622,4053,37.89
coder,15227,19731,22911,218.05
profiler,4904,6324,6568,73.49
coder,23607,5773,10415,84.14
coder,16205,8969,10349,109.80
coder,23546,8739,13622,122.47
coder,16328,17192,19870,191.51
profiler,3679,3602,3753,43.11
profiler,7907,1938,2076,22.61
coder,15899,14050,15158,160.11
designer,10987,4062,4879,39.65
coder,15902,5919,6972,68.25
feature_extractor,3488,3517,3923,39.25
coder,24225,4220,8737,67.33
sketch,5196,7416,8338,76.46
sketch,5293,8044,9000,88.72
sketch,5142,11580,12675,101.22
coder,15712,4037,5479,61.52
sketch,6188,7679,8640,85.19
profiler,9597,1883,2020,21.94
sketch,6062,10515,11801,107.87
feature_extractor,5202,4589,5375,44.36
coder,23398,7825,12225,108.22
profiler,4469,2060,2258,25.06
coder,15944,6449,7635,82.74
feature_extractor,5144,9023,9650,89.37
coder,19826,7546,12030,97.61
feature_extractor,5075,10975,11477,113.98
coder,18217,10104,13149,113.41
coder,16216,4491,6004,49.54
coder,12544,7397,8537,81.18
coder,24249,9892,14244,126.32
feature_extractor,6094,13293,13779,136.44
coder,15976,4132,5282,73.56
coder,12544,10781,12113,102.86
coder,23225,2456,7228,54.63
feature_extractor,6282,13887,14420,146.83
coder,12544,11153,12295,113.58
designer,14326,8772,10020,85.94
coder,16171,3993,5495,55.06
profiler,7635,7456,7702,82.07
coder,20450,16052,20571,174.87
profiler,3274,6947,7129,86.15
coder,20523,4542,9529,72.39
feature_extractor,3896,9580,10162,101.45
coder,14901,4198,5587,53.35
coder,16019,7549,8700,88.06
sketch,6900,8304,10246,79.63
coder,19780,11080,15457,141.33
sketch,6627,12286,14293,104.67
sketch,7100,12354,14344,109.41
profiler,3261,6764,6934,73.16
coder,16292,4692,6119,69.18
coder,19736,5115,10115,76.39
profiler,6149,3940,4129,50.33
profiler,4718,2183,2362,28.91
feature_extractor,7970,7593,8294,85.04
sketch,4781,2849,3551,33.79
coder,12928,14220,15864,156.96
coder,15945,6807,7880,88.18
sketch,4979,5337,6078,54.19
coder,13440,15918,17416,166.08
coder,19789,13812,18211,126.17
coder,12215,14401,16042,171.62
feature_extractor,7687,11923,12434,125.55
sketch,4772,8695,9511,73.45
coder,24298,17142,21496,220.01
feature_extractor,7441,13821,14624,145.61
feature_extractor,4440,3346,3788,37.55
feature_extractor,4525,4211,4650,47.60
feature_extractor,4674,5015,5458,53.30
coder,24208,14354,19337,181.50
coder,23333,8619,13347,89.80
coder,19320,15393,19798,159.82
designer,22733,14221,15946,158.62
profiler,6642,3295,3547,42.48
profiler,3758,6965,7129,79.14
coder,24179,3017,8006,53.80
feature_extractor,4363,8052,8644,92.83
sketch,4634,2517,3166,31.11
sketch,4609,4931,5586,51.95
sketch,4967,4934,5806,52.15
coder,15768,10565,12311,125.88
feature_extractor,4249,2887,3257,35.07
feature_extractor,4232,4595,5000,49.77
coder,23752,6547,11397,92.33
feature_extractor,4784,5338,5750,57.09
coder,13638,12868,15715,145.32
coder,17047,13786,16928,157.62
designer,11893,5183,6225,50.56
profiler,3638,2716,2862,33.10
coder,19321,21162,23886,194.69
feature_extractor,3619,3971,4395,39.16
coder,20224,4020,8972,66.17
coder,24231,14642,18994,150.94
coder,17068,992,3816,24.82
profiler,8281,3243,3384,38.41
coder,15514,11158,12799,125.10
coder,20638,8408,13183,110.06
coder,19932,4902,9778,73.14
coder,20667,11949,15237,131.71
coder,17523,4032,6873,62.42
coder,12642,7957,9385,83.44
profiler,3771,2129,2261,25.95
coder,12642,10851,12091,143.25
coder,20617,7710,12740,104.61
coder,20270,11168,15821,126.62
coder,12642,14045,15443,169.85
sketch,5153,8526,9425,83.55
coder,16524,6649,7981,73.29
coder,14579,5692,7015,66.70
sketch,5276,14661,15998,142.68
sketch,5288,14664,15945,159.02
coder,24600,19321,22543,195.24
coder,19809,18297,21158,198.40
feature_extractor,5527,8767,9429,86.82
feature_extractor,5001,9125,9734,90.40
feature_extractor,5472,11091,11091,103.34
profiler,10924,3070,3260,31.56
coder,14705,11733,13330,128.30
feature_extractor,5472,13656,14201,132.22
designer,14639,11832,13121,103.26
feature_extractor,3945,9642,10274,96.91
coder,18511,4111,8835,66.16
coder,12835,9067,10857,100.82
coder,13986,10707,12461,117.48
coder,17014,14827,16540,146.58
coder,24585,13577,16506,132.92
coder,15575,2719,4016,35.01
coder,17509,5745,8559,75.46
coder,20152,2847,7543,50.78
coder,15173,13501,14734,153.27
coder,21016,11367,13163,123.65
coder,15701,9268,10839,91.82
coder,17813,8536,10257,90.58
coder,24369,12907,15933,151.18
coder,16408,2396,3753,33.18
designer,30407,2198,5753,43.36
coder,14975,4403,5588,56.03
designer,14461,1164,2361,20.45
designer,24231,4240,6613,61.21
feature_extractor,6008,9600,9983,97.96
feature_extractor,3857,11954,12514,115.36
designer,3668,11609,13099,126.40
coder,15818,10150,11395,100.53
feature_extractor,4909,13522,14050,136.84
coder,15237,8041,9528,85.54
designer,3768,9069,9971,103.59
feature_extractor,4095,23039,24184,226.80
feature_extractor,3667,10504,11331,114.65
profiler,4456,4629,4839,202.94
coder,15113,5371,6672,70.77
designer,33794,9775,13335,94.63
coder,16061,12589,16213,171.88
feature_extractor,6012,14693,15246,160.52
coder,12888,7676,9803,232.06
coder,15279,7187,8661,164.99
coder,13711,22562,25032,286.28
coder,12175,13965,15417,219.78
coder,14834,25238,27911,440.26
coder,14834,25979,28744,622.01
coder,12888,15231,17169,200.11
coder,16531,8533,9914,100.81
coder,16863,4432,8564,78.53
coder,12417,11538,14028,869.34
coder,15939,17538,21204,752.01
coder,13240,13132,16661,229.07
coder,17485,576,4099,27.47
coder,17045,7117,9541,100.45
coder,13240,16051,20584,322.51
coder,16695,8397,9929,128.08
coder,15365,13564,15421,173.70
coder,17475,28705,32182,297.83
coder,14784,12840,16950,167.60
coder,18340,8284,11294,118.07
coder,14829,13301,18269,152.51
coder,16191,10530,12033,133.73
coder,21721,10450,12961,137.66
coder,17924,24074,28701,247.69
coder,18611,5076,8645,80.76
coder,18344,12096,15030,148.66
coder,20956,11799,15988,159.27
profiler,4906,3357,3495,41.06
coder,15052,2920,5011,48.64
coder,17076,14316,17035,179.14
coder,22983,8735,13630,132.34
profiler,5586,4463,4670,61.40
coder,15070,9227,11093,120.10
coder,15660,5487,7025,74.19
profiler,9605,2688,2863,37.92
coder,17618,12320,15861,174.37
profiler,10442,2014,2181,32.73
coder,20532,4936,9553,81.16
coder,15910,5710,7397,82.47
coder,18141,3078,6645,58.44
coder,15729,10213,11538,136.24
coder,18642,14241,16886,175.86
coder,21222,2327,6517,50.81
coder,15951,3851,5765,61.68
coder,17627,4882,8309,72.85
profiler,6711,2371,2543,59.08
coder,17726,7201,10693,102.87
coder,15136,12997,14383,157.69
coder,17716,19798,22676,266.75
coder,20584,3379,8298,67.72
coder,16936,11819,15541,161.68
coder,15789,25427,27446,295.33
coder,15974,9114,11055,117.27
coder,23648,11099,15730,159.06
coder,19494,10346,13109,125.00
profiler,9147,2612,2782,39.50
coder,20956,3935,8188,77.58
coder,18634,6158,9059,103.54
coder,15228,7282,9220,105.67
profiler,10152,8167,8419,109.40
sketch,7153,6660,8770,89.95
sketch,7003,9393,11170,123.87
sketch,6092,11100,12948,141.55
feature_extractor,6847,8557,9514,101.86
feature_extractor,8136,12356,13016,156.46
profiler,4758,3484,3645,52.86
coder,21689,5319,9909,87.61
feature_extractor,7688,19937,20914,222.67
sketch,4938,8223,9140,88.81
sketch,5078,8156,8991,91.23
sketch,4746,14003,14862,129.04
designer,24263,2938,5149,49.96
feature_extractor,4557,3718,4119,46.06
feature_extractor,4773,4638,5066,54.27
feature_extractor,4857,4958,5368,60.19
feature_extractor,4812,12977,13885,146.02
designer,12335,6627,7553,83.17
feature_extractor,3522,5575,6014,68.23
profiler,9489,6827,7013,92.07
sketch,8019,2525,4834,40.43
coder,14496,8561,11913,182.88
coder,23663,22375,27023,261.54
sketch,7087,12395,14764,133.58
coder,16656,9881,13555,138.06
coder,21058,7107,11308,114.06
profiler,10341,1819,1985,69.59
coder,13859,14803,18386,222.85
profiler,5373,3738,3963,55.40
sketch,6958,37584,39748,293.25
coder,16605,9910,12527,146.48
coder,15790,7115,9047,90.77
feature_extractor,9207,6677,7324,85.29
coder,13303,7724,8789,126.38
feature_extractor,8012,9634,10337,115.96
coder,13412,11081,12275,135.44
coder,13556,11509,12874,146.34
feature_extractor,8332,13294,13996,150.26
designer,23531,1235,3157,29.85
coder,22510,9735,13914,122.79
coder,17451,13110,16478,161.32
coder,15937,10582,12482,114.70
feature_extractor,4523,14552,15221,179.68
coder,14876,8089,9641,111.77
coder,20020,5438,9239,87.51
coder,23570,24561,28911,340.22
coder,22286,5290,9500,82.39
profiler,7085,4723,4866,73.90
coder,20909,4060,7489,80.25
coder,16306,7365,9195,102.09
coder,17299,24826,27629,259.46
coder,13835,10720,13573,235.23
coder,23136,22989,27270,311.60
profiler,6552,3028,3232,93.98
coder,13567,12500,15419,165.00
coder,13567,14833,17687,220.89
coder,23443,7817,12167,114.86
coder,15417,8433,9600,125.42
coder,15726,10792,12554,149.19
coder,20464,7059,8451,97.89
coder,22404,4034,8348,79.22
profiler,9406,3928,4093,59.85
coder,17456,18199,20731,263.44
coder,17563,7505,10926,147.68
coder,18118,3821,7543,78.52
coder,20156,7170,12102,123.96
coder,17248,15501,17874,219.82
profiler,8271,5665,5857,76.60
profiler,7833,2813,2960,42.02
coder,18514,6542,9933,111.25
coder,19430,4519,5927,76.16
profiler,5233,5122,5273,81.88
coder,18785,5925,9453,89.23
sketch,5563,7215,8373,111.60
coder,18357,8193,10652,133.65
sketch,5120,13764,14661,174.06
sketch,5391,19134,20276,223.45
profiler,10746,3349,3530,57.74
feature_extractor,5469,10086,10654,138.21
feature_extractor,4965,12569,13025,177.33
coder,22915,7703,12517,131.96
feature_extractor,5652,13931,14521,187.68
designer,14237,6147,7376,76.78
feature_extractor,3887,12951,13697,171.34
coder,16441,9241,11097,127.69
coder,16441,14330,16092,186.08
coder,16956,14424,16197,215.80
profiler,9006,5620,5841,79.01
coder,21050,1788,6041,47.80
sketch,6426,5330,7449,78.64
sketch,7311,10448,12077,112.24
feature_extractor,7411,9288,9736,102.10
feature_extractor,7835,10182,10898,123.34
coder,17209,12941,14688,165.54
designer,18552,3328,5216,50.89
profiler,7436,1117,1311,17.83
coder,21563,5245,9807,83.87
feature_extractor,4596,9849,10574,114.02
sketch,4954,5494,6294,62.85
sketch,4737,7810,8508,83.27
sketch,4740,6666,7448,93.96
profiler,8355,3817,3957,48.57
feature_extractor,4688,2705,3109,34.47
feature_extractor,4473,4837,5250,55.05
profiler,9382,2790,2973,33.89
feature_extractor,4407,5254,5613,64.41
coder,13631,8824,12158,127.43
sketch,6464,13674,15485,129.14
coder,20725,15660,17357,203.86
coder,17548,10522,14072,126.56
sketch,6423,15850,17614,172.12
coder,14438,18835,22053,195.61
sketch,6503,18708,20478,180.80
coder,14438,17653,21085,235.96
designer,12046,10748,12009,107.99
feature_extractor,3808,4251,4669,49.70
feature_extractor,7129,11630,12359,133.26
feature_extractor,7020,11828,12435,136.62
feature_extractor,7137,12792,13481,145.05
coder,19698,6926,11104,112.69
coder,19121,5490,7262,68.57
designer,21503,2947,4757,34.76
coder,17900,4992,8265,79.04
feature_extractor,4435,11121,11701,131.95
coder,15450,6756,8741,87.05
coder,15450,7915,9254,125.11
coder,15752,18304,20007,256.94
coder,16431,4305,6216,61.06
coder,25718,13322,18127,160.82
coder,17295,8530,11590,95.59
coder,18602,4331,6292,69.99
coder,22798,5015,9191,87.54
profiler,9982,3177,3339,39.38
sketch,6926,7155,9248,92.45
coder,16284,3896,5408,53.98
sketch,6947,14852,17113,146.98
coder,15117,7276,10342,99.26
coder,12766,10337,13349,300.94
sketch,7041,41497,43585,304.29
coder,13460,19289,22226,301.56
coder,16463,8587,10349,110.09
profiler,3830,3234,3393,56.58
feature_extractor,7866,9322,10005,106.86
sketch,7821,16311,19201,134.53
feature_extractor,8105,11686,12802,121.74
feature_extractor,8040,13254,14222,147.43
profiler,9471,1650,1801,94.54
coder,19291,15657,17552,169.49
coder,18021,6816,9914,88.67
coder,17114,8646,11788,100.80
feature_extractor,9483,19471,20044,219.46
designer,24457,1126,3282,25.41
designer,31699,4918,7968,59.80
coder,16735,7795,9703,101.39
feature_extractor,4796,12601,13414,140.30
coder,18282,9275,11063,126.50
feature_extractor,5504,16989,17483,184.61
coder,16320,7906,9509,99.32
coder,18707,8698,10749,111.08
coder,14557,4250,8068,162.28
coder,14212,13017,16681,192.15
coder,15892,7813,12833,143.32
coder,14542,12116,16485,129.01
coder,14557,39253,42283,344.88
coder,14542,21966,26024,220.11
coder,17726,16107,17793,160.68
profiler,9252,1595,1762,33.80
profiler,8410,1502,1727,21.96
coder,18174,17353,20463,215.40
coder,18913,10339,13959,118.90
coder,18718,6113,8035,82.52
coder,18729,12711,16310,133.93
coder,17791,3271,6452,61.18
coder,18170,4397,5910,63.22
profiler,9236,4615,4810,56.55
profiler,7379,849,1027,13.02
coder,18229,11177,14292,130.30
profiler,10694,4947,5154,79.49
coder,19625,13994,18052,189.15
coder,18289,8241,11263,89.96
coder,18062,9761,11445,120.48
profiler,8364,737,909,10.70
coder,17559,2606,6251,51.47
sketch,6563,7547,9236,82.99
coder,21000,4600,8969,77.72
coder,18663,5752,7470,81.52
profiler,4145,3584,3752,56.03
sketch,5652,5159,6193,70.33
sketch,5350,6093,7018,82.13
sketch,6514,16551,17725,190.30
sketch,6681,22822,24673,191.81
coder,18535,8436,11539,129.11
coder,20917,7566,11647,130.58
sketch,5425,13853,14828,173.62
feature_extractor,6604,8793,9530,115.36
feature_extractor,7089,8940,9522,126.11
feature_extractor,7391,13329,14078,186.43
feature_extractor,5348,7275,7730,97.20
feature_extractor,5230,8930,9473,113.82
feature_extractor,5605,9913,10573,138.24
designer,14542,9126,10516,136.59
feature_extractor,4054,12760,13299,189.51
coder,14724,2561,2561,66.01
coder,21216,2508,6963,78.88
coder,16608,15531,17557,279.38
coder,12764,14498,17209,292.36
coder,14724,15346,17364,271.50
profiler,9568,2600,2772,52.07
coder,18718,6947,10059,143.52
coder,18182,4002,7093,90.27
designer,3696,5662,6690,109.12
designer,3656,4853,6313,100.44
coder,20983,6443,10567,130.68
designer,3817,8485,9733,156.52
designer,3585,12061,12061,186.64
designer,3631,10882,11527,187.97
designer,3585,4473,5125,82.81
feature_extractor,3705,8759,9322,154.22
feature_extractor,3321,5958,6378,99.38
feature_extractor,3258,3511,3859,58.51
feature_extractor,4104,12472,12983,209.13
feature_extractor,4062,18365,18857,298.03
coder,14895,9630,11493,204.70
coder,12290,5246,6454,114.22
coder,12290,7068,7997,100.36
coder,14895,12813,14654,282.61
coder,12290,10618,11947,211.98
coder,12692,11177,13004,158.38
coder,14895,17479,19313,234.38
coder,12444,11677,13830,250.43
coder,13154,15552,17466,257.01
coder,13154,16414,18340,362.16
coder,13919,11527,13621,223.44
coder,12399,14613,16827,210.81
coder,14588,17809,19674,294.72
coder,13413,24038,25829,321.72
coder,12744,20596,23250,325.38
profiler,8211,1786,2047,64.73
coder,14773,7101,9245,119.52
coder,16913,15977,17626,222.26
coder,20023,8240,12729,142.71
coder,17181,13742,16859,155.37
coder,14795,1857,3729,41.26
coder,17747,3358,5244,64.77
coder,18208,6245,7883,99.34
coder,14808,15718,17653,214.95
profiler,9596,1459,1616,25.52
coder,18267,7125,9145,122.05
coder,15379,15375,17377,231.62
coder,18479,6460,8136,91.76
coder,14965,7744,9898,119.58
profiler,4546,1112,1219,14.75
coder,17211,11184,14302,188.96
coder,18103,4566,6460,77.81
profiler,8193,2100,2310,30.06
coder,18186,9628,11255,144.56
coder,15978,11839,14482,168.16
coder,21379,4062,5803,69.25
profiler,11009,1865,2041,34.07
coder,19236,1112,5606,47.55
profiler,3978,4294,4466,61.94
coder,17611,3718,5694,68.61
profiler,7254,3429,3601,62.44
coder,16572,4565,6482,77.60
coder,15662,5771,7652,87.49
coder,15583,8636,10627,121.12
coder,16871,9159,10863,147.56
profiler,9556,3212,3381,57.15
sketch,7021,8532,10552,111.46
sketch,6906,8284,10188,117.03
sketch,7117,6184,8496,84.47
sketch,6605,6236,8381,96.10
coder,17653,10113,11766,152.77
coder,17849,2514,4488,51.20
sketch,7133,10872,13040,147.65
profiler,4654,4380,4514,109.50
feature_extractor,7902,11249,11987,161.35
feature_extractor,7677,12941,13889,170.73
coder,14332,3907,4957,66.46
feature_extractor,8221,10785,11410,143.96
coder,16436,7377,9006,117.33
coder,15990,9257,11330,132.16
feature_extractor,8111,12287,12700,169.19
designer,18868,6646,8791,95.44
feature_extractor,7638,14445,15525,187.12
coder,16299,10707,13085,161.61
designer,25124,2814,5076,40.51
feature_extractor,4845,12974,13749,178.37
coder,15589,5565,7492,78.41
feature_extractor,4801,12117,12997,163.50
coder,18230,6599,8310,111.24
profiler,10251,2639,2825,42.13
coder,16317,22993,25465,330.47
coder,13244,14561,17821,208.87
coder,14740,15181,18853,255.50
sketch,8409,7511,10190,103.09
coder,13634,16871,20061,320.07
coder,15198,10109,13477,150.20
sketch,7966,15613,18272,161.67
coder,14485,11265,15000,184.51
coder,13123,11000,14518,184.83
sketch,7598,16482,19300,184.70
profiler,3982,6469,6706,108.67
feature_extractor,9190,15783,16218,249.85
feature_extractor,9856,16929,17436,273.39
feature_extractor,9400,17940,18737,282.40
coder,15669,17539,19374,244.28
designer,30517,1068,3994,40.61
coder,16130,7302,9626,142.58
profiler,5194,5686,5897,128.30
coder,15410,8922,11214,163.52
coder,18131,10881,12445,191.99
profiler,7857,3969,4128,71.45
profiler,5236,2271,2448,42.99
feature_extractor,5397,14143,14586,240.09
coder,15823,1647,3591,43.32
coder,18851,7960,11122,132.68
coder,16158,6438,8576,120.93
sketch,4751,7344,7969,100.63
coder,17977,12876,15003,214.37
sketch,4858,6918,7635,112.33
sketch,4602,7170,7864,121.93
feature_extractor,4344,3845,4234,62.54
coder,16908,11874,13602,214.34
feature_extractor,4256,4105,4489,69.17
feature_extractor,4539,5607,6010,87.90
designer,7730,2319,3051,29.86
feature_extractor,3335,3121,3462,45.68
coder,17042,5631,9912,110.00
coder,16673,12158,15894,223.98
coder,14768,15973,20234,314.11
coder,10338,6542,7771,97.19
coder,11714,8234,9704,149.88
coder,10878,8843,10587,146.16
coder,18791,372,4095,31.60
coder,18026,9415,10955,132.61
profiler,7206,3191,3383,58.20
coder,12619,2844,4124,40.13
coder,17535,7409,9692,112.46
coder,21583,4858,9151,92.74
coder,16962,11297,13762,166.44
sketch,5385,8335,9309,130.17
sketch,5302,14245,15315,177.62
sketch,6304,12854,13997,180.36
coder,18158,4050,5824,73.08
profiler,10447,5079,5201,82.71
coder,20814,6447,9616,107.60
feature_extractor,5303,11043,11768,135.41
feature_extractor,6378,11280,11881,147.65
feature_extractor,5306,12070,12682,166.01
coder,18760,11476,15143,158.01
profiler,3921,2773,2990,42.79
sketch,5432,3505,4783,52.25
coder,17118,7174,9123,105.72
sketch,5492,7782,9012,102.30
designer,14303,7266,8370,109.85
sketch,5489,11156,12283,131.85
profiler,6235,3778,3980,61.11
coder,19151,15552,19321,207.01
feature_extractor,5618,7913,8390,105.50
feature_extractor,5671,9278,9852,114.21
feature_extractor,5563,9094,9495,121.17
feature_extractor,3788,11860,12409,160.36
coder,15159,8427,10414,116.04
coder,15931,19963,22225,293.87
coder,18701,13298,16461,179.13
sketch,5087,7220,8347,95.22
coder,16133,11585,14221,147.95
sketch,5072,8128,9217,106.77
coder,18790,13995,17837,202.62
feature_extractor,5087,4637,4994,62.36
coder,20000,11322,15677,190.91
designer,16047,10098,11374,89.17
feature_extractor,5132,6721,7109,92.81
feature_extractor,3877,10582,11133,146.10
designer,12189,7406,9024,93.42
feature_extractor,4121,3897,4298,49.56
coder,14007,6994,8613,157.01
coder,13006,6648,8233,111.86
coder,14007,11138,12684,115.08
coder,14458,15753,17382,183.04
coder,14458,17064,18995,292.83
coder,15361,21171,22713,280.85
coder,15763,12031,13888,150.44
coder,15763,12901,14466,203.25
coder,15763,17114,19187,174.82
coder,20204,4632,8272,74.36
profiler,7013,2025,2187,54.83
coder,14712,3403,4461,44.22
coder,17194,12188,13981,128.57
coder,21752,8738,13029,114.24
coder,20520,7099,9104,93.53
coder,21036,11667,13290,141.93
profiler,6308,1695,1851,27.75
coder,18264,11211,12982,131.09
coder,18222,10432,12331,107.11
coder,14339,1146,2692,22.22
coder,16866,7581,10097,85.95
coder,21177,11399,15155,124.10
profiler,7456,2159,2339,30.64
coder,17967,11876,13484,126.36
coder,21136,8826,12676,116.37
coder,16278,5839,7686,71.89
coder,16830,10136,12072,109.84
profiler,4664,1018,1174,14.85
coder,20097,10536,14901,149.39
profiler,10141,1962,2089,22.53
coder,18755,4375,6248,56.46
profiler,3677,1457,1664,17.89
coder,16172,4249,6146,61.21
profiler,4055,2518,2642,31.61
coder,16196,9778,12312,117.53
coder,18593,10808,13860,122.89
coder,19309,10350,12438,100.29
coder,19663,20831,24863,189.57
profiler,4463,3627,3769,46.16
profiler,4493,5691,5876,75.48
coder,18470,18206,20002,188.23
coder,21816,6638,10429,82.14
coder,15888,8799,10871,100.05
coder,18363,10729,12415,120.93
profiler,10078,3398,3646,39.89
coder,18416,12072,13619,130.53
profiler,3699,1833,1953,23.31
coder,20418,10559,14915,130.05
profiler,4020,715,851,10.86
coder,16561,7486,9920,97.63
coder,18252,14168,16112,159.38
profiler,5705,2809,2985,31.45
profiler,6278,992,1019,13.43
sketch,5069,5409,6047,56.52
sketch,5000,8364,9018,82.34
sketch,4610,10385,11039,95.09
coder,18450,9530,12135,111.72
coder,19841,10032,14151,136.43
feature_extractor,4624,3492,3906,38.07
feature_extractor,4233,4079,4482,46.25
feature_extractor,4673,5454,5884,59.95
profiler,9053,7334,7484,87.56
coder,18602,3492,5199,47.75
profiler,8802,3957,4143,45.38
profiler,3638,4577,4762,61.03
sketch,6712,6606,8783,70.94
designer,7906,2514,3251,26.40
sketch,6797,11971,13717,130.12
sketch,6707,16624,18293,139.92
sketch,7140,12193,14170,116.92
sketch,7181,13108,15379,120.43
feature_extractor,3342,3972,4356,44.98
sketch,5183,8443,9551,87.14
sketch,5205,9705,10405,100.80
sketch,6876,23866,25783,192.79
coder,19563,7566,11405,107.58
coder,17199,8975,12918,118.59
sketch,5148,11429,12385,111.18
profiler,6385,3025,3158,36.76
feature_extractor,5245,5566,5997,68.04
feature_extractor,4855,8396,8963,98.94
feature_extractor,8255,14384,15220,159.64
feature_extractor,7757,15292,16184,170.27
feature_extractor,7669,11982,12704,129.74
feature_extractor,8001,15911,16763,180.10
feature_extractor,7263,13822,14608,152.25
feature_extractor,7435,14210,15120,156.20
feature_extractor,5075,13722,14184,154.80
sketch,5521,21719,22932,175.77
coder,18379,10816,12425,137.80
sketch,5336,27639,28863,207.71
sketch,5194,27810,28946,212.61
feature_extractor,5248,6349,6982,67.01
feature_extractor,5647,9024,9777,101.59
feature_extractor,5453,9749,10422,116.39
coder,12389,5372,6419,64.06
profiler,8300,6769,6942,92.52
coder,12324,7730,8893,172.48
coder,19925,7888,9115,245.97
coder,20216,4324,8667,74.48
sketch,5704,5605,6737,69.23
sketch,5572,6462,7317,79.82
designer,25606,6197,8326,77.61
sketch,5189,10275,11279,119.80
designer,15046,5868,6841,52.31
feature_extractor,5382,8645,9172,102.25
feature_extractor,5769,9552,10010,105.26
coder,17478,6495,9296,93.07
designer,9837,3140,4493,36.81
designer,23211,27531,29642,190.66
feature_extractor,5129,11991,12489,130.31
feature_extractor,4666,12765,13587,142.27
coder,18702,12895,14774,164.06
feature_extractor,3638,13327,13719,146.42
feature_extractor,3997,5439,6056,61.35
coder,19527,10033,14202,123.32
feature_extractor,4817,11444,12210,131.01
designer,15217,3137,4182,41.78
feature_extractor,3736,10299,10849,117.43
coder,15613,8304,10213,172.24
coder,14475,6069,7874,326.85
coder,14475,7114,8862,202.91
coder,14606,13327,15208,296.19
coder,14475,10719,12618,114.38
coder,15613,17302,18910,181.72
coder,17108,10703,14070,212.38
coder,14083,6263,9929,124.02
coder,14045,11771,15548,164.95
coder,13228,13383,17081,241.23
coder,16241,20889,24262,284.00
coder,16738,17257,20925,195.77
coder,12654,10477,12113,142.29
profiler,4645,2739,2920,37.34
coder,16176,14424,16147,161.43
coder,16290,15489,17166,211.36
sketch,5529,3828,5121,47.76
sketch,5480,9859,10614,104.82
coder,18217,12448,14262,133.86
coder,16505,6482,8338,73.57
coder,17531,4524,9170,77.90
sketch,6157,23951,25385,207.38
coder,19904,10259,14495,141.94
feature_extractor,5170,2835,3300,33.00
coder,17343,2814,4578,44.18
coder,17615,3915,7639,62.04
feature_extractor,5752,12128,12845,131.08
feature_extractor,6532,14472,15157,158.50
coder,17901,10708,12434,126.54
profiler,5238,3718,3908,58.07
coder,15218,2164,3440,32.63
coder,18059,14748,16432,179.02
coder,21692,7374,11734,105.89
coder,15652,4768,6529,54.64
designer,16035,6153,7597,73.30
coder,21944,10633,14579,121.86
sketch,6173,12344,13392,115.43
sketch,6005,12830,13948,126.96
coder,17031,7194,9007,89.23
feature_extractor,4086,11106,11692,123.43
feature_extractor,6166,7293,7780,82.43
coder,14828,2643,3683,38.69
feature_extractor,6054,18335,18832,188.39
coder,15746,11762,13867,127.24
coder,12908,10810,13105,123.36
coder,12640,17033,19179,183.14
designer,17376,6048,7452,65.50
profiler,9421,7975,8110,85.22
coder,20415,7231,10740,100.45
coder,20324,7221,10597,105.55
coder,17931,3927,5639,59.63
feature_extractor,4161,13929,14452,158.58
coder,15245,1846,3186,29.70
profiler,5098,7687,7928,101.51
coder,13791,11676,13670,155.20
coder,18797,5848,9404,86.70
coder,12230,13092,15980,164.46
profiler,8076,2004,2170,26.59
coder,15752,20187,22469,263.10
coder,18103,12821,14515,127.78
profiler,3684,2542,2713,31.73
profiler,9901,6035,6195,67.74
coder,22417,7527,12200,115.82
coder,15735,7692,10402,104.33
coder,22284,4243,8504,72.69
profiler,5159,2160,2327,31.10
profiler,5486,1474,1598,21.45
coder,18758,14750,16530,181.42
coder,17341,5482,7361,66.06
profiler,9747,2935,3150,35.43
coder,18445,10624,14022,145.15
profiler,6465,2047,2218,27.58
coder,18904,3393,5115,53.66
profiler,6590,1064,1173,15.18
coder,18170,8939,10579,110.87
coder,17169,16569,18879,181.10
profiler,7033,4039,4258,47.68
profiler,9910,2669,2854,35.40
coder,16013,3354,5724,49.97
coder,15530,5653,7688,61.78
coder,17428,10520,12454,129.58
coder,18484,14238,17677,184.86
profiler,4221,1648,1825,43.83
coder,17806,18141,21924,238.94
coder,18532,7629,9890,83.89
coder,19970,12002,15514,144.74
coder,16547,9346,11472,107.76
coder,17468,3004,4971,62.88
coder,18439,4268,7749,80.83
profiler,3938,1887,2030,25.03
profiler,11006,6066,6245,78.97
profiler,6874,4188,4409,49.70
coder,15671,12845,14699,173.05
sketch,4602,2851,3470,29.70
sketch,4875,4302,4857,47.54
coder,21643,11615,15861,125.43
sketch,4591,8845,9492,87.08
sketch,5322,16250,17105,138.16
feature_extractor,4208,4404,4796,49.28
feature_extractor,4395,5390,5816,60.20
feature_extractor,4189,5581,5956,63.90
sketch,5191,23512,24312,192.28
sketch,5445,22871,24664,203.97
coder,21182,6375,10237,98.38
feature_extractor,5175,5358,5741,64.06
coder,15691,10916,13224,124.70
designer,7633,2115,2821,25.02
feature_extractor,6094,8801,9186,97.43
feature_extractor,3311,3083,3458,34.36
feature_extractor,4958,13777,14198,152.92
profiler,7840,6471,6667,79.37
coder,16205,12595,14856,129.15
coder,19652,678,4172,29.21
coder,17762,1460,5026,37.64
coder,18415,9263,11347,92.03
coder,15490,4324,6637,54.19
coder,17503,13679,15676,171.60
coder,21662,10052,14398,135.15
designer,16445,10693,11724,95.76
coder,18146,9719,11318,109.63
feature_extractor,3716,10498,10927,118.04
coder,23682,10308,14148,150.42
coder,19356,11247,13908,202.87
coder,12342,3883,5258,165.53
coder,12342,4409,5699,104.69
coder,16542,14293,16255,174.08
profiler,6226,10764,10960,127.97
coder,12342,21131,22374,198.66
coder,12255,8140,10116,113.35
coder,12029,9248,11317,105.01
coder,12029,9589,11921,143.16
sketch,5383,7312,8224,83.37
sketch,5322,8505,9289,96.21
sketch,5170,10840,12045,121.24
feature_extractor,5262,3048,3462,40.16
feature_extractor,5297,3972,4305,49.11
feature_extractor,5075,6862,7302,80.91
coder,16397,10435,12902,131.01
profiler,9458,1877,2099,23.50
designer,12690,6219,7565,69.90
feature_extractor,3905,5601,6046,63.03
sketch,7005,13808,15941,128.32
sketch,6908,12622,14470,132.79
profiler,4361,1219,1415,16.99
coder,15194,5584,7555,69.80
sketch,6913,18542,20675,172.67
sketch,5722,5986,7038,62.36
profiler,6829,4290,4417,57.99
profiler,8673,2882,3022,33.79
sketch,5685,10603,11789,97.69
profiler,10166,1634,1796,24.44
sketch,5866,13187,14651,124.99
sketch,5348,5920,6968,57.33
sketch,5415,5419,6343,58.05
sketch,5582,8333,8333,70.97
feature_extractor,7680,11670,12585,125.61
feature_extractor,7866,12050,12955,130.98
coder,18938,7586,9415,100.97
feature_extractor,6275,6751,7271,76.64
feature_extractor,5812,8529,9006,101.44
feature_extractor,8003,19983,20878,199.45
sketch,5582,8065,9204,79.46
feature_extractor,5714,14682,15369,160.33
feature_extractor,5305,4212,4855,48.29
feature_extractor,5646,7367,8023,81.46
feature_extractor,5298,9046,9644,99.08
designer,24100,1295,3505,29.87
coder,15859,8870,10782,110.09
coder,14853,10788,13071,187.84
designer,16578,4223,5857,54.72
designer,10037,3862,5177,39.84
coder,13620,9869,12181,175.37
feature_extractor,3988,6851,7478,77.70
feature_extractor,4755,12839,13544,152.54
feature_extractor,4241,7476,7952,87.82
profiler,9911,3533,3758,47.59
sketch,7798,4161,6631,56.63
sketch,8042,11802,14781,120.82
sketch,7622,15614,18358,135.46
feature_extractor,9796,4776,5381,59.33
feature_extractor,9152,10449,10913,124.94
feature_extractor,9141,11124,11705,130.43
coder,17007,7219,9321,137.87
coder,17384,9261,11235,111.39
coder,16168,7466,10024,165.98
coder,14019,14684,16299,253.22
coder,15823,11343,13874,128.34
coder,18442,15202,18045,191.09
profiler,6919,3552,3751,39.34
designer,30608,11845,14726,123.18
coder,14715,9843,12972,115.03
coder,14253,11232,15200,161.46
coder,14264,15425,19083,175.25
profiler,4899,4052,4253,54.24
coder,20404,2502,4437,40.87
coder,20936,12675,14524,149.52
coder,18378,10855,12812,134.21
feature_extractor,5343,16786,17311,174.88
profiler,10437,1720,1907,21.97
coder,16346,12547,14934,134.31
sketch,7303,7175,9240,80.73
sketch,7186,7009,8986,93.74
coder,18312,3146,5419,52.17
sketch,7440,16742,18507,154.79
coder,14750,11591,15924,171.72
coder,14000,16178,20640,165.58
coder,14369,16376,20688,212.90
feature_extractor,8214,12629,13601,134.36
feature_extractor,8115,14917,15848,152.66
feature_extractor,8027,14535,15280,162.27
coder,18381,23320,26511,208.34
designer,24446,15673,17580,125.05
feature_extractor,4605,13290,14119,144.44
coder,13272,2397,5882,58.90
coder,15598,17360,20472,227.22
coder,14370,15525,19032,249.63
profiler,5435,1875,2127,29.62
coder,15019,5185,6960,66.86
profiler,4564,5376,5596,65.11
coder,14739,3363,4681,36.61
coder,18793,5215,7549,66.88
coder,18947,10253,12525,107.07
coder,20003,4461,7896,46.85
coder,20097,2021,6405,34.81
coder,19846,2820,6574,36.55
coder,15535,3908,5839,42.68
profiler,7222,4653,4820,329.43
coder,20140,2317,5075,33.47
coder,18366,2107,5248,33.85
coder,14616,4075,5432,45.69
coder,21085,3619,8105,50.18
coder,15695,5343,7325,53.77
coder,17454,10980,12999,97.64
profiler,8126,2005,2182,21.78
profiler,3972,3113,3274,31.64
coder,14996,7736,9811,80.03
coder,16277,5782,8187,64.31
sketch,5484,6443,7489,58.45
sketch,5709,8478,9453,68.59
coder,16525,13741,16073,131.39
coder,18772,2914,6026,43.53
coder,18455,5227,10005,66.44
sketch,5349,21908,22944,157.00
feature_extractor,5297,10579,11107,95.78
feature_extractor,5609,10751,11438,100.00
feature_extractor,5463,13943,14444,124.17
coder,15467,5573,7647,66.30
coder,19232,13017,15318,118.22
profiler,10161,2800,2932,28.27
coder,18891,6810,10065,81.43
profiler,8173,4131,4316,40.59
profiler,7161,2429,2540,27.84
coder,16932,3164,4876,40.94
profiler,4689,8511,8760,84.78
sketch,4768,4146,4869,31.81
sketch,4891,8255,8946,64.42
sketch,4915,8549,9185,70.32
feature_extractor,4514,3710,4161,34.69
feature_extractor,4441,4223,4613,40.24
feature_extractor,4526,5599,6020,50.93
designer,7824,3937,4720,40.54
feature_extractor,3385,3557,3932,34.13
profiler,5280,3555,3729,52.91
coder,15392,5224,7198,56.89
profiler,9404,2549,2745,27.74
coder,17333,9422,11496,100.82
coder,12747,4215,5528,62.05
coder,12747,4862,5876,48.59
coder,12747,6332,7433,92.98
profiler,10322,5003,5210,57.81
profiler,6321,2328,2534,25.51
sketch,5580,3384,4437,35.98
sketch,5538,4361,5492,39.63
profiler,6053,1811,1963,19.03
profiler,5994,6026,6226,66.43
sketch,6123,7696,8847,69.24
sketch,5259,14943,16200,121.40
sketch,6062,9811,11108,80.72
sketch,6277,10682,11868,90.27
coder,18281,8402,10763,93.48
feature_extractor,5465,6778,7447,62.74
feature_extractor,5586,8410,9050,77.28
feature_extractor,6364,9812,10358,90.36
feature_extractor,5548,12188,12850,107.99
feature_extractor,6289,10843,11357,99.05
feature_extractor,6172,12624,13198,113.51
coder,16484,25216,27650,225.88
profiler,9876,4014,4142,41.23
designer,17321,7123,8362,48.06
designer,9905,10001,11235,91.11
feature_extractor,3849,10835,11498,96.07
feature_extractor,3904,11031,11693,97.37
coder,20901,8349,9957,74.15
profiler,9145,2319,2495,25.34
sketch,7176,7470,9413,62.90
sketch,6689,14909,17031,122.20
sketch,6929,16997,18983,135.68
coder,13539,8871,11097,127.93
coder,13718,8341,9944,74.27
coder,12748,10686,12748,123.80
coder,13295,9941,11549,121.42
profiler,10490,4694,4910,50.67
feature_extractor,7799,14551,15217,132.66
coder,13616,15123,17115,132.53
feature_extractor,7620,15624,16592,139.87
feature_extractor,8005,16331,17338,149.02
coder,13519,17884,19540,157.50
coder,15897,9400,11796,89.25
designer,24977,2887,4988,30.11
feature_extractor,4702,13085,13901,118.23
coder,16765,13999,16349,130.53
profiler,5358,1990,2168,22.73
profiler,4616,1604,1814,16.75
sketch,5469,7681,8737,67.37
sketch,5620,10391,11440,80.97
sketch,5547,14362,15548,118.10
profiler,9929,7567,7742,74.44
coder,15752,6668,8755,65.55
coder,18389,6141,9138,59.84
feature_extractor,5620,7229,7717,70.41
feature_extractor,5477,9647,10244,87.14
feature_extractor,5633,10521,11005,96.02
coder,16804,9586,13286,97.01
coder,14463,13064,16735,140.11
coder,19683,19956,21726,211.45
designer,15862,8053,9226,69.72
coder,14655,20352,24337,216.14
coder,17966,14880,17053,160.60
profiler,10899,3192,3357,41.37
coder,16792,3307,5100,43.10
coder,17237,4016,6246,55.51
feature_extractor,3809,13118,13763,139.56
sketch,7837,20744,23198,160.20
sketch,8205,19430,21773,165.89
sketch,7928,29649,32385,211.82
coder,12199,6882,8502,68.56
feature_extractor,9164,8465,8858,84.14
coder,12467,14398,16424,121.43
coder,12122,16954,18625,152.52
feature_extractor,9549,13255,13724,126.44
feature_extractor,9527,15061,15777,135.47
profiler,5282,1738,1905,17.45
coder,21197,3613,7220,50.65
designer,30748,1255,4352,27.68
feature_extractor,5627,8827,9406,88.58
profiler,4616,3470,3613,39.20
coder,14402,7639,9706,81.73
coder,15931,10953,12598,112.66
sketch,6137,6057,7309,71.21
sketch,6134,9167,10449,97.37
coder,14533,3162,4859,41.37
sketch,6403,18791,19914,141.80
feature_extractor,6453,10792,11375,118.04
feature_extractor,6339,13394,13921,128.45
feature_extractor,6323,15355,15844,145.79
coder,19240,14953,16649,160.69
profiler,6208,1616,1801,73.58
profiler,9039,8070,8233,84.12
coder,14765,4351,6361,52.66
profiler,4349,2829,2994,30.59
coder,15513,8323,12303,93.69
designer,18066,7923,9221,76.81
coder,15513,8948,13037,194.60
coder,16790,9990,12252,120.14
coder,15513,12512,17218,177.19
sketch,4849,6099,6695,49.30
sketch,4655,6388,6945,56.64
sketch,4559,10487,11169,96.38
sketch,6849,14497,16335,127.06
feature_extractor,4103,8424,8948,85.75
sketch,6642,17137,19165,140.50
feature_extractor,4408,2985,3371,30.86
feature_extractor,4172,3774,4149,37.97
sketch,6780,23897,25581,173.86
feature_extractor,4196,5283,5677,52.19
feature_extractor,7535,9534,10135,94.21
feature_extractor,7319,11916,12531,120.97
feature_extractor,7568,15192,16147,146.72
coder,15125,9072,10782,81.17
designer,7518,3019,3950,32.74
coder,17328,11609,13817,123.08
feature_extractor,3506,6164,6579,57.38
profiler,9614,4006,4170,38.08
coder,13039,16866,19034,286.97
coder,13455,18333,20546,232.26
designer,23122,13020,15251,135.12
profiler,4171,5808,6017,105.91
coder,20609,478,4463,22.76
coder,16217,2608,4657,34.26
coder,16074,37015,39445,301.48
coder,14851,3459,5163,39.57
feature_extractor,4911,16212,17084,142.38
coder,16859,5175,7518,61.32
profiler,6477,2986,3164,27.66
coder,18225,4406,6698,52.16
coder,16815,4837,7141,52.85
coder,20518,10408,14514,98.28
coder,15444,7481,9196,66.40
coder,13806,9853,10899,233.70
coder,15486,9582,11304,80.02
coder,15142,9407,11398,172.41
profiler,9585,5900,6124,56.08
coder,15904,13021,15793,124.20
coder,19394,9745,13700,84.84
coder,18929,7222,9701,64.79
coder,17301,10232,11879,91.59
coder,13459,28561,31559,233.62
coder,14902,32357,35648,263.04
profiler,4271,2793,3013,48.04
coder,17314,2624,4419,33.30
coder,15409,6327,8611,68.14
profiler,7212,7424,7671,72.58
coder,20418,3314,5638,44.28
coder,18192,6514,9069,68.53
coder,20329,10973,13434,107.84
profiler,3795,2951,3089,30.03
profiler,10418,5561,5754,55.53
profiler,7843,2207,2404,53.76
coder,20407,10283,14247,110.96
coder,15852,2217,4250,32.11
coder,16269,13624,15581,140.98
coder,17855,17572,20734,166.36
coder,15397,2871,3961,32.12
profiler,9901,2003,2179,24.30
coder,21055,23566,27347,217.81
sketch,7131,7920,9853,76.69
coder,18053,15294,18466,166.41
sketch,7158,14950,16897,123.46
sketch,7441,18448,20799,128.07
feature_extractor,7959,11265,12210,105.19
feature_extractor,8000,14255,15000,135.49
feature_extractor,8557,14217,15097,136.87
profiler,5104,2566,2780,27.96
profiler,6270,4763,4911,53.01
profiler,5927,6078,6284,79.46
coder,17459,17964,19989,197.94
coder,17315,7667,9964,78.21
coder,21025,16708,20731,178.24
coder,16475,13058,15487,147.85
designer,26162,6648,9039,69.56
profiler,7340,4941,5133,55.22
coder,19374,14954,17700,151.01
feature_extractor,4909,18323,19175,200.37
sketch,5417,12729,13699,115.92
sketch,5445,14836,16028,118.99
sketch,5318,16437,17601,125.91
feature_extractor,5299,4456,5086,51.31
feature_extractor,5441,6463,7155,71.36
feature_extractor,5540,7352,8058,78.88
coder,14522,1370,3455,26.67
coder,17601,6624,9128,88.76
coder,21418,6215,8385,69.67
designer,9621,5091,6283,58.10
coder,19849,15937,19863,199.45
feature_extractor,3841,11578,12220,128.85
designer,28425,7644,10069,81.57
profiler,5100,2136,2317,25.24
coder,18438,12870,17286,177.30
profiler,6565,3247,3417,33.57
sketch,5306,6082,7117,60.30
sketch,5285,9081,10147,85.61
coder,16593,9858,12334,127.07
feature_extractor,4958,10978,11857,123.46
sketch,5293,18263,19314,147.09
coder,15126,10556,12203,126.35
coder,13887,11742,13713,142.43
feature_extractor,5290,5730,6117,70.17
feature_extractor,5273,8827,9370,96.02
feature_extractor,5290,9701,10170,108.63
coder,16700,23102,24926,222.52
designer,14955,220,1300,9.19
sketch,5162,8477,9404,86.32
sketch,5146,11284,12427,99.21
feature_extractor,3720,6865,7294,70.74
feature_extractor,5040,3272,3644,35.58
feature_extractor,5191,4076,4507,42.13
coder,16021,11132,14811,123.53
coder,18776,16980,20409,207.83
coder,19509,3467,5736,48.78
coder,16987,14857,18536,174.05
coder,13969,16228,19670,218.06
coder,16412,3742,5495,47.21
coder,19053,14937,17474,156.97
profiler,9746,2599,2790,47.49
profiler,6641,941,1112,13.30
coder,13091,7461,9225,80.74
profiler,5481,2996,3130,38.09
coder,20150,4344,8396,70.68
sketch,5506,7078,7756,74.41
coder,20442,4745,7280,70.12
sketch,4637,10011,10622,88.30
coder,13606,11960,13690,173.57
coder,16921,2501,4170,36.73
sketch,5203,9323,9940,96.75
sketch,5665,6677,7834,69.21
feature_extractor,4213,4938,5325,54.83
sketch,5676,12548,13620,110.15
feature_extractor,4780,5592,6010,62.36
feature_extractor,5147,6267,6685,70.79
sketch,5785,14472,15705,127.40
coder,14242,22757,24429,245.99
coder,21631,9188,12790,111.83
feature_extractor,5751,10260,10922,106.10
designer,8436,1325,2037,16.67
feature_extractor,5944,12765,13268,137.76
feature_extractor,5748,14583,15278,164.47
feature_extractor,3318,4328,4737,50.53
coder,15838,4047,5909,54.25
coder,17303,11187,13504,124.87
designer,17280,8752,10054,82.53
coder,20474,9476,13281,106.06
coder,20044,23822,27167,314.38
feature_extractor,3922,6403,6872,72.87
coder,20207,14295,17535,159.78
coder,16809,2702,5299,43.59
coder,16790,5434,6672,68.47
coder,16790,8160,9257,155.27
coder,12438,8740,9767,123.44
profiler,5172,3277,3445,34.51
coder,13213,5777,7989,136.16
profiler,10690,7556,7749,97.04
coder,12445,8299,10247,127.55
coder,12445,8766,11057,107.53
coder,19761,9448,13045,130.32
coder,14676,2084,3236,31.81
profiler,5113,1335,1515,16.66
coder,21268,3153,6618,58.85
profiler,8826,3508,3746,52.29
coder,17577,17335,20923,151.50
coder,19267,4681,5779,75.57
profiler,9101,8621,8800,143.41
profiler,5909,5258,5432,79.65
profiler,6345,5257,5417,82.62
coder,18013,7043,9489,120.87
sketch,7253,9917,12528,124.52
sketch,8131,11663,14494,136.18
coder,20803,11035,14433,152.51
sketch,7469,21260,23574,194.88
coder,18629,4841,8267,86.32
feature_extractor,8726,5707,6164,72.08
feature_extractor,9812,9477,9918,118.66
feature_extractor,8648,16097,16852,190.66
profiler,6055,4503,4653,61.61
profiler,4314,2485,2648,56.98
coder,16819,3156,4890,50.56
coder,20532,9883,13297,135.47
coder,18539,7081,9581,102.80
coder,15874,8504,10752,117.86
profiler,5115,4419,4624,53.66
sketch,5365,5215,6427,60.30
coder,19458,15828,19692,233.44
sketch,5422,12528,13887,119.04
sketch,5294,15734,17020,152.01
coder,20518,17690,21069,227.33
feature_extractor,5492,7064,7659,93.32
profiler,5234,5616,5813,86.97
feature_extractor,5683,9419,10077,120.40
feature_extractor,5487,10507,11174,135.12
coder,20612,6516,9939,108.17
coder,16287,15838,18475,212.97
designer,9549,11736,13079,105.34
profiler,4043,1450,1645,22.01
feature_extractor,4007,10838,11530,115.48
profiler,5967,3049,3245,37.75
sketch,5302,5146,6220,53.59
sketch,5305,8366,9308,96.52
coder,19566,8962,12456,107.80
sketch,5433,11507,12629,107.45
feature_extractor,5292,7836,8205,87.42
feature_extractor,5203,10383,10758,118.66
feature_extractor,5509,14861,15608,157.54
profiler,9411,5214,5391,69.65
profiler,3128,2933,3101,34.53
coder,19041,8126,11791,110.64
coder,17489,6435,9089,82.17
coder,22368,3585,6960,53.50
designer,15701,7144,8272,63.38
coder,14485,11270,12983,117.07
coder,14325,13735,15426,178.81
coder,14485,21169,22979,305.22
feature_extractor,3733,14402,14844,156.09
profiler,6873,5527,5692,57.08
coder,17731,3759,7434,59.81
sketch,5815,5813,7124,63.44
sketch,5548,7639,8852,75.30
sketch,6045,13173,14513,131.78
sketch,6063,15757,17255,153.39
sketch,5843,13004,14215,118.20
profiler,4485,9152,9355,108.82
coder,16546,3562,5963,86.97
feature_extractor,6016,8317,8916,85.31
feature_extractor,5984,7861,8554,95.00
feature_extractor,6329,8244,8861,102.17
feature_extractor,5660,9424,9970,106.43
coder,12662,9637,11478,105.93
feature_extractor,6420,10695,11207,131.70
sketch,4690,8458,9090,81.74
sketch,4643,8643,9254,82.26
sketch,4598,11863,12570,107.24
coder,13518,16413,18576,203.10
feature_extractor,4234,3407,3801,40.66
feature_extractor,4290,4366,4763,64.90
feature_extractor,4301,5444,5837,64.84
designer,16630,5229,6776,47.76
coder,19447,3874,7384,61.18
designer,7996,3349,3983,34.24
feature_extractor,3256,2142,2524,23.26
profiler,10503,3974,4151,47.87
designer,17932,13573,15391,135.09
feature_extractor,4151,11403,12161,117.96
coder,15976,1077,3234,24.54
feature_extractor,4591,11960,12854,133.28
coder,17356,5765,8204,183.71
coder,12790,6809,7829,128.82
coder,14102,8231,10259,161.04
coder,12660,9895,12939,244.83
coder,12790,12323,13723,231.92
coder,12790,14194,15348,158.04
coder,13922,19533,21790,211.72
coder,12660,19285,21855,296.90
coder,14619,24481,27116,294.89
profiler,7750,3642,3771,43.00
coder,17192,6878,8612,76.53
coder,18431,3572,5302,49.67
coder,18120,1333,4524,35.39
coder,18712,4012,6436,51.98
coder,14709,4893,5967,62.35
profiler,10003,3920,4137,54.63
coder,16453,3498,5283,47.26
sketch,6922,7692,9652,77.83
sketch,6986,9052,10901,98.67
sketch,7163,10752,12817,118.35
coder,17056,12135,14691,136.81
feature_extractor,8120,10491,11276,114.54
feature_extractor,7774,13808,14785,146.80
feature_extractor,7736,15400,16443,152.75
designer,23996,21732,24158,229.91
feature_extractor,5030,17928,18848,197.34
profiler,8164,4154,4372,56.45
coder,18792,4873,6969,58.89
sketch,7103,6560,8631,80.94
coder,17599,9512,12236,126.46
sketch,6234,18155,19977,164.75
coder,18449,4526,6223,57.98
profiler,6422,7442,7608,100.71
sketch,7060,25547,27640,218.56
profiler,6870,3723,3878,51.25
coder,14791,11046,14200,161.33
profiler,5564,2803,2960,39.64
coder,14908,1531,2632,24.41
feature_extractor,8015,17316,18150,191.41
feature_extractor,6900,13047,13922,744.39
coder,15427,12807,15699,877.06
feature_extractor,8006,15265,16000,766.24
coder,14410,15801,19035,921.87
coder,18576,9796,12912,131.86
designer,24467,4404,6650,49.74
feature_extractor,4913,16102,16963,183.94
profiler,7995,2307,2466,26.53
profiler,4485,892,1138,13.28
sketch,5360,7804,9026,72.68
sketch,5318,10587,11678,95.02
coder,17888,20010,22329,229.93
sketch,5351,13156,14351,146.58
coder,18245,7811,10132,94.57
profiler,3833,4681,4855,49.92
feature_extractor,5470,6668,7357,70.59
feature_extractor,5337,7681,8397,79.45
profiler,4483,966,1093,11.73
feature_extractor,5457,7799,8460,83.35
profiler,5177,3470,3602,42.74
coder,17939,8555,11436,105.53
designer,9693,4338,5833,55.01
coder,15976,9417,13123,115.32
coder,15976,10107,13835,243.23
profiler,4317,2900,3120,34.82
sketch,5822,1851,3115,22.26
feature_extractor,4120,9321,9974,103.48
profiler,3763,1866,2046,24.29
sketch,5990,9747,11028,92.62
coder,14051,22236,25495,294.41
profiler,4423,1424,1583,18.54
sketch,5628,19857,20970,165.66
sketch,4632,5901,6602,59.81
profiler,6578,3533,3693,67.88
sketch,4936,12144,12746,106.73
sketch,4687,15460,16108,132.10
coder,21450,7563,11121,83.75
feature_extractor,5682,8323,8775,90.36
coder,19215,4074,7305,66.35
coder,17396,23194,25946,249.21
feature_extractor,4504,1936,2321,24.27
feature_extractor,6204,11089,11868,117.60
feature_extractor,4273,5039,5412,57.73
feature_extractor,5977,13304,14001,139.06
feature_extractor,4291,6231,6622,68.26
coder,16855,27179,29563,268.42
coder,13944,9730,11453,178.37
designer,7399,2028,2773,20.41
designer,17060,2309,3817,28.61
coder,16416,14011,15859,193.80
feature_extractor,3331,4648,5053,50.45
coder,20852,3242,6875,53.38
feature_extractor,4091,9738,10210,105.00
coder,16979,25980,27830,248.76
profiler,4138,4368,4537,57.37
sketch,5343,3794,4831,45.32
sketch,5648,3671,4638,47.01
coder,17277,15520,18228,181.92
sketch,5269,12132,13198,116.09
coder,18828,11595,14111,141.63
feature_extractor,5568,10082,10694,103.02
feature_extractor,5338,10062,10532,107.36
feature_extractor,5283,10816,11208,115.21
coder,12363,3265,4467,91.50
coder,12363,6412,7530,89.22
coder,12363,6837,7975,71.22
designer,14455,2978,4045,33.90
feature_extractor,3714,8368,8905,86.56
coder,15159,9057,11040,103.02
coder,14781,9376,11635,145.05
coder,14574,14890,17003,161.92
coder,14768,11859,13563,150.33
coder,15821,11951,13564,124.14
coder,16904,11739,13418,143.94
coder,14473,4359,5600,49.15
coder,16839,1184,2892,23.19
coder,15605,6176,8210,75.11
profiler,5284,2379,2585,27.57
coder,17437,10774,14350,144.08
profiler,7923,1787,1912,38.94
sketch,6785,5936,7896,75.25
sketch,6686,7945,10059,79.86
profiler,7968,2113,2280,28.60
sketch,6797,13139,15349,118.20
coder,18874,3363,6948,56.20
coder,17484,4703,6584,58.03
coder,17813,13121,15922,155.60
feature_extractor,7644,13642,14351,144.76
feature_extractor,7867,14297,15267,156.95
feature_extractor,7644,14193,14668,164.94
designer,25086,7358,9594,82.24
coder,17909,11664,13432,119.25
coder,17103,11787,14478,130.15
feature_extractor,4801,9816,10860,103.29
coder,15742,16983,19990,175.84
coder,15486,17254,20676,199.65
coder,16836,26080,29560,220.96
profiler,6675,2689,2835,25.72
profiler,7940,2292,2471,25.76
coder,16467,6135,7876,75.27
coder,19600,6345,9462,81.07
profiler,3688,4117,4332,43.63
coder,16843,3538,5599,40.19
profiler,9572,3624,3797,45.58
coder,18810,2565,6229,45.28
coder,18086,6024,8387,62.34
coder,18473,14137,17194,139.62
coder,17178,11654,14604,127.07
coder,18108,3231,6407,46.29
profiler,7445,9040,9199,80.27
profiler,3789,5674,5814,55.84
profiler,5131,1680,1886,18.59
coder,18779,10463,13131,126.63
coder,18655,6874,10592,63.93
coder,16945,4246,5951,50.00
coder,18173,7335,11449,78.94
coder,16810,4305,7352,56.49
profiler,4537,649,810,7.73
sketch,4667,2156,2771,22.85
coder,18069,13083,16253,145.98
sketch,4781,4445,5140,37.76
profiler,8268,2047,2214,23.95
coder,17371,13655,16266,144.04
sketch,4684,8547,9329,68.56
profiler,5054,3069,3212,30.85
feature_extractor,4253,2550,2941,24.07
feature_extractor,4429,3235,3648,32.13
feature_extractor,4424,4658,5048,43.34
coder,18249,7568,10277,72.38
sketch,5195,5723,6709,53.81
coder,20485,3350,7180,48.75
sketch,5296,10733,11777,90.06
designer,7651,1071,1694,11.68
sketch,5243,11117,12121,98.39
coder,18101,6700,9402,81.56
feature_extractor,3238,4995,5369,44.67
feature_extractor,5127,7890,8332,75.26
feature_extractor,5247,10602,11077,93.21
coder,16458,8597,10680,90.24
profiler,6506,2722,2891,29.91
feature_extractor,5195,16397,17133,137.77
coder,18286,12814,16090,151.86
profiler,5092,3947,4111,40.14
sketch,5387,5237,6486,46.60
sketch,5322,12681,13869,104.50
sketch,5343,14974,16291,104.75
designer,15226,8423,9659,73.97
feature_extractor,5405,6537,7152,59.06
coder,16148,17039,20093,178.12
feature_extractor,5545,6977,7615,62.15
feature_extractor,5557,7833,8475,73.11
profiler,11096,2106,2267,19.34
sketch,6877,3113,4793,35.51
sketch,7446,6703,8289,57.54
coder,17374,15087,18019,163.84
feature_extractor,3841,12187,12632,112.17
sketch,7160,23371,24359,149.97
coder,12270,4092,5169,136.36
designer,9423,4331,5625,37.58
coder,12270,4813,5888,102.13
coder,12270,7058,8214,63.62
feature_extractor,3951,5157,5810,48.31
profiler,8043,7912,8026,76.41
coder,18135,1436,4468,29.37
feature_extractor,7933,12685,13474,116.32
profiler,6754,5270,5426,52.81
feature_extractor,7425,14756,15613,131.90
feature_extractor,7123,17261,17802,160.61
coder,18777,12827,16437,123.24
sketch,5655,15409,16601,111.61
sketch,5813,18318,19628,143.02
coder,18019,11536,14271,118.79
sketch,5634,34036,35317,230.05
feature_extractor,5826,10581,11374,99.38
feature_extractor,6062,10825,11459,101.38
feature_extractor,5772,11997,12475,106.64
designer,24443,18133,20347,136.90
profiler,5062,4622,4777,45.31
profiler,6637,9666,9949,88.60
coder,18005,3372,7012,51.48
coder,17946,28608,31319,288.92
feature_extractor,4954,11711,12480,113.99
sketch,6571,13891,15790,106.96
sketch,6708,17217,19354,128.03
sketch,6578,21427,23144,157.82
designer,17611,4089,5246,40.30
feature_extractor,7220,12840,13806,110.03
feature_extractor,7722,17204,18198,152.21
feature_extractor,7352,17831,18503,153.07
feature_extractor,3793,14458,14920,133.45
coder,16067,7538,9306,216.11
coder,13712,7880,9612,76.44
coder,14174,9860,11717,166.81
coder,12154,10633,12387,253.75
coder,12154,13150,15111,206.80
coder,12867,19706,21339,163.09
coder,17123,11077,14771,191.05
coder,14683,13571,17593,136.36
coder,14334,16714,20256,195.31
coder,13224,4879,7079,58.63
coder,15453,13867,15801,135.03
coder,15453,12606,14999,153.11
coder,14828,6099,7886,63.93
profiler,4516,10702,10882,118.86
coder,17374,9770,11545,87.48
coder,17897,5084,8882,68.00
coder,14772,2333,4298,32.22
coder,16349,7076,9043,69.98
coder,18224,8378,10316,84.23
profiler,7092,3702,3888,43.28
profiler,3116,4239,4400,55.04
sketch,4630,4980,5581,49.14
sketch,4630,6111,6798,57.83
sketch,4718,5958,6660,68.11
coder,19297,21289,25098,174.85
feature_extractor,4284,3917,4319,38.63
sketch,7330,15527,17561,155.39
feature_extractor,4185,4196,4575,45.15
feature_extractor,4373,4450,4828,49.74
coder,15443,14812,16373,152.41
feature_extractor,8224,12363,13138,131.99
coder,18839,3581,7145,96.77
coder,19077,2708,6537,45.42
profiler,5400,7148,7326,81.79
profiler,6558,6457,6603,74.89
coder,14850,4092,6209,47.28
designer,22176,8045,9634,80.65
coder,19140,15634,17684,156.98
feature_extractor,4384,15141,15728,148.42
profiler,5173,1490,1711,19.03
coder,16150,1780,3768,29.00
coder,18548,6777,10612,83.23
coder,17128,19485,21383,199.51
coder,13434,8258,11901,98.98
coder,13066,15557,18269,178.84
coder,13702,17342,20088,199.26
coder,17182,2115,4255,35.64
coder,16804,9885,11920,108.26
coder,21327,20701,24451,232.62
profiler,4948,897,1085,12.77
coder,18600,5507,9134,63.10
coder,17649,16293,19068,161.79
coder,17058,3867,6812,57.06
coder,22756,9970,13797,119.74
profiler,6720,3237,3406,45.17
profiler,5333,1334,1514,15.19
coder,21159,1019,4762,31.52
profiler,6620,6698,6889,85.75
coder,18976,6874,8937,80.71
sketch,5362,7746,8743,74.19
coder,16999,6797,9639,91.65
sketch,5137,12187,13239,110.98
coder,21065,2911,6550,51.42
sketch,5522,13827,14934,137.84
feature_extractor,5559,8056,8716,85.76
feature_extractor,5111,10881,11341,112.70
feature_extractor,5294,12508,13099,134.73
designer,16377,11977,13425,106.88
feature_extractor,4008,6260,6652,72.55
coder,14588,11525,13328,122.96
coder,12398,11306,13036,126.44
coder,13760,12310,14024,141.08
coder,19167,3887,7664,63.87
profiler,7646,5250,5420,64.98
designer,3712,10655,11346,115.04
sketch,5496,10221,11393,100.54
sketch,5494,11149,12409,105.83
sketch,5753,11521,12868,110.21
designer,3693,16106,16762,184.33
feature_extractor,5584,5814,6489,62.61
feature_extractor,3374,5392,5931,58.21
feature_extractor,3424,13678,14580,134.57
feature_extractor,5976,8692,9339,93.69
feature_extractor,5622,9562,10213,104.95
designer,10214,4608,5954,45.24
coder,21516,4693,8230,72.24
coder,13743,8977,10390,113.90
coder,11308,14395,15607,213.51
coder,11308,13917,15234,269.45
feature_extractor,3983,8632,9276,90.26
coder,11764,15676,19387,294.98
coder,11764,19308,21668,231.28
profiler,6211,2994,3187,82.34
coder,11764,27898,31213,303.16
coder,17545,8865,11785,115.79
profiler,5452,3089,3239,45.44
coder,21605,10150,13743,118.94
coder,17417,7104,9905,102.04
sketch,5576,4179,5207,49.05
coder,18241,15136,16871,154.17
sketch,5543,5673,6869,61.60
coder,13408,22549,24323,238.16
coder,13408,18814,20725,245.71
sketch,5636,14634,15759,137.04
coder,16329,12691,16100,142.80
feature_extractor,5556,11103,11690,125.98
feature_extractor,5636,12157,12777,132.93
feature_extractor,5695,13380,14142,148.15
designer,17133,559,1931,15.11
feature_extractor,3975,7951,8547,87.89
profiler,3863,3081,3239,38.19
coder,12380,16899,18787,194.40
coder,13284,16831,18860,188.49
coder,15635,19647,21869,236.67
coder,20778,13154,16957,145.66
coder,15026,5954,7737,80.97
coder,18303,8088,10021,95.46
coder,17303,9190,12269,130.88
coder,18784,3982,7354,60.91
coder,17821,6879,8787,82.06
profiler,3571,3180,3349,39.94
coder,17026,2910,5815,52.61
profiler,5107,1525,1679,21.50
coder,15893,8684,13075,132.31
coder,19495,13366,15117,156.27
coder,22947,2437,6019,46.39
coder,17934,12103,15162,174.06
coder,18417,5660,9465,91.95
profiler,3476,3534,3731,43.31
profiler,3810,4709,4862,52.12
sketch,5296,926,1889,17.54
profiler,6290,626,820,11.12
sketch,5316,6706,7715,65.98
coder,17138,12392,15265,153.33
sketch,5373,11170,12154,114.85
feature_extractor,5219,10455,11046,106.80
feature_extractor,5256,9329,9812,107.03
feature_extractor,5313,10346,10691,113.93
profiler,9457,2346,2576,51.38
profiler,6548,3564,3764,72.99
coder,16945,7368,11591,111.13
coder,17938,4471,6294,57.84
profiler,3380,2881,3030,39.83
sketch,4889,7739,8399,80.29
sketch,5083,9876,10587,106.45
sketch,4981,11302,12209,125.08
coder,14546,6771,8578,85.00
profiler,8026,3112,3290,43.48
profiler,4017,2907,3123,34.34
feature_extractor,4811,9253,9690,108.61
coder,22216,4594,8443,71.90
feature_extractor,4509,13118,13721,139.35
feature_extractor,4749,16023,16517,185.43
profiler,5255,7056,7195,95.42
designer,12171,9750,11193,120.47
feature_extractor,4105,7200,7697,82.23
coder,17014,9399,13670,138.11
coder,17463,21674,24497,259.61
profiler,6609,4893,5053,57.75
profiler,6953,1070,1336,17.10
coder,14528,12111,13849,119.21
coder,15132,11098,14521,159.38
coder,19065,8229,10063,108.11
coder,16035,17674,20318,264.19
sketch,5518,8134,8945,86.49
sketch,5625,14911,16136,129.39
coder,16671,26666,28031,313.46
sketch,5799,16284,17303,159.86
feature_extractor,5746,10930,11408,122.33
feature_extractor,5751,11696,12348,126.30
feature_extractor,5276,14419,14846,158.09
designer,17018,5949,7231,60.58
feature_extractor,3898,10304,10861,115.58
profiler,10368,8595,8796,104.28
coder,17677,9464,12213,124.11
coder,21144,6163,10025,88.64
coder,19186,16916,18778,175.63
coder,17951,16106,18827,193.80
profiler,11237,2431,2611,30.31
coder,17598,6513,9232,93.67
coder,18956,6687,10286,90.62
coder,13746,6262,8113,70.27
coder,12939,6494,8325,140.95
profiler,5234,3647,3869,39.41
coder,14268,10377,12380,122.07
coder,18810,6377,7954,83.37
sketch,5479,7882,9157,77.92
sketch,5486,9294,10387,92.31
sketch,5555,12268,13712,102.18
feature_extractor,5856,4257,4921,51.18
feature_extractor,5560,6497,7098,75.59
feature_extractor,5665,7463,8124,81.16
designer,9905,11152,12328,110.52
feature_extractor,3831,7598,8240,89.31
coder,16035,1279,3117,27.19
coder,17648,3962,6622,63.89
sketch,6974,6764,8973,82.40
sketch,7190,13784,15814,134.43
profiler,13535,3518,3658,40.78
coder,18564,26035,28225,330.71
sketch,6934,8809,10571,95.10
feature_extractor,7987,15181,15984,165.14
feature_extractor,8099,15246,16096,168.23
sketch,7779,11078,13246,118.90
sketch,5387,12034,13361,119.92
coder,20624,15485,17709,178.63
feature_extractor,5597,6473,7283,74.70
feature_extractor,7552,11550,12340,127.02
feature_extractor,8828,13239,14017,143.76
designer,23542,9376,11465,91.79
coder,13845,9471,10817,199.29
coder,13845,10680,12217,155.58
coder,13845,10833,12470,133.74
feature_extractor,4770,17525,18472,189.63
designer,17996,11406,13803,119.95
coder,17296,4043,5592,61.35
coder,16572,11082,13723,132.64
feature_extractor,5036,12123,12897,139.14
coder,16210,3670,4973,53.63
coder,16610,20122,21943,225.43
coder,16630,14098,17767,178.18
coder,14669,16100,20313,269.63
coder,14878,21125,25132,299.64
coder,14195,14875,18149,181.34
coder,14576,18308,21840,247.85
coder,15167,32907,36173,371.99
profiler,6562,4274,4424,52.20
coder,19277,6974,9254,97.84
sketch,6458,2799,4060,34.87
coder,19499,3889,7455,69.05
coder,17661,7640,10871,90.28
sketch,6759,18364,19818,171.87
feature_extractor,7132,10824,11302,139.81
feature_extractor,6640,11829,12331,146.85
designer,19438,7812,9273,67.90
coder,19028,8762,12371,111.43
coder,18961,7049,11420,118.88
profiler,5301,3661,3835,47.88
feature_extractor,4265,15557,16061,197.41
profiler,7243,11613,11793,160.14
coder,20583,4705,8745,77.44
coder,12602,7898,10990,137.92
coder,12602,12146,15072,150.39
profiler,3693,4518,4727,60.75
coder,12602,36652,39668,415.39
profiler,5457,2374,2542,32.02
coder,19680,14426,18059,187.71
coder,16600,6225,9135,91.99
sketch,5602,7478,8644,84.10
sketch,5396,8319,9560,98.27
sketch,5448,11196,12145,122.59
coder,18956,25476,27534,345.64
feature_extractor,5562,6448,7058,83.33
profiler,4772,2209,2346,63.07
feature_extractor,5355,9448,9907,113.57
feature_extractor,5699,10615,11276,123.30
coder,16082,4617,6162,61.37
profiler,10037,2356,2539,33.18
coder,19945,8860,13217,118.56
coder,18819,13832,15362,189.01
coder,16310,5909,8852,85.82
coder,16009,4396,5611,65.19
coder,18816,7374,11280,112.14
coder,18814,18221,20553,216.08
coder,16544,15188,17678,199.46
coder,16023,9055,10543,127.89
coder,18290,4236,7479,62.10
profiler,10314,9130,9295,132.57
coder,16328,6777,9659,91.52
coder,16852,9011,11606,128.72
coder,16360,4539,7478,85.15
profiler,10214,2224,2472,40.36
profiler,4713,2709,2810,40.04
coder,15944,10720,12281,161.76
sketch,4885,7768,8802,94.23
sketch,5174,10430,11493,119.15
coder,18286,16409,20226,196.97
coder,15929,9372,12226,191.51
profiler,7915,625,817,12.98
sketch,4956,27049,27966,253.38
coder,20538,15048,17385,206.17
sketch,6860,6257,8115,78.88
coder,20986,5526,9772,100.23
sketch,7233,5876,7835,83.73
sketch,6880,6735,8497,86.97
coder,16375,6614,9530,110.65
feature_extractor,4802,5740,6372,84.73
feature_extractor,5161,6492,7155,86.34
feature_extractor,4840,7093,7709,91.60
feature_extractor,8056,13295,14020,174.67
feature_extractor,7496,15895,16597,203.49
feature_extractor,7610,16100,17021,210.51
designer,24260,5877,7826,92.21
coder,16718,6769,9657,104.68
feature_extractor,4640,13491,14411,167.26
coder,14793,10630,13642,145.38
coder,14711,13322,17275,159.23
coder,13675,16726,20415,249.80
coder,16222,3428,6296,52.77
profiler,3719,5023,5196,68.06
profiler,10842,1785,1964,24.46
coder,17620,9097,12238,110.52
coder,16476,5467,8476,72.86
coder,18250,21562,23570,254.32
coder,19957,2727,6420,48.14
coder,16668,12812,15354,138.90
coder,18209,5165,8723,67.72
profiler,10755,5440,5628,55.88
coder,15717,11050,13905,113.12
sketch,7759,12785,15113,107.37
sketch,7377,16431,18690,128.17
sketch,7214,24531,26478,191.13
feature_extractor,8056,11520,12282,109.60
feature_extractor,8864,13281,14056,126.30
feature_extractor,8486,15100,15895,141.14
coder,16493,6106,9258,77.96
designer,20114,5389,7431,63.12
feature_extractor,4645,18036,19032,180.91
profiler,4138,7287,7461,93.13
sketch,5205,1715,2364,23.47
sketch,5224,9222,10133,92.42
sketch,5632,17886,18945,166.65
coder,12985,12789,16689,173.40
profiler,7830,6126,6325,69.23
coder,18838,2067,5543,45.50
coder,13852,18672,22025,209.78
feature_extractor,5623,8807,9276,97.48
coder,16239,19141,23193,236.21
feature_extractor,5080,11675,12089,128.49
feature_extractor,4810,15194,15903,154.41
profiler,6078,1924,2105,83.37
coder,19758,15592,19053,156.87
coder,18008,6274,9741,91.19
coder,18789,4638,8190,99.65
coder,16277,4848,7721,70.78
profiler,8085,2716,2919,30.92
coder,16964,13458,16585,176.87
coder,20880,2738,6089,116.01
coder,16438,3215,6248,55.74
profiler,8097,3971,4135,42.91
coder,21380,9542,13430,124.83
profiler,8116,2121,2302,28.16
designer,12836,12586,13746,141.55
sketch,7051,10110,11973,111.09
sketch,6774,13700,15551,125.19
coder,16943,10605,13744,139.97
profiler,7955,5768,5911,71.33
sketch,7032,13798,15680,144.71
coder,17180,4747,8645,76.73
feature_extractor,3850,13750,14470,153.04
coder,16466,14077,17064,165.89
profiler,5353,5219,5333,65.52
profiler,10468,2295,2491,30.69
feature_extractor,7468,13203,14189,146.76
sketch,7424,4555,6728,57.50
feature_extractor,7796,19760,20746,218.98
feature_extractor,7800,21083,21978,232.26
sketch,7098,9776,12053,100.46
sketch,6955,10127,12529,103.26
coder,16416,9707,11324,123.02
feature_extractor,8196,8087,8820,94.36
coder,16660,16755,18691,195.86
feature_extractor,8141,10048,10784,110.40
feature_extractor,8423,12354,13030,138.26
coder,16129,21088,22823,260.45
designer,20195,2761,5037,33.03
coder,16456,15839,17381,181.63
feature_extractor,4880,14251,15087,150.46
profiler,5148,3806,4004,49.27
sketch,6269,6075,7527,67.60
sketch,6669,7840,9408,71.14
coder,17006,9920,11421,108.98
sketch,6859,24210,25548,211.38
coder,13342,10849,14462,138.42
coder,13714,11898,15350,179.45
profiler,3868,5327,5543,60.66
feature_extractor,7126,7796,8331,88.80
coder,14395,16531,19562,195.74
feature_extractor,7148,12191,12749,137.69
feature_extractor,6635,13745,14173,150.15
coder,17987,7506,9046,86.63
coder,16381,10574,12356,121.22
designer,19909,944,2517,20.48
coder,18580,5488,9114,81.58
feature_extractor,4371,13710,14273,140.50
profiler,7937,2130,2275,54.27
profiler,3702,5040,5287,64.83
coder,18746,7244,10736,84.08
profiler,3950,1864,2031,23.52
coder,17754,8215,11411,88.24
coder,12903,13137,16202,147.12
coder,12903,17714,20359,173.14
sketch,5199,8665,9554,93.93
coder,12903,18190,20741,249.38
sketch,5439,14432,15296,140.06
profiler,9382,7125,7250,71.54
sketch,5367,21270,22221,156.09
coder,15486,4298,7459,76.65
feature_extractor,5038,7821,8291,81.51
feature_extractor,5266,8575,9012,83.31
coder,16380,8918,11623,92.13
coder,15509,9348,12141,99.82
coder,16059,3786,7008,56.70
coder,18024,18562,22066,196.90
feature_extractor,5267,18569,19289,192.20
profiler,6263,4719,4869,56.24
coder,16065,5062,7866,69.15
coder,19119,6132,9592,80.86
profiler,7197,7310,7470,79.04
designer,14101,14784,15982,156.70
profiler,9334,2040,2205,24.11
coder,16492,21989,25097,236.32
feature_extractor,3888,10299,10744,108.21
sketch,7007,13612,15637,126.48
sketch,6934,17404,19993,145.35
coder,16859,13011,16111,150.49
coder,14960,12352,14554,138.07
sketch,7048,45779,48043,323.45
coder,15473,18789,20546,196.16
coder,18091,5290,7512,61.10
coder,14294,24201,26325,256.72
coder,17167,17222,20308,198.88
feature_extractor,8159,11830,12813,115.05
feature_extractor,8246,12812,12812,117.82
feature_extractor,7884,14416,15236,136.60
coder,18649,4566,6783,60.40
coder,16557,12603,14410,145.22
profiler,4350,488,655,9.11
coder,17767,10795,13954,137.84
coder,18627,22904,25147,247.86
feature_extractor,8246,19362,20160,192.32
coder,15327,6691,8694,79.21
profiler,5336,4600,4750,57.52
profiler,5609,4820,5006,57.31
sketch,6840,13227,14774,116.72
designer,19667,14501,16945,137.46
sketch,6549,14991,16343,142.70
sketch,6454,18423,19958,151.52
coder,15555,15432,17293,156.82
feature_extractor,4958,13049,13924,137.09
feature_extractor,6790,11335,11846,123.07
feature_extractor,7294,14442,14937,158.78
feature_extractor,6924,17216,17794,187.49
profiler,3979,7069,7261,80.16
sketch,5850,5123,6037,56.90
designer,20893,299,1969,13.33
sketch,5864,7684,8752,87.78
sketch,5487,11179,12410,112.08
coder,14526,9682,12954,107.54
coder,13420,11667,14954,115.52
feature_extractor,5610,8638,9098,85.87
feature_extractor,4488,14438,14957,149.81
feature_extractor,5716,12307,12782,120.91
coder,13420,16377,19837,179.91
feature_extractor,5872,15655,16450,160.95
profiler,9180,5771,5929,81.55
coder,18291,4283,7530,69.04
coder,18057,7554,10964,174.57
designer,15146,9669,10700,120.82
profiler,9843,2253,2424,30.81
coder,14694,10733,13574,122.83
coder,19015,6736,9911,77.64
coder,13814,13704,16440,174.28
feature_extractor,3725,10210,10665,116.54
coder,14448,16437,19842,213.58
coder,19342,4658,7610,69.21
coder,17488,5655,8925,85.36
coder,18822,10590,13974,139.99
coder,19031,9044,12286,135.99
coder,18524,3248,6304,51.76
profiler,7969,1165,1318,14.51
coder,16984,10020,13364,128.61
sketch,6811,5048,7095,61.62
sketch,6830,9855,11982,99.92
coder,14017,10594,12408,140.71
coder,19121,6919,10053,83.89
coder,17915,9392,13139,131.36
coder,18020,8312,11548,118.85
coder,12178,15927,17713,204.55
coder,13045,16767,18360,178.98
sketch,6954,28900,31305,232.41
coder,16772,11594,14426,118.80
feature_extractor,7723,11421,12266,127.56
profiler,6613,3913,4064,51.47
feature_extractor,8192,12501,13515,141.80
feature_extractor,7833,14222,15137,142.40
coder,18891,6895,10325,87.95
coder,17025,8161,11510,107.50
coder,17568,13194,16165,134.18
designer,19270,18688,20735,136.79
profiler,5293,9685,9894,109.26
profiler,5614,2664,2885,37.77
profiler,3737,5307,5431,70.61
feature_extractor,4737,16707,17434,175.11
coder,18718,4712,7705,67.57
sketch,5458,8379,9152,85.75
coder,21263,11123,14340,124.72
sketch,5241,11028,11835,112.89
profiler,5218,3331,3477,42.22
coder,13790,10268,12972,104.27
coder,14642,12784,15519,129.79
sketch,5415,25822,26663,238.44
coder,18510,12460,15762,136.58
coder,13790,11576,16498,152.56
coder,17865,3589,6284,51.92
feature_extractor,5205,14148,14555,145.28
profiler,8698,9976,10117,108.36
feature_extractor,5179,15769,16403,155.67
feature_extractor,5005,15587,16308,159.24
coder,19343,9627,12902,113.20
coder,19375,8517,12385,113.41
designer,13215,6399,7179,65.20
coder,18574,17154,20279,183.79
coder,19175,8140,11357,88.52
coder,18817,7388,11019,98.75
feature_extractor,3471,10401,11167,109.55
coder,18183,9187,12216,98.58
coder,17841,13034,16158,119.99
coder,18668,9418,12983,105.60
coder,14319,8782,10187,92.83
coder,14319,11839,13454,132.15
coder,14456,13311,15234,131.76
profiler,7723,2078,2275,26.17
profiler,9883,4126,4285,53.02
sketch,6722,9493,11105,101.33
sketch,7122,12405,13786,109.92
sketch,6750,14504,16218,137.97
profiler,9446,7041,7219,90.91
profiler,4941,2605,2812,29.13
sketch,7122,4444,6377,49.93
feature_extractor,7420,7273,7777,79.01
sketch,6721,10187,12632,97.56
feature_extractor,7248,10052,10541,106.00
coder,16020,5880,7614,65.03
feature_extractor,7348,11390,11880,121.70
coder,16328,8321,10076,94.32
sketch,6351,23172,25528,188.59
profiler,5260,3854,4045,42.60
designer,21421,9327,11028,95.81
feature_extractor,7944,11280,11714,131.15
feature_extractor,7894,15081,16255,153.05
feature_extractor,7521,15934,16884,178.79
profiler,5288,5836,5991,75.24
feature_extractor,4490,15966,16397,171.13
designer,19730,11510,13898,90.38
sketch,5378,11484,12409,116.20
sketch,5409,10963,11759,125.22
sketch,5070,23789,24665,226.80
coder,12904,10549,13274,127.28
feature_extractor,4944,17467,18335,186.35
feature_extractor,5156,5850,6288,62.80
feature_extractor,4867,5829,6269,66.08
feature_extractor,5227,9328,10208,104.14
coder,13172,19281,21878,213.23
coder,12827,22754,25822,282.01
coder,16464,1090,6416,50.98
designer,14222,3736,4684,42.02
coder,16807,20873,23627,212.12
coder,16013,8955,12854,104.67
feature_extractor,3634,5238,5676,62.28
coder,16013,9446,12614,110.64
coder,18376,8365,11288,95.28
coder,16013,9524,13140,160.18
coder,17230,14314,17121,187.03
profiler,7771,2826,3009,60.61
coder,17088,9074,11952,143.12
coder,19712,7488,11553,105.85
coder,16598,5574,8171,80.22
coder,19830,6766,10525,93.81
coder,16764,14576,17536,169.73
coder,19608,3178,6786,56.68
coder,16722,6847,9462,85.35
coder,18989,4386,7850,69.17
profiler,8142,4152,4292,48.95
coder,11344,12273,13611,143.79
coder,16119,10693,13616,129.57
coder,16773,14022,15490,174.15
coder,20162,4338,7792,66.35
profiler,4808,4521,4714,62.33
coder,16706,7274,10450,102.19
coder,12203,23480,24712,276.65
profiler,6215,5673,5906,72.61
coder,19266,1550,3017,26.86
coder,16678,26631,29074,299.56
coder,16522,660,3755,25.53
coder,18965,6189,9551,85.90
profiler,3398,3716,3924,43.36
coder,13777,3608,5186,44.98
profiler,5992,7570,7705,83.97
profiler,9243,4859,5056,61.97
profiler,7893,1192,1351,24.47
sketch,7138,11264,13358,103.69
sketch,6822,7133,8489,72.18
profiler,3741,7274,7476,87.55
sketch,6329,10448,11571,110.04
sketch,6767,17094,19065,161.62
sketch,6915,25380,27600,200.90
sketch,5241,6989,7733,71.93
sketch,6183,23057,24457,199.00
sketch,5011,11359,12078,108.25
sketch,4906,17811,18523,162.79
feature_extractor,7622,11108,11933,116.86
feature_extractor,8084,12275,13190,128.20
feature_extractor,7961,13453,14244,137.05
feature_extractor,7101,12090,12581,127.24
feature_extractor,6503,12660,13219,135.27
feature_extractor,4731,7522,8010,77.96
feature_extractor,6390,16174,17311,167.47
feature_extractor,4940,14886,15381,157.57
feature_extractor,4581,15980,16703,159.69
designer,19797,5247,7618,58.73
designer,19555,7149,8382,74.01
designer,12894,15136,16509,159.71
feature_extractor,4975,15945,16803,165.34
feature_extractor,4053,17496,17978,180.21
feature_extractor,4064,18532,19239,204.76
coder,15139,12318,15486,141.00
coder,13437,13757,16884,259.77
coder,14969,21627,24985,308.57
profiler,7753,4160,4339,47.35
coder,19640,7443,10630,95.89
coder,12512,14775,17327,168.43
profiler,9181,8711,8926,100.46
coder,13565,17868,20611,214.18
profiler,9093,3740,3891,42.46
coder,12390,22551,25237,277.90
coder,13625,16681,19328,219.99
coder,14470,17382,20200,227.24
coder,17398,6069,8752,80.55
coder,12331,25190,27504,278.86
sketch,6739,9545,11590,104.55
coder,15915,12910,15643,149.81
sketch,6838,11951,14088,124.00
coder,17521,7421,10380,100.49
coder,16039,4879,7617,74.90
sketch,6765,15394,17634,153.57
coder,16890,5189,7817,75.60
coder,17601,15789,18207,183.99
coder,17388,4117,7018,68.33
coder,18148,15651,17988,166.32
feature_extractor,7797,8950,9789,105.45
coder,19374,9777,12509,117.44
feature_extractor,7593,11709,12157,136.69
coder,17240,15938,17788,183.78
profiler,6169,4789,4950,59.52
feature_extractor,7782,16211,17074,187.76
coder,15632,4644,7202,66.70
profiler,6441,5243,5415,64.45
coder,16028,12110,14560,134.89
coder,15118,4260,6206,56.99
designer,19763,1080,3528,27.72
profiler,4941,4057,4178,50.48
sketch,6634,4215,5589,53.28
sketch,6445,8856,10295,96.08
coder,15823,14787,16562,170.79
feature_extractor,5004,13213,13913,147.73
coder,15813,10418,12465,133.57
sketch,6362,14919,16225,145.16
coder,15864,13895,15540,187.80
feature_extractor,6569,9002,9456,101.53
feature_extractor,6805,10953,11428,125.52
coder,16591,11167,12841,130.96
feature_extractor,6894,15079,15598,166.45
profiler,5467,4810,4987,64.20
coder,15268,2915,4604,43.34
coder,14056,12299,15871,158.95
coder,14401,15895,19170,155.14
coder,14056,18138,21861,213.56
coder,18062,5612,8835,80.37
coder,14034,17681,19632,206.72
designer,3644,7136,8497,102.09
feature_extractor,4024,10255,10999,133.73
coder,13550,7422,9670,100.74
coder,14610,8909,10977,120.42
coder,14610,15340,17476,187.66
designer,3653,10975,11860,143.62
coder,17857,10768,13314,152.56
designer,3664,13221,14110,156.42
designer,3675,14743,15763,175.98
coder,17395,11803,13934,158.12
designer,3733,15379,15946,186.67
feature_extractor,3533,4730,5133,60.35
coder,16430,12618,14944,167.77
feature_extractor,3657,5999,6571,78.53
feature_extractor,3561,10813,11196,137.77
feature_extractor,3347,9771,10266,120.19
coder,16952,9629,12086,138.29
coder,12562,7842,10224,107.12
coder,16417,13600,15984,167.29
coder,15820,798,3197,23.36
coder,13209,9422,10868,123.16
coder,13209,10532,12368,123.03
coder,12562,12983,15456,165.85
coder,17193,10939,13173,132.33
coder,12599,11453,13121,131.85
coder,16295,2361,4788,40.60
coder,13924,16786,18633,215.69
coder,15610,4062,5376,52.26
coder,13209,18259,19336,191.84
coder,16901,6155,8486,70.71
coder,17610,12256,14843,126.80
coder,15916,6033,7737,68.15
coder,13316,12448,14391,154.28
coder,12666,15355,17212,187.68
coder,15230,4612,6192,60.66
coder,13316,13386,16482,177.04
coder,17597,7184,9454,77.75
coder,16458,5697,8028,69.22
coder,11223,18579,20282,225.22
coder,17412,8755,11252,113.97
coder,15847,5572,7471,72.70
coder,13316,20252,21783,219.19
coder,15110,1689,5626,44.15
coder,16356,1638,4147,32.88
profiler,3442,4114,4249,50.78
coder,13636,6744,8387,82.95
coder,14968,13853,15424,139.82
profiler,4381,5367,5486,68.04
coder,17086,12380,15272,142.37
coder,16138,17123,18797,191.31
coder,15896,5717,7181,68.24
coder,17147,8114,10399,99.52
coder,16046,9142,10666,113.97
coder,17757,2172,4325,36.67
coder,15314,11260,12973,129.66
profiler,5093,6461,6735,76.26
coder,14614,7642,8705,89.80
profiler,6000,1544,1753,19.30
coder,17505,7020,9388,80.89
profiler,6696,2952,3106,32.57
coder,15438,6262,7702,71.07
coder,17295,11214,14165,135.64
coder,17978,5603,7861,74.51
coder,15164,8673,10525,104.35
coder,15817,14825,16546,164.65
profiler,4530,6524,6640,78.26
profiler,8151,5662,5800,69.94
sketch,5284,2935,3679,33.13
coder,13959,13721,15653,154.95
coder,15323,8226,9958,90.97
sketch,4945,6154,6966,62.64
coder,15845,3839,5781,51.39
coder,17079,9388,12274,102.79
coder,17199,16464,18577,192.80
coder,15845,6889,8913,80.58
profiler,4315,2820,3001,33.09
coder,16265,3035,4730,38.14
coder,17160,2191,4570,37.53
coder,16087,25835,27351,279.39
coder,15620,6766,8500,77.92
sketch,4721,21515,22895,176.14
sketch,5821,10341,11445,97.97
profiler,5746,5147,5340,61.36
coder,16899,3292,6177,47.54
profiler,4110,1857,2055,21.87
feature_extractor,4967,4511,5165,48.83
sketch,5890,15941,17114,137.98
feature_extractor,4713,5337,5995,55.67
sketch,6142,17144,18590,145.09
feature_extractor,4966,5509,6116,57.97
coder,17406,8662,10869,103.29
coder,15876,11709,13424,122.83
sketch,5272,12749,13758,100.73
coder,17026,6576,9392,81.64
coder,16044,12546,14054,131.03
sketch,5612,15920,16894,125.95
feature_extractor,5870,9289,9739,103.48
profiler,8131,3974,4215,48.31
designer,12906,12382,13491,127.64
sketch,5525,20871,22127,168.36
feature_extractor,6475,15408,15823,154.60
coder,15430,17657,19661,206.50
feature_extractor,3783,5480,6041,60.84
feature_extractor,6030,19175,19620,197.32
coder,15742,7482,9044,90.61
coder,15918,12633,14448,144.73
feature_extractor,5556,9496,9939,101.55
feature_extractor,5248,12426,13074,127.36
designer,17714,4687,6152,50.38
feature_extractor,5733,13572,13974,140.24
coder,15692,11322,13369,120.80
coder,12817,11260,12749,113.16
coder,16957,21842,24389,222.74
coder,15757,9991,11559,101.23
coder,12817,12202,13625,130.37
coder,12817,13539,15435,149.77
designer,15667,8183,9367,77.60
feature_extractor,4073,9511,9880,103.19
coder,15236,7322,8751,75.87
coder,15997,15704,17415,166.28
coder,15778,9569,11501,99.26
profiler,7793,4136,4278,48.22
coder,16653,9556,12105,113.96
coder,15638,6929,8460,82.45
feature_extractor,3823,11982,12417,134.13
profiler,3554,5394,5585,64.69
profiler,8430,2915,3062,34.98
coder,12898,6256,8901,89.77
coder,15145,17101,18405,190.90
coder,16329,8799,10522,98.80
coder,13754,9802,11760,103.57
coder,13611,10037,12148,123.67
coder,12002,4183,6105,53.87
sketch,5763,5608,6951,60.71
coder,12002,7588,9291,82.50
coder,16466,3270,5748,49.31
coder,15344,8939,10520,102.83
sketch,5489,7338,8974,85.10
coder,16653,13884,16748,159.06
coder,13840,13874,15808,141.11
coder,14652,4875,6556,62.79
coder,15147,10750,12364,124.08
sketch,5904,17428,19084,154.03
profiler,4500,2509,2668,30.08
coder,15874,8536,10606,105.29
profiler,4022,414,566,6.52
coder,16319,14989,16454,169.52
coder,16149,13361,15475,118.33
coder,17033,8176,10849,85.31
feature_extractor,6006,7088,7539,74.52
feature_extractor,6439,6807,7307,75.43
coder,15356,14464,16109,141.29
feature_extractor,5981,9554,10000,98.96
coder,15409,9724,11317,108.17
coder,15208,6768,8670,79.15
designer,11228,3582,5234,39.68
coder,16266,10575,12360,111.00
coder,15901,8059,10364,96.28
coder,15362,5933,7460,65.04
sketch,5266,13769,15126,126.57
coder,14725,5868,8011,64.46
feature_extractor,4258,6772,7263,72.24
coder,16245,28744,30782,297.44
coder,15410,11035,12597,116.83
profiler,6032,2934,3109,29.58
coder,15782,7451,9932,80.67
feature_extractor,5544,9648,10089,107.82
coder,15430,4101,5796,52.61
coder,16911,11057,13260,108.60
coder,15535,9883,11417,112.07
designer,9804,1718,3164,26.32
coder,17174,14522,16601,151.28
coder,15844,12989,14910,146.96
coder,15945,16987,18913,167.06
coder,17501,3322,5532,46.19
profiler,5130,3080,3281,36.55
coder,18582,4174,6270,55.13
coder,16702,15008,17479,170.73
coder,16123,5085,7247,57.17
coder,15318,9557,11218,109.73
coder,16896,18333,20822,177.96
profiler,5328,6603,6764,70.26
coder,19644,4232,6410,57.37
feature_extractor,4163,17084,18132,175.72
coder,19170,3818,5918,54.68
coder,18891,13164,15124,147.17
coder,15650,4706,6344,56.15
sketch,5528,5767,6980,56.70
sketch,5396,8306,9567,83.68
sketch,5528,19124,20269,152.46
coder,12494,13548,16742,138.51
coder,14051,12397,15257,138.70
coder,16996,22493,24841,212.99
coder,11904,16778,19720,171.45
feature_extractor,5672,8715,9091,93.80
feature_extractor,5608,12100,12629,133.58
feature_extractor,5558,13085,13511,139.93
designer,15030,1904,3180,20.86
coder,16531,5226,7571,68.44
coder,17198,6581,8944,80.68
profiler,3756,3113,3343,40.92
coder,17465,14073,17277,152.09
profiler,7991,6021,6153,82.83
profiler,8481,1294,1487,18.74
coder,15623,2788,5087,44.77
sketch,5322,3053,4313,38.08
coder,16663,8802,11730,125.30
sketch,5057,4459,5457,57.77
feature_extractor,3890,16694,17492,191.10
sketch,5260,7480,8451,75.52
coder,17090,8237,11200,114.46
coder,16106,5625,7906,75.57
coder,16511,8594,10650,113.82
feature_extractor,4999,5428,5997,62.90
coder,13434,7062,8667,79.79
feature_extractor,5176,6005,6612,68.54
coder,16651,8615,11267,115.14
profiler,9557,2774,2940,38.50
feature_extractor,5494,8845,9483,102.50
coder,17681,9457,12387,117.96
coder,17481,15001,17958,148.32
coder,16816,1406,4038,30.48
coder,13434,11453,13755,135.11
designer,13979,1987,3165,29.85
coder,13577,13240,15252,151.34
profiler,7889,1786,1951,24.10
coder,18082,7268,9203,85.11
sketch,5539,3306,4681,49.11
feature_extractor,3807,5443,6016,65.53
coder,16009,2431,4383,41.21
coder,16755,4873,7778,74.19
coder,18129,7389,9682,84.49
coder,17232,11695,14373,135.50
sketch,5725,11816,12444,126.54
profiler,5347,2888,3074,38.05
coder,16790,8601,10365,103.21
sketch,5630,14540,15723,140.11
coder,18539,11565,14573,143.34
coder,16140,12857,15024,145.89
feature_extractor,5788,3682,4128,44.35
coder,13359,12563,14008,151.43
coder,13359,12601,14293,153.12
feature_extractor,5310,5526,6005,66.11
coder,17113,10329,13459,143.43
feature_extractor,5751,6854,7369,83.29
coder,18814,5799,8783,84.03
profiler,3858,5954,6164,71.49
profiler,5577,2939,3130,39.46
coder,13359,25656,27084,242.36
coder,14836,5088,6374,55.74
coder,17264,4910,7932,70.80
designer,10623,9702,11232,97.42
coder,15981,8651,9888,94.07
coder,15275,4800,6232,62.82
sketch,5372,12215,13258,114.84
sketch,5534,15975,16938,147.14
profiler,4738,4596,4779,61.28
coder,17928,24551,26890,261.96
feature_extractor,4122,8553,8998,99.35
sketch,5758,18076,19105,158.99
profiler,7620,3337,3525,46.59
coder,19373,16772,19917,210.97
profiler,3369,4756,4917,62.35
feature_extractor,5363,6487,6914,72.83
profiler,4811,3498,3703,47.55
coder,16359,2594,5728,45.28
feature_extractor,5743,8640,9072,94.75
feature_extractor,5453,8733,9174,97.45
coder,13668,8202,10416,98.17
coder,13668,11149,12611,126.96
designer,15292,2915,3997,31.95
sketch,5036,4099,5034,48.30
coder,16105,7155,9642,91.47
coder,16779,2105,4171,35.58
coder,17583,3579,6699,52.50
sketch,4872,9429,10391,91.37
coder,13668,17411,19304,175.21
coder,16030,2850,4288,42.54
coder,16596,2667,4626,41.61
sketch,4929,14876,15763,122.78
profiler,7709,1564,1728,17.12
coder,16752,7207,9610,86.79
feature_extractor,4765,6286,6897,67.98
profiler,6508,1619,1813,18.59
feature_extractor,4754,6214,6857,69.98
feature_extractor,3752,13117,13598,146.53
feature_extractor,4899,9626,10276,102.53
coder,19043,16945,20252,166.64
coder,13783,4700,6865,60.98
profiler,4456,1446,1572,17.72
coder,16235,11022,12509,131.43
designer,13496,5821,6784,69.43
coder,13801,10268,12104,114.93
coder,16248,3126,5289,46.45
coder,14818,11887,13761,120.52
profiler,4821,781,900,9.93
coder,17982,7789,7789,66.74
sketch,6007,7723,8913,75.03
feature_extractor,3642,6921,7532,74.44
profiler,4217,2781,2995,36.21
sketch,5506,5718,6941,69.35
sketch,5960,14585,15930,131.06
sketch,5071,7798,8729,81.00
coder,17982,7492,10630,100.10
sketch,5452,10174,11306,107.86
coder,20920,10809,12425,115.12
coder,13960,7262,8703,84.55
coder,13960,8472,9916,89.11
feature_extractor,6249,7364,7744,85.26
feature_extractor,6140,8779,9190,97.47
feature_extractor,4942,7530,7956,78.99
coder,18465,12371,14327,148.29
feature_extractor,5644,8324,8795,95.53
coder,19404,7011,8815,80.27
sketch,6596,7948,10228,93.59
sketch,6592,9809,11522,94.64
coder,13960,15646,17211,169.73
feature_extractor,5527,10259,10719,113.45
profiler,3563,4086,4277,46.19
profiler,4906,6906,7080,82.22
designer,17610,7063,8315,70.22
profiler,4064,2722,2876,32.09
designer,9678,11202,12266,100.87
feature_extractor,3895,7141,7504,74.94
feature_extractor,7164,11763,12321,125.92
feature_extractor,7770,12952,13499,137.31
coder,16630,11841,13354,105.64
coder,17221,14275,16115,156.94
feature_extractor,3724,8488,8989,92.12
profiler,7862,4649,4794,54.57
coder,12390,7134,9140,88.38
designer,19209,14795,17176,151.95
coder,20306,7543,9342,85.37
coder,12117,9601,11403,109.05
coder,12117,9859,11505,110.15
sketch,5069,8671,9720,87.66
sketch,5079,12411,13291,110.05
coder,17389,3037,4819,44.50
coder,12117,14176,15474,140.97
coder,15333,5844,7945,66.38
sketch,5142,13817,14843,125.03
coder,15659,5278,6946,62.00
feature_extractor,4966,10455,10896,113.83
feature_extractor,5045,4067,4621,41.96
coder,13835,1872,4003,31.02
coder,10866,23124,25670,220.67
coder,15511,7032,8410,79.47
feature_extractor,5078,4363,4898,47.65
coder,10993,25551,27613,225.38
profiler,5021,1352,1519,15.96
feature_extractor,4912,8577,9210,87.74
coder,15046,2224,3621,32.98
designer,13034,1698,2638,23.25
coder,14414,11802,13201,129.15
coder,13642,6699,10859,100.64
coder,15017,5122,7207,64.52
coder,15718,13534,15255,156.67
coder,16286,7162,9921,81.30
feature_extractor,3627,5902,6521,64.47
coder,14241,11686,15327,140.11
profiler,4749,3454,3620,47.36
coder,14444,4721,6119,58.91
coder,20119,4151,5948,56.66
coder,13990,6584,8715,69.45
coder,15310,14624,16746,163.81
coder,21743,5486,9278,83.44
coder,14164,19330,22720,211.42
coder,15503,7776,10103,80.87
profiler,4752,2770,2938,33.50
coder,13179,9419,10801,109.88
coder,13179,13631,15032,139.65
coder,18641,10429,14171,130.12
coder,12692,13836,15261,146.79
profiler,5225,3343,3502,42.90
sketch,5003,5552,6318,67.04
sketch,5005,6749,7750,80.05
sketch,5271,7619,8476,81.94
profiler,3536,2482,2635,32.65
profiler,3521,4458,4665,57.71
sketch,5406,5793,6660,67.01
coder,16029,6982,9077,81.96
coder,17618,8046,11521,105.69
coder,14251,18431,20601,151.98
coder,15123,5523,6928,57.55
coder,14705,12690,14849,151.76
feature_extractor,4938,6985,7437,86.76
coder,21999,9693,13568,134.68
feature_extractor,5073,8650,9115,99.42
coder,21146,19427,22891,197.02
feature_extractor,4731,9436,9880,113.41
sketch,5723,22363,23379,179.97
profiler,3540,2678,2793,38.60
sketch,5564,20164,21305,189.26
coder,14262,7150,9152,93.80
coder,14209,4297,6427,58.60
coder,18326,3925,7859,68.01
coder,15640,9422,11770,108.82
sketch,5034,4633,5602,52.06
sketch,5016,6140,7085,61.29
coder,18358,14096,17575,171.89
sketch,5043,8635,9453,92.26
designer,9854,11896,12884,131.28
feature_extractor,5705,7743,8219,86.39
feature_extractor,5239,9014,9589,100.26
coder,15475,5941,7999,79.70
feature_extractor,4879,3962,4584,45.24
coder,13832,7829,10384,89.65
coder,21319,6252,10180,95.28
feature_extractor,4942,5750,6411,68.64
feature_extractor,4826,6196,6776,69.04
coder,14323,9112,11237,106.57
feature_extractor,5645,16393,17341,176.31
coder,18425,17890,21401,210.39
designer,15575,1185,2387,18.37
coder,17004,2559,4997,42.99
coder,15297,7515,9564,71.65
designer,12814,4494,5735,51.56
feature_extractor,3656,10609,11058,122.91
coder,21528,5522,9451,79.20
coder,20876,13117,16603,169.37
coder,14379,10795,12845,114.95
feature_extractor,3858,9022,9592,101.83
coder,12685,11070,12629,127.10
coder,12685,11702,12979,137.09
coder,18474,10520,13835,143.06
feature_extractor,3863,13237,13652,153.16
coder,13619,6695,8377,87.99
coder,12650,9374,11138,115.96
coder,12905,9663,11368,119.02
coder,12685,22489,24096,225.91
coder,13595,12462,14386,133.07
coder,13595,12592,14479,140.43
coder,13595,13706,15952,145.91
coder,16082,3103,5464,45.17
coder,15039,4404,6028,47.41
coder,17649,2908,6446,54.22
coder,15176,6291,7866,78.50
coder,14915,3963,5246,51.30
coder,18057,7519,11391,93.46
coder,18387,1846,5157,38.00
coder,13816,691,3055,20.57
profiler,3992,941,1099,13.30
coder,16187,13221,15245,148.63
coder,15217,13719,16094,141.05
coder,15250,10337,11948,115.63
profiler,7259,6284,6466,81.47
coder,16850,4695,7163,66.84
coder,16013,8744,10480,108.51
coder,13690,16900,19059,184.41
profiler,4923,3392,3553,42.47
profiler,6257,2207,2388,30.21
coder,18023,16828,20015,183.15
coder,17756,6414,9785,93.27
profiler,4433,1468,1605,25.79
profiler,4078,1162,1338,17.87
coder,14660,2641,4994,40.70
coder,16755,3799,5556,57.35
profiler,4658,1244,1413,18.35
coder,21783,17520,21458,219.96
coder,18246,6157,9308,77.08
coder,17052,5702,8072,80.94
coder,15392,6384,8427,91.10
coder,15118,4358,6375,66.03
profiler,6413,4033,4190,58.43
coder,15242,8272,9902,110.71
coder,21042,9202,12729,146.11
sketch,5352,4026,5004,54.67
sketch,5358,7220,8388,80.18
coder,16944,9340,11951,136.69
sketch,5196,11427,12677,114.51
profiler,5435,3367,3520,50.75
coder,20721,11545,15521,175.25
coder,19307,14342,18288,199.72
profiler,4958,2683,2822,39.26
feature_extractor,5252,6412,7056,83.68
feature_extractor,5339,8402,9014,108.29
coder,17033,7199,9869,114.84
sketch,5181,6262,7217,82.88
feature_extractor,5451,11270,11909,142.64
sketch,5938,11505,12620,125.47
coder,18415,6307,9643,101.31
sketch,5618,13089,14334,146.51
sketch,5210,11349,12529,129.37
designer,12999,3476,4565,47.80
coder,17536,15200,19013,223.95
sketch,4909,14362,15385,170.76
coder,19258,15932,19818,198.32
feature_extractor,3745,4572,5171,64.94
coder,17181,3428,6091,57.79
feature_extractor,5276,4834,5344,59.16
feature_extractor,5785,9154,9550,121.12
feature_extractor,5049,6364,6812,83.78
feature_extractor,4843,8029,8518,101.06
feature_extractor,6007,13376,13784,172.96
coder,18775,7593,10991,109.55
coder,20729,14460,17710,184.72
coder,17189,7139,9505,88.79
designer,9434,3567,4660,42.64
coder,13274,11812,13699,132.45
coder,13274,13655,15355,145.52
coder,13274,13727,15266,161.72
feature_extractor,3726,7104,7539,87.97
designer,17801,8427,9783,84.10
profiler,6515,5860,6041,75.82
profiler,6340,3434,3592,44.46
coder,15715,4330,5892,69.32
coder,12755,6855,8500,103.01
coder,16766,14503,16796,191.85
feature_extractor,3979,9147,9503,119.44
coder,12755,12046,13811,155.86
coder,15354,4454,6064,70.40
coder,16002,6205,7771,90.34
coder,16656,5714,7991,86.49
coder,12755,17277,18813,224.20
coder,15432,5199,7064,89.99
coder,15299,4331,5852,60.21
coder,12298,9390,11501,116.87
coder,13392,9571,11853,132.72
coder,16020,5727,7273,89.40
coder,16909,3735,6015,64.20
coder,15165,1957,3452,37.16
coder,15933,1920,3600,38.01
profiler,7218,6689,6873,85.72
coder,13011,15297,17892,205.36
coder,17029,3885,6229,65.76
coder,15534,7041,8782,89.98
sketch,5584,11282,12373,121.55
profiler,6146,6326,6527,82.22
coder,16099,11378,13503,160.51
sketch,5494,13811,14873,149.74
coder,15913,8745,10347,112.53
coder,17306,11515,13919,149.30
feature_extractor,5599,8041,8669,102.74
feature_extractor,5485,8995,9471,118.36
designer,15582,7372,8600,61.44
profiler,6386,5719,5940,67.73
feature_extractor,3864,14964,15637,160.42
coder,16019,9107,11758,110.49
profiler,6258,3890,4079,44.66
coder,15766,9137,11495,102.77
sketch,5358,8134,9072,89.22
sketch,5089,8835,9827,89.82
coder,12760,7874,9728,91.16
coder,16615,17752,19890,180.35
sketch,5134,11842,12795,130.53
sketch,5464,10241,11403,102.61
coder,12783,12754,14450,133.28
sketch,5289,11505,12626,117.04
feature_extractor,5014,4478,4946,49.09
feature_extractor,5243,4662,5112,54.69
profiler,6828,3491,3680,45.80
sketch,5207,19201,20369,172.58
feature_extractor,5021,7622,8089,88.97
coder,13396,23500,25514,240.70
feature_extractor,5290,4570,5219,55.12
feature_extractor,5334,6382,7037,74.95
profiler,4412,2003,2163,22.75
feature_extractor,5540,7580,8187,90.32
profiler,3967,3131,3328,38.94
designer,14091,2365,3580,29.99
designer,9112,9186,9920,117.53
coder,16429,3820,5692,54.11
coder,16039,4945,6780,60.10
profiler,3961,1297,1451,14.16
feature_extractor,3425,5919,6332,60.99
feature_extractor,3865,5987,6588,66.99
coder,15903,16709,18888,166.26
coder,15638,3987,5964,55.58
coder,13719,7368,9136,85.87
coder,14183,10963,12517,113.00
coder,11830,11003,12069,122.39
coder,13394,11653,13010,123.09
profiler,4054,2061,2239,26.15
coder,11830,11645,12820,140.95
profiler,7508,1678,1893,20.51
coder,17069,7796,9558,84.29
coder,11830,15072,16620,191.18
coder,15458,4040,5548,52.91
sketch,5467,11000,12075,100.56
sketch,5560,13997,15160,114.32
profiler,8463,1813,2051,21.12
coder,14835,10843,11983,116.01
coder,16350,22004,24258,239.85
sketch,5473,24343,25582,197.70
coder,15585,8391,9798,97.88
profiler,3255,5641,5792,68.46
coder,15000,12619,13999,162.82
coder,13966,16155,17660,197.72
feature_extractor,5669,10191,10653,109.98
coder,17763,6228,8495,69.26
feature_extractor,5500,10904,11299,121.69
coder,15570,8400,9969,95.96
feature_extractor,5669,12617,13024,133.96
coder,14294,9975,11543,121.69
coder,14113,10421,11894,129.87
coder,16028,3182,4739,45.68
designer,15814,6071,7333,58.71
coder,15867,5639,8052,71.29
profiler,6292,4814,5050,58.97
coder,15965,2832,5068,43.08
feature_extractor,3910,13620,14049,143.49
profiler,6205,6091,6329,65.13
coder,14344,11957,13398,138.53
sketch,5154,4938,6142,52.88
coder,12553,7980,9926,92.75
coder,12553,14097,15810,137.38
coder,12553,14151,16236,138.01
sketch,5391,15899,17113,130.51
sketch,5184,14003,15292,132.05
coder,15512,3492,5414,47.22
coder,17032,16481,18726,145.54
feature_extractor,5269,6134,6756,65.87
profiler,5147,3809,3950,50.67
coder,15121,11927,13319,147.56
feature_extractor,5352,7965,8637,88.93
feature_extractor,5521,9649,10234,102.03
coder,15609,7412,9302,89.49
profiler,4300,391,555,7.61
designer,13586,8022,9267,76.98
sketch,6190,5942,7036,55.96
profiler,4000,5337,5547,72.94
sketch,5801,8731,10066,94.04
profiler,3983,4542,4734,61.49
sketch,5916,13643,14840,121.22
feature_extractor,3899,7705,8276,89.81
sketch,5506,5441,6578,61.89
sketch,5497,9552,10604,103.01
sketch,5328,13390,14527,128.19
coder,14854,22106,23699,289.09
coder,15553,10569,12346,145.65
feature_extractor,6032,14947,15389,170.47
coder,16015,12393,14146,157.16
feature_extractor,6008,13261,13768,175.10
feature_extractor,6234,15098,15877,184.88
coder,16015,14331,16065,178.41
feature_extractor,5424,7608,8038,100.21
coder,16967,2716,4432,49.10
coder,18665,6437,8188,94.77
profiler,5068,1012,1168,15.41
feature_extractor,5464,14740,15448,187.60
coder,16969,5974,7801,88.91
feature_extractor,5600,16421,16840,208.49
designer,17211,13522,14862,130.83
designer,15705,2853,4046,39.61
profiler,5088,5006,5172,73.59
coder,18472,9682,11546,123.31
feature_extractor,3945,9344,9747,115.29
coder,14360,23652,24695,317.22
feature_extractor,3865,16815,17251,198.41
profiler,7972,7564,7748,99.79
coder,13492,9115,11083,93.90
coder,13248,9256,11034,94.81
sketch,5435,4293,5400,57.37
coder,12341,12841,14841,145.58
coder,13703,14489,16918,162.32
coder,13747,11414,13387,129.27
sketch,5319,8327,9520,94.84
sketch,5347,10702,11906,110.87
coder,15861,7964,10080,93.18
coder,13710,15515,17448,168.06
coder,15992,6737,8598,98.44
coder,16710,3594,5544,62.01
feature_extractor,5435,4045,4673,59.16
coder,17120,6158,8635,80.51
feature_extractor,5426,6855,7529,83.32
coder,13975,23654,25251,291.98
feature_extractor,5462,8884,9564,112.00
coder,16426,10466,12437,138.89
coder,17277,6167,8106,94.30
profiler,5359,3382,3568,62.59
designer,14603,4813,6165,59.55
coder,16791,8277,10545,98.76
coder,16423,10233,12064,142.99
coder,15676,3938,5986,66.97
coder,16469,15387,17508,200.71
feature_extractor,3994,6049,6659,79.78
coder,15116,10122,11200,148.25
profiler,5237,4276,4524,64.49
coder,16549,15580,17599,193.37
coder,14103,6915,8700,101.31
profiler,5467,4085,4341,59.54
coder,16853,9634,11606,129.99
coder,14538,10801,12727,131.26
sketch,5648,2559,3645,38.35
coder,16328,13439,15977,187.49
coder,16775,3378,5178,58.29
coder,13973,10505,11703,128.44
sketch,5422,6115,7237,76.05
sketch,5552,9124,10025,101.42
profiler,7385,4517,4723,63.14
coder,16479,11440,13539,161.89
coder,21439,8905,10719,121.61
profiler,6482,2567,2766,34.73
feature_extractor,5495,7297,7714,102.34
coder,15557,20487,22489,277.54
feature_extractor,5411,8696,9161,118.49
sketch,4771,13139,13887,149.26
sketch,5174,13198,14106,157.10
coder,15210,7612,9659,103.47
feature_extractor,4482,2991,3401,43.07
feature_extractor,5678,15787,16381,199.77
feature_extractor,4993,5402,5844,70.00
coder,18518,15343,17886,207.65
designer,9500,3634,4598,57.06
coder,16455,8562,10708,120.63
coder,16784,11841,14043,154.73
coder,18963,20550,22263,244.66
designer,15214,7993,9062,120.88
feature_extractor,3604,5124,5552,66.71
profiler,4196,3372,3554,55.11
coder,16032,13985,16518,191.32
profiler,6361,3422,3656,47.31
coder,13916,9642,11047,135.78
coder,13280,11011,12239,157.19
coder,13916,13292,14564,181.97
sketch,5431,5999,7199,69.63
feature_extractor,3738,17929,18584,229.95
coder,16449,13186,15524,156.41
sketch,5500,10642,11950,103.51
coder,16273,7219,8742,101.67
coder,15470,10276,11577,125.28
sketch,5310,20214,21273,191.72
coder,13044,10170,12261,118.36
coder,12063,12583,14479,147.99
coder,12776,12847,14725,153.67
coder,18147,16497,19054,204.44
coder,15527,11922,13449,166.96
feature_extractor,5684,6891,7482,96.77
feature_extractor,5546,8846,9514,113.43
feature_extractor,5285,11220,11833,138.32
coder,16218,3916,5981,64.04
coder,15887,3012,4903,49.87
profiler,7141,5371,5568,68.36
coder,16312,8980,11703,105.33
coder,15682,6170,7618,69.93
coder,15736,10843,12965,128.89
coder,15928,6511,8198,77.93
profiler,6089,2755,2972,33.01
profiler,6291,1966,2103,25.28
profiler,5293,1228,1377,16.81
profiler,6901,5320,5429,65.55
profiler,6211,2690,2913,31.52
profiler,5926,2174,2297,26.89
sketch,5478,4206,5285,40.58
profiler,4173,1201,1425,16.52
sketch,5069,9934,10748,98.81
sketch,5129,9669,10293,100.00
sketch,5677,4879,6053,54.29
sketch,5657,11955,12846,100.16
sketch,5700,6177,7363,62.61
sketch,4916,17093,18059,153.55
sketch,5290,14893,16012,116.37
sketch,6262,9578,10659,94.71
feature_extractor,4713,4097,4520,49.68
feature_extractor,4807,5878,6313,68.39
feature_extractor,4838,6399,6840,68.37
feature_extractor,5550,5915,6362,68.95
feature_extractor,5355,7727,8250,85.18
feature_extractor,5817,9473,9859,109.79
designer,14108,5729,6337,67.84
feature_extractor,6291,10747,11131,121.54
feature_extractor,5498,14031,14566,162.72
feature_extractor,5796,13806,14218,148.49
designer,14942,4980,6046,42.39
feature_extractor,3307,6921,7332,77.83
designer,17843,3412,4747,40.37
coder,12336,5861,7274,80.33
coder,12336,9208,10276,96.34
feature_extractor,3980,6441,6788,72.40
feature_extractor,3719,10592,11009,117.22
coder,12336,10112,11595,119.25
coder,14119,6210,8056,73.16
coder,14709,8096,9651,104.84
coder,13875,8760,10860,99.05
coder,13612,9340,11805,115.78
coder,14793,10213,11761,125.02
profiler,5280,2847,3026,38.42
coder,14421,13624,14911,165.98
coder,13872,14065,15932,156.46
profiler,4162,2719,2928,37.55
coder,12743,20180,22287,199.05
coder,11750,17537,19876,183.63
coder,14923,9095,10492,108.43
coder,18298,5694,8017,73.74
coder,14568,5735,6973,66.04
coder,17826,5692,7968,64.68
coder,14789,11077,12470,117.35
coder,15114,13127,15180,130.44
coder,16950,11078,12972,120.57
profiler,3986,2594,2804,30.48
profiler,3500,7236,7413,81.31
profiler,5672,1064,1273,14.91
sketch,5461,1673,2555,22.34
coder,16157,6194,8861,86.82
sketch,5488,4614,5451,46.34
coder,15132,12702,14917,132.95
coder,13785,12038,13269,125.77
coder,18197,3640,6379,56.02
sketch,5676,17527,18603,142.40
profiler,5588,2425,2588,33.82
coder,14521,9656,10858,114.84
feature_extractor,5281,7927,8364,91.67
coder,17148,29067,31375,283.10
coder,17168,2499,4688,42.13
feature_extractor,5302,15002,15645,166.91
coder,14531,8174,9411,106.32
feature_extractor,5681,14560,15139,174.78
coder,18385,17692,20208,169.07
coder,14562,5511,6755,69.61
coder,18027,10924,13651,128.99
coder,15800,17277,19501,185.77
coder,14568,10108,11294,112.95
coder,17203,5260,7982,77.09
coder,17822,7729,9939,93.27
coder,14534,7196,8514,77.70
profiler,4266,2033,2138,24.66
coder,14636,6932,8132,77.15
coder,16437,10806,13173,113.09
coder,17306,1524,3904,29.11
sketch,4994,8643,9334,89.44
sketch,5018,9139,9902,96.68
feature_extractor,4649,3037,3565,34.05
feature_extractor,4744,4752,5199,52.46
coder,15470,3591,6053,49.64
designer,12452,4628,5543,52.22
sketch,5775,6697,7839,72.30
feature_extractor,3575,5645,6072,63.70
sketch,5771,11236,12496,103.02
coder,16428,5477,7568,72.51
coder,15223,10904,12407,122.60
feature_extractor,5869,8526,8975,106.10
feature_extractor,5956,13975,14558,169.31
coder,18338,9002,10563,126.99
designer,18317,2333,3588,35.53
coder,17764,19638,21048,236.72
profiler,3526,1060,1223,16.49
coder,18017,11655,13165,162.08
profiler,6336,3570,3705,56.09
feature_extractor,3906,10515,10885,143.41
profiler,4881,3722,3871,55.41
coder,13340,4694,6762,69.35
coder,16142,5306,7295,70.87
sketch,5163,9940,10652,112.31
sketch,5105,9893,10665,116.29
sketch,5028,10538,11391,119.48
coder,11363,16647,18694,205.07
coder,12805,18144,20273,213.13
feature_extractor,4831,3909,4337,52.60
feature_extractor,4824,5046,5518,68.85
feature_extractor,4808,6407,6866,85.93
coder,15387,4418,6417,68.39
coder,14936,6765,8744,88.41
coder,15050,10730,12754,135.68
profiler,4071,6026,6170,84.86
coder,14122,9583,11559,114.18
coder,16129,10161,12183,116.78
coder,15962,6533,8544,76.28
coder,16131,14266,16283,154.83
coder,16666,10340,12331,115.59
coder,15698,16396,18410,190.18
coder,14887,14869,16991,158.71
coder,15941,2829,4945,42.40
coder,16325,7522,9543,88.48
coder,13578,4216,6224,54.98
coder,16883,6468,8606,76.76
coder,16723,7341,9595,87.45
coder,17506,12066,14017,106.48
profiler,7818,4904,5070,53.61
coder,15933,4041,6070,54.41
coder,14391,27810,29956,319.92
sketch,5576,14700,15780,122.99
sketch,5825,17142,18265,137.59
feature_extractor,5598,11194,11606,120.98
feature_extractor,5894,18313,18697,189.77
designer,17208,7391,8619,75.38
feature_extractor,3895,7377,7751,80.54
coder,13286,12825,14934,150.51
coder,13433,16034,18218,209.81
coder,12811,19424,21741,219.04
coder,17458,6259,8313,75.91
coder,16450,5380,7572,76.68
coder,16625,6728,8812,75.71
coder,16911,10973,13335,135.25
coder,16671,6018,8325,82.66
profiler,8022,1941,2107,31.26
coder,16101,18728,20886,246.62
coder,17517,22190,24269,311.08
coder,16910,6028,8070,82.79
coder,17033,7792,10309,110.51
coder,15835,10760,13013,141.20
coder,16786,6103,8361,90.76
coder,16898,14655,16741,213.01
coder,15760,10204,12240,137.58
coder,17064,17625,20210,237.56
coder,16078,12437,14540,162.37
coder,17141,4260,6744,71.86
coder,15695,6953,9178,99.79
profiler,4513,1656,1836,23.85
coder,16261,8349,10513,97.43
coder,16069,7119,9386,98.88
sketch,5873,3544,4605,38.73
sketch,6017,3614,4619,41.09
feature_extractor,5978,5585,5945,66.20
feature_extractor,5891,10335,10725,115.16
designer,17749,7718,8937,72.12
feature_extractor,3875,13367,13730,149.02
coder,13318,5972,8116,74.07
coder,11203,8943,10910,93.29
coder,13306,10565,12489,104.88
profiler,4221,3060,3203,36.97
coder,12957,3834,5635,47.35
profiler,4023,3154,3331,54.41
coder,17879,4772,7033,58.73
profiler,4340,6011,6172,70.83
sketch,5720,6969,8098,74.09
sketch,5838,11476,12681,109.09
sketch,5524,24680,25918,184.83
feature_extractor,5702,6984,7348,73.30
feature_extractor,5981,10102,10468,113.44
feature_extractor,5790,11877,12266,137.98
designer,17234,5084,6291,60.68
feature_extractor,3851,12965,13394,169.97
coder,13346,7826,9804,111.61
coder,13690,15432,17421,163.72
coder,14326,17385,19394,197.47
profiler,4062,2670,2864,74.15
coder,16658,3405,5326,48.18
profiler,5377,2307,2431,35.15
designer,20828,9977,12199,134.52
profiler,7486,2911,3059,41.32
sketch,5560,6073,7182,79.57
sketch,5560,6654,7784,80.43
feature_extractor,4828,14211,14909,172.66
sketch,5525,19724,20829,196.77
coder,14679,7591,10366,128.89
feature_extractor,5571,9224,9572,122.90
feature_extractor,5615,9597,9999,132.21
feature_extractor,5630,12610,13037,168.87
coder,14334,22247,25587,287.01
coder,16413,23447,26735,309.06
coder,17700,6193,9056,103.10
coder,20027,4671,8087,72.12
coder,18766,3789,7076,64.06
coder,20735,10896,13756,125.97
coder,21191,16730,20597,206.35
coder,20328,5890,9212,88.20
coder,19845,5928,8694,78.88
profiler,9455,1423,1628,23.32
coder,18214,2714,5514,50.23
coder,21675,9769,13488,107.09
coder,19791,15683,18366,170.75
coder,19240,12955,16787,165.36
profiler,7342,3203,3380,34.06
coder,21946,10038,13642,132.00
coder,17634,8337,11934,114.97
coder,21392,10687,14224,140.00
profiler,9658,4229,4438,54.62
sketch,7107,14633,16525,133.65
sketch,6321,25426,27284,226.30
sketch,6908,38341,39838,281.91
feature_extractor,7887,13896,14880,146.69
feature_extractor,7058,14174,14747,157.95
feature_extractor,7330,15612,16736,165.69
designer,22329,3166,4955,35.58
feature_extractor,4471,12859,13326,146.40
coder,13238,9483,12687,103.75
coder,13238,10320,13443,134.00
coder,13874,15848,19155,159.24
profiler,7828,3304,3488,42.37
profiler,7942,3698,3847,55.22
coder,17470,8046,10950,127.27
coder,17893,13939,17304,163.24
coder,18356,7045,10352,92.99
coder,17667,3785,7183,65.54
coder,18417,6844,10254,106.74
profiler,8023,3986,4181,60.39
sketch,6812,17335,19253,144.94
sketch,6923,19005,20780,156.70
sketch,7003,32236,34203,231.41
feature_extractor,7846,11781,12233,121.82
feature_extractor,7629,12547,12984,134.50
feature_extractor,7621,13269,13688,144.23
designer,23605,8611,10694,78.23
feature_extractor,4751,9051,9493,78.62
coder,13082,6738,10297,91.88
coder,13795,10607,13784,116.06
coder,13082,15681,18859,137.90
coder,18017,11054,14457,105.74
coder,16922,10994,14147,120.24
coder,18089,9519,12729,106.81
coder,17604,15323,18752,150.60
coder,17350,4128,7298,60.66
profiler,7817,3613,3751,46.60
coder,18272,12126,15585,129.02
profiler,7802,4309,4463,57.60
coder,17597,16936,20471,181.61
coder,17376,6839,10343,88.83
coder,17620,4483,8050,65.96
coder,17499,5436,8924,70.31
profiler,9335,2762,2928,33.37
sketch,7061,4421,6131,50.78
sketch,6797,15334,17220,148.44
sketch,6744,18288,19938,158.31
feature_extractor,7668,9649,10104,106.25
feature_extractor,7554,16247,16762,174.96
feature_extractor,7313,16752,17402,181.09
designer,21446,19691,21846,912.67
feature_extractor,4851,12020,12463,156.81
coder,12914,12682,15861,163.80
coder,13182,17916,22348,250.17
coder,17973,6000,8746,89.14
coder,17762,4241,7687,68.67
coder,13273,29928,33887,338.44
coder,17846,3059,6494,51.20
coder,18720,3411,7441,57.71
coder,17859,10057,12674,109.08
profiler,8037,954,1154,15.89
coder,19102,5927,9113,79.45
coder,16912,9268,12250,108.91
designer,13822,2888,3980,34.06
designer,20335,6969,9232,76.21
designer,12480,7358,8725,80.70
designer,19532,10889,13396,92.95
feature_extractor,4055,8028,8720,90.58
feature_extractor,4881,10564,10993,122.75
feature_extractor,3691,12994,13396,146.25
coder,13911,7004,10614,101.80
feature_extractor,5005,17899,18717,200.56
coder,16546,987,4065,28.44
coder,12890,12005,13963,121.17
designer,3654,12529,13846,122.51
coder,12890,11958,13983,132.80
designer,3659,11770,13402,126.40
coder,17194,12579,16970,186.87
coder,11041,14363,16389,159.74
coder,13525,15274,18647,180.48
coder,17635,2484,5480,40.46
feature_extractor,3891,4033,4533,49.60
coder,13735,7344,10785,97.79
feature_extractor,4206,4438,4932,53.22
profiler,6618,3094,3270,33.27
coder,13691,20773,23591,244.46
coder,15133,915,2913,22.54
coder,12781,20184,23580,236.87
coder,13950,3269,5364,49.37
coder,13571,13609,16961,145.66
coder,13744,2512,4807,41.41
coder,18962,4654,7788,74.12
coder,15509,6944,8541,77.72
coder,13744,5698,7420,64.90
coder,15509,8883,10328,94.91
coder,18174,7057,10615,95.29
coder,14340,27381,29186,332.88
coder,18906,10117,13314,136.47
coder,16024,12760,14059,138.22
coder,13744,12111,13916,123.15
profiler,6671,6313,6529,74.54
coder,17804,5090,8458,67.61
coder,18692,11319,14059,131.39
profiler,8030,3917,4176,55.47
coder,16735,20653,23851,192.15
coder,19604,2957,5174,48.97
coder,17123,5503,8689,74.88
coder,13571,40483,43928,367.78
coder,17875,7283,10609,80.54
coder,18403,2366,3834,40.66
coder,18023,10073,11640,128.54
profiler,7511,5341,5518,73.31
coder,20247,12970,13761,162.83
coder,17844,4170,7549,71.29
coder,16702,1222,2534,22.88
sketch,5569,7929,8821,75.65
sketch,5519,10339,11358,90.03
coder,18023,4304,7720,62.16
coder,18173,12653,15205,156.97
sketch,5466,15605,16583,139.00
profiler,5446,3877,4052,51.89
coder,20696,9853,12649,128.25
profiler,7831,3745,3893,44.66
feature_extractor,5495,10606,11006,115.71
feature_extractor,5372,11298,11750,116.71
feature_extractor,5421,12092,12578,131.26
designer,13264,964,2050,18.25
coder,17381,6809,10460,93.63
feature_extractor,3655,6907,7269,82.32
profiler,6341,2568,2725,36.26
coder,12552,8249,9716,102.66
coder,10933,7079,8939,103.38
coder,12140,13785,15334,171.13
profiler,7604,5592,5737,81.18
coder,17235,3938,7244,70.31
profiler,10030,6102,6290,100.86
profiler,7931,9206,9355,148.01
profiler,5546,2770,2975,39.46
coder,20563,18810,20629,255.99
profiler,5032,3893,4035,58.82
coder,18646,13883,16788,187.89
profiler,4808,1666,1863,24.66
sketch,5374,8543,10416,103.18
profiler,9327,3795,3965,60.84
coder,18505,2896,4511,49.91
sketch,5741,10446,12410,109.50
sketch,5272,10204,11747,115.48
coder,14350,3774,5479,58.89
profiler,9275,1483,1615,24.03
feature_extractor,6054,6036,6559,82.73
feature_extractor,6558,6370,6843,89.31
feature_extractor,5696,6680,7196,91.60
sketch,6894,5077,7014,76.60
sketch,7010,12915,14540,145.01
profiler,9996,8915,9065,123.35
designer,10566,3145,5102,49.52
sketch,6816,15830,17830,177.92
feature_extractor,4468,3455,3938,40.54
sketch,7009,4162,6240,60.62
profiler,5189,2635,2766,39.38
profiler,7439,6274,6532,92.80
sketch,6974,14186,16371,149.73
feature_extractor,7738,8794,9214,118.97
sketch,6905,14115,16112,152.11
profiler,5320,6076,6263,89.41
profiler,3709,4841,5048,75.50
designer,12398,6139,8245,97.02
feature_extractor,7529,13384,13753,170.96
feature_extractor,7646,14145,14656,172.83
sketch,5224,3607,4520,47.45
feature_extractor,4606,4130,4619,59.07
sketch,5005,5585,6494,71.35
sketch,5179,5856,6518,74.79
feature_extractor,7971,9425,10142,114.32
sketch,5384,9623,10586,108.74
designer,12536,3097,5155,44.74
feature_extractor,7952,14087,14867,186.24
feature_extractor,7758,15021,15788,186.33
designer,23460,9975,12001,134.11
coder,18721,25668,28845,342.59
feature_extractor,4563,5519,6029,73.35
sketch,4891,18451,20225,190.03
feature_extractor,5091,6094,6446,83.63
designer,19051,3532,5785,51.20
feature_extractor,5281,11359,11769,141.84
sketch,5048,29312,31074,257.70
coder,17096,4338,6911,69.23
feature_extractor,4869,11796,12258,158.17
coder,17096,5819,7455,84.83
coder,17096,8031,9653,102.59
designer,13857,1928,3540,34.49
feature_extractor,4815,4266,4582,53.69
feature_extractor,4649,11729,12131,158.11
feature_extractor,5578,4488,4975,60.26
feature_extractor,5670,7717,8220,94.84
feature_extractor,4823,11650,12516,148.55
coder,19340,12266,14265,183.22
coder,20528,4736,7279,75.39
feature_extractor,4131,10564,11040,125.37
coder,14534,10531,13710,136.18
coder,12658,8651,14027,136.33
designer,9274,3289,5205,48.26
coder,14338,14258,17370,132.91
coder,19674,4236,5702,52.20
coder,14606,13220,17024,147.46
feature_extractor,4478,5585,6060,56.74
coder,13508,14045,17135,154.84
coder,13502,8480,10594,88.90
coder,12521,7412,9800,89.47
coder,15762,23877,27289,237.37
coder,16968,9545,11325,116.05
coder,16809,6361,9514,84.26
coder,12521,16449,18520,148.64
coder,20010,4202,7260,62.06
coder,19689,14040,15604,122.04
coder,16365,6471,8707,70.62
coder,17451,8147,11332,93.36
coder,13822,3836,5349,56.94
coder,19347,2094,5683,37.24
coder,13822,3750,5538,90.02
coder,18746,4727,7883,58.89
coder,16426,7290,9090,66.67
coder,13822,10499,12070,127.82
profiler,7078,3056,3255,28.61
coder,18206,10607,13789,97.32
profiler,4355,1861,2010,147.74
coder,19497,8118,9909,269.72
coder,16484,3830,5361,42.03
coder,16264,6081,7636,61.65
profiler,5317,3115,3234,28.98
profiler,7817,2989,3179,29.00
profiler,4088,1156,1322,14.42
coder,16262,16700,19646,159.96
coder,15698,6310,8538,54.66
coder,17419,17992,21744,168.39
coder,17071,18401,20450,178.75
coder,18131,24060,27093,217.48
coder,19812,3696,5523,44.91
profiler,7700,1615,1804,21.70
profiler,10581,1237,1435,91.59
coder,15922,4487,6002,38.21
coder,17922,11290,14486,93.19
coder,19426,11836,14682,101.62
coder,18131,8480,11714,86.38
coder,19643,15473,17673,136.99
profiler,5584,4157,4303,35.74
coder,18645,8449,11518,81.04
sketch,5451,5235,6060,46.83
sketch,5867,9287,10290,72.88
sketch,4485,9868,10417,77.38
coder,18457,11045,14476,99.22
profiler,5559,2198,2387,24.45
sketch,5726,15617,16601,102.85
sketch,5145,4227,5493,38.41
sketch,5600,20077,20999,134.92
profiler,6603,4922,5085,46.69
feature_extractor,4001,7933,8353,70.29
sketch,5383,9342,10052,68.94
sketch,6050,13998,15561,107.46
feature_extractor,5232,13240,13711,114.89
feature_extractor,5469,8462,8887,71.50
feature_extractor,6507,2563,3043,23.91
coder,18347,11220,14026,94.73
feature_extractor,5788,9532,10068,79.18
feature_extractor,5308,4296,4800,39.88
feature_extractor,5672,11250,11710,95.34
feature_extractor,5064,6704,7028,53.54
designer,12967,8281,8863,65.44
designer,13911,4215,5149,37.06
feature_extractor,3294,6099,6479,50.91
designer,9590,1654,2602,16.21
coder,16711,10253,13513,98.87
feature_extractor,3630,3852,4193,36.90
profiler,6523,2545,2717,25.26
coder,12583,9650,10775,92.21
coder,11921,11725,12966,99.23
sketch,5145,2857,3538,25.61
coder,15238,11153,12059,104.11
feature_extractor,3517,18567,19149,157.54
sketch,5080,5549,5817,47.16
coder,15778,4979,6684,46.85
sketch,5154,14874,16870,100.87
coder,13768,10708,12229,93.27
feature_extractor,4359,4450,4960,40.93
coder,16572,15194,18295,156.73
coder,17864,7364,8574,82.38
coder,13055,12739,14464,107.00
feature_extractor,4801,6112,6469,51.28
feature_extractor,6006,5757,6253,52.70
coder,14607,8684,10056,108.04
profiler,9309,2764,2904,24.71
coder,13872,11956,13338,100.71
coder,17773,4048,5641,36.32
designer,7991,5537,6242,47.49
feature_extractor,3384,4088,4416,37.39
sketch,7149,18766,21347,137.50
sketch,6804,21432,23951,143.62
coder,16211,16459,20122,165.31
sketch,6990,33279,35785,199.38
coder,16996,5714,6895,56.04
feature_extractor,8093,11735,12629,107.98
coder,12952,6823,8340,86.86
feature_extractor,8240,13206,14128,118.77
coder,10779,10486,11761,90.93
coder,11333,10185,11371,127.41
coder,15137,4911,6261,41.62
feature_extractor,8542,15322,16147,144.84
profiler,10835,5526,5710,61.76
coder,15254,2547,3938,35.31
profiler,7855,4010,4168,43.91
profiler,3539,3485,3615,44.41
coder,17523,5943,9067,78.12
coder,16656,4944,8406,70.45
coder,16767,4541,5537,47.83
profiler,10154,5982,6096,75.73
coder,18527,5894,9053,72.17
profiler,6686,3834,3983,40.25
coder,17402,789,2527,18.16
profiler,4941,9677,9893,132.28
profiler,4968,5948,6127,73.97
coder,15986,4081,5585,58.17
coder,20204,10431,13865,119.19
profiler,6375,10358,10486,122.31
profiler,10247,6158,6296,78.87
sketch,4688,8983,9518,98.06
sketch,4598,8453,8927,107.53
sketch,4800,10052,10460,116.21
feature_extractor,4185,2502,2881,33.36
profiler,7203,6461,6606,88.08
feature_extractor,4195,8482,8860,105.23
profiler,5132,4900,5009,70.59
sketch,5109,10584,11422,103.11
sketch,5051,9015,9975,110.84
feature_extractor,4043,13343,13757,178.89
profiler,7772,3890,4030,57.04
profiler,7035,932,1070,14.21
sketch,4788,3268,3920,48.70
sketch,5263,22371,23322,202.71
sketch,5099,7902,8588,78.54
sketch,4878,12240,14369,130.74
designer,10580,11376,11846,161.35
feature_extractor,4943,7789,8350,104.02
feature_extractor,4908,7737,8100,106.89
feature_extractor,5189,9410,9881,123.74
coder,17023,15319,18818,224.35
feature_extractor,4758,6378,6689,82.25
feature_extractor,4410,6829,7160,90.62
feature_extractor,3201,6584,6929,90.65
feature_extractor,5866,8844,9317,119.00
coder,11463,2810,3638,39.21
profiler,7329,7369,7513,115.85
coder,11463,7941,8814,97.81
designer,8352,1071,1888,19.82
coder,17066,8636,11869,128.52
sketch,5092,4545,5100,60.07
coder,10951,8790,9569,115.73
sketch,4792,5866,6559,73.56
sketch,4956,5321,5995,73.94
feature_extractor,3485,4240,4539,56.33
feature_extractor,4446,3183,3529,45.49
feature_extractor,4590,3997,4333,59.21
feature_extractor,4620,4442,4801,60.23
sketch,6829,12617,14550,130.32
sketch,6751,15665,17512,155.30
profiler,9520,8503,8714,129.94
designer,9456,2974,3627,40.15
feature_extractor,7623,10869,11789,147.35
feature_extractor,3335,5687,6007,77.27
feature_extractor,7475,15025,15797,196.34
designer,21571,2306,4293,28.51
coder,12087,9030,10412,127.22
profiler,9564,9143,9378,126.34
coder,12087,12880,14433,143.29
coder,12087,11370,12624,140.56
profiler,9459,4193,4366,51.91
sketch,4527,5905,6380,71.70
feature_extractor,4642,13792,14597,158.23
coder,12134,4718,5843,60.42
sketch,4465,8578,9038,103.22
sketch,4573,8570,9034,104.71
coder,11406,8173,9286,117.79
feature_extractor,3978,2074,2460,28.72
coder,11299,10170,11445,147.11
feature_extractor,3907,3912,4306,47.64
feature_extractor,4008,4589,4960,54.08
profiler,6623,2152,2301,30.41
coder,14072,9826,13515,130.26
coder,14072,13194,16329,161.72
coder,14072,15775,19294,199.23
coder,18657,2310,5491,50.42
profiler,5024,8858,9055,112.21
profiler,4916,6234,6403,85.96
coder,18010,4665,7789,68.86
coder,14485,2957,4292,67.56
coder,17616,799,1985,14.15
coder,18425,3798,7238,60.03
profiler,5287,1890,2072,23.00
sketch,5127,3060,4499,34.66
sketch,4977,3689,4345,36.87
sketch,4863,9311,10003,82.51
feature_extractor,5443,4633,5112,52.01
feature_extractor,4607,5309,5642,60.59
coder,14598,7206,8622,82.30
coder,18492,11494,14651,143.30
feature_extractor,4517,6892,7218,79.67
coder,17329,1574,2938,24.54
coder,18322,7020,10234,90.16
coder,18580,8820,12289,113.84
designer,9265,1298,2054,14.30
feature_extractor,3430,2615,2930,28.94
coder,18365,12755,15935,150.65
coder,12444,5322,6587,57.85
coder,12444,6457,7861,69.23
profiler,7229,5871,6095,63.40
coder,12032,17058,18260,156.18
profiler,7807,4214,4406,48.35
profiler,7203,2025,2200,22.87
coder,17801,14585,18013,165.08
sketch,5002,4453,5102,54.34
sketch,4739,10216,12007,97.04
profiler,7044,3316,3460,45.74
sketch,4961,12550,14419,125.33
coder,13481,3029,4295,45.81
feature_extractor,4620,3752,4078,50.06
feature_extractor,5385,4922,5404,66.39
coder,18387,3549,6971,62.67
feature_extractor,5689,6708,7204,92.79
coder,18380,18705,21944,225.79
designer,8070,5075,5897,58.02
feature_extractor,3501,4794,5144,59.83
profiler,6658,2265,2494,27.76
coder,18214,3021,6278,52.96
coder,18329,20511,23943,230.23
profiler,5017,3712,3882,54.16
coder,20235,4694,6108,80.44
sketch,4852,7060,7691,78.30
profiler,7898,2794,2952,45.22
coder,12966,9037,10182,117.17
sketch,4996,10632,11264,128.20
sketch,4849,12734,14831,149.38
coder,16802,15490,16569,193.79
feature_extractor,5771,4003,4503,55.12
coder,18547,10726,14158,169.00
feature_extractor,4603,5458,5820,73.25
feature_extractor,4460,7083,7539,97.49
profiler,6501,4901,5099,68.69
coder,16861,864,2073,19.57
designer,12229,5206,7205,56.93
coder,18594,5653,9165,101.14
feature_extractor,4556,6497,7029,86.96
profiler,6938,2646,2821,42.33
coder,16546,11491,13487,120.94
coder,16311,9120,11028,127.82
coder,17861,12092,14459,142.93
profiler,9666,5300,5501,83.93
coder,22891,2548,4566,45.96
sketch,6872,13313,14773,141.57
sketch,6786,14566,16525,154.78
sketch,7087,16779,18510,161.45
profiler,6611,1777,1915,24.63
sketch,4827,5318,5995,56.30
sketch,4692,5759,6421,61.46
sketch,5023,5815,6494,71.85
feature_extractor,7721,8305,8799,109.34
feature_extractor,7602,9597,9995,135.55
feature_extractor,4677,4714,5049,66.59
feature_extractor,7243,11940,11940,148.87
coder,22783,4153,6102,67.08
feature_extractor,4323,5623,5991,72.36
feature_extractor,4465,6694,7083,86.26
coder,20619,3127,5542,57.10
coder,15967,6514,8225,86.68
designer,11845,2851,3595,39.21
feature_extractor,3416,3516,3845,48.86
feature_extractor,7243,13328,13832,176.76
profiler,6967,2611,2763,44.24
designer,23759,8953,11124,141.87
profiler,7838,4644,4773,69.42
feature_extractor,4847,9544,10020,132.24
coder,14159,8743,12226,114.08
coder,13373,9229,12344,132.21
coder,11789,9099,10314,119.94
profiler,6732,5301,5436,74.03
coder,12704,15095,16784,197.44
coder,10823,12498,13635,231.16
sketch,5277,3389,4879,46.82
coder,15334,15466,18862,208.25
sketch,5949,4311,6303,66.08
coder,18723,6970,9728,96.31
sketch,5511,12233,13824,124.81
feature_extractor,5669,3977,4419,52.64
coder,18560,2369,5741,51.56
feature_extractor,5970,6166,6674,80.52
feature_extractor,6743,7111,7658,96.89
coder,18837,18292,21773,244.04
profiler,5001,5992,6133,85.20
designer,14605,4290,6328,51.57
feature_extractor,4555,3935,4467,54.18
coder,17815,2817,6368,65.46
coder,18813,13921,16726,199.23
coder,15016,6098,7559,80.45
coder,17451,7280,8789,99.03
coder,16094,10004,12686,122.23
profiler,5445,9384,9552,127.30
coder,18868,13296,16788,170.84
coder,19545,1485,3096,26.16
profiler,6989,2129,2359,28.31
coder,18320,8070,11681,116.24
sketch,4825,4791,6539,57.70
coder,17354,5928,8772,77.10
coder,16126,3702,5523,54.69
sketch,4753,8850,9422,88.76
sketch,5269,14108,15828,118.73
feature_extractor,5844,4133,4624,49.00
feature_extractor,4302,4629,4979,50.92
feature_extractor,5410,5659,6192,67.35
coder,17859,5170,7930,106.64
coder,19763,7230,10754,87.66
coder,17884,13399,16972,159.29
coder,19359,4957,6603,64.48
coder,18293,6692,9538,83.44
designer,10625,4427,5115,45.78
feature_extractor,3360,3336,3670,37.80
profiler,6832,6930,7164,73.71
profiler,9685,1875,2056,20.18
profiler,7281,1748,1934,20.20
coder,18874,10340,13936,124.31
coder,17102,5274,8162,69.32
profiler,6987,3353,3546,36.53
coder,12386,8027,9669,146.25
coder,11029,9201,10863,95.08
coder,18024,4415,7255,62.43
coder,18366,11305,15073,136.42
coder,12386,10162,11322,142.01
sketch,5229,6788,8562,61.72
sketch,5389,7736,8349,72.31
sketch,6275,7111,8858,76.92
feature_extractor,6886,3587,4076,41.27
feature_extractor,5850,4945,5438,58.22
feature_extractor,4975,5509,5874,60.86
coder,18298,10992,13956,133.41
designer,14869,4811,5437,43.40
feature_extractor,3308,3892,4194,43.19
profiler,7391,1697,1837,24.23
coder,19187,15442,19229,183.70
coder,13877,3293,4362,39.67
coder,17636,11586,14301,133.48
coder,14358,2506,4147,37.12
coder,12652,6899,8231,87.32
coder,15256,8882,10330,95.45
coder,18414,8960,12729,114.86
coder,14273,16639,18467,158.97
coder,17153,7739,10618,108.36
coder,18220,1047,2321,19.94
profiler,4870,2620,2787,33.69
coder,18798,15250,18969,163.23
coder,18349,2160,5923,44.50
profiler,6689,9625,9813,126.51
profiler,6680,4450,4632,60.80
sketch,5222,8378,10232,97.53
sketch,5224,13743,15442,113.21
sketch,4694,17225,19161,161.73
feature_extractor,5777,5904,6396,66.45
profiler,5014,4438,4584,62.06
feature_extractor,5475,5896,6411,67.93
feature_extractor,5912,6387,6951,69.64
coder,17076,3908,5608,44.95
sketch,7110,34387,36403,266.34
designer,12288,14671,16603,117.52
feature_extractor,4488,5402,5879,63.71
feature_extractor,7971,16577,17451,179.70
designer,21483,4054,6468,47.48
profiler,6925,7802,7964,89.30
sketch,4854,1790,2393,22.60
sketch,5271,6619,6901,75.78
sketch,5035,10831,12361,124.31
feature_extractor,5060,14541,15198,166.60
feature_extractor,4432,4284,4661,48.38
feature_extractor,5433,4940,5455,55.91
feature_extractor,4561,6679,7184,77.77
coder,13123,9484,13755,119.49
coder,13123,11712,15669,159.21
coder,18670,1112,5406,35.74
coder,13617,23347,27121,231.32
coder,17945,5468,9488,88.69
designer,16466,8052,9943,86.85
coder,19449,10065,14270,130.48
coder,17021,8008,9700,123.88
feature_extractor,4463,5251,5769,56.77
coder,17021,8854,10807,202.19
coder,19543,6238,10083,89.27
coder,17021,17002,18611,154.99
coder,18688,3363,8094,68.68
coder,19606,1986,3696,53.17
coder,19062,2061,3370,38.49
coder,18487,10195,14345,148.04
coder,19110,9349,13199,140.65
coder,19604,4544,6143,66.46
coder,18855,8083,12883,138.77
coder,14757,7511,9029,100.36
coder,15765,11545,13252,147.17
coder,17600,13631,15354,151.42
coder,18642,3333,7531,62.87
coder,17676,8172,12218,111.32
coder,16127,7780,9261,86.92
profiler,7520,2488,2684,29.10
coder,19461,4622,9411,78.25
coder,19919,6948,11096,99.42
profiler,5348,1944,2060,27.36
profiler,7382,3539,3766,44.89
profiler,6375,3064,3217,46.82
sketch,5283,3973,4582,51.55
profiler,10574,2171,2337,34.57
sketch,4902,6316,6993,81.13
sketch,5176,6540,8300,89.10
profiler,6544,9790,9977,128.67
feature_extractor,5804,4243,4720,54.55
feature_extractor,4555,3955,4287,54.93
feature_extractor,4852,6500,6830,81.52
coder,19426,3775,8596,81.42
coder,18419,14580,18820,194.47
profiler,6959,5083,5232,82.17
designer,10532,6068,6859,66.57
sketch,5082,4655,5296,56.86
feature_extractor,3476,3820,4131,53.75
sketch,5303,7118,7781,84.54
sketch,5284,8789,10385,122.81
feature_extractor,5751,3730,4186,47.84
feature_extractor,4704,5254,5619,71.87
feature_extractor,4943,7403,7737,96.33
coder,19445,17789,22499,267.71
profiler,10758,1433,1544,20.93
designer,14222,3492,4240,46.09
feature_extractor,3425,3758,4073,49.88
coder,20268,11005,15047,139.88
coder,12352,6695,8067,94.82
coder,18739,6424,10476,115.04
coder,11798,8619,10166,211.04
coder,12764,10485,11965,166.80
coder,20181,3345,7610,79.04
coder,11910,6391,7609,116.66
coder,10944,7236,8555,101.59
coder,11910,9481,10617,180.69
profiler,6411,1262,1402,20.72
sketch,7599,16754,19114,155.77
sketch,7777,24596,26888,230.88
coder,15146,5187,6578,70.54
coder,15203,3243,4506,51.03
feature_extractor,8935,12533,13111,155.79
feature_extractor,8813,14682,15097,194.99
coder,14362,3841,5475,54.39
profiler,6558,1663,1851,39.89
coder,15235,1776,3016,27.96
profiler,7182,2601,2775,29.29
coder,15009,11806,13282,126.46
profiler,4891,4470,4608,87.17
coder,14633,5329,6600,54.51
coder,14232,4301,5458,45.30
profiler,6538,5548,5679,56.54
sketch,5071,6568,6970,68.09
sketch,4956,10637,12489,102.33
sketch,4949,12745,13382,119.76
feature_extractor,4554,4668,5009,47.24
feature_extractor,5656,5806,6287,53.59
feature_extractor,4465,9106,9447,100.10
profiler,6334,3438,3598,39.99
sketch,4731,7385,9277,73.16
sketch,4748,10124,11687,107.49
designer,9564,2450,2975,25.69
feature_extractor,3224,2970,3437,36.29
sketch,4913,17570,19135,166.27
feature_extractor,5344,4667,5154,53.32
feature_extractor,5206,5268,5757,61.71
feature_extractor,5509,6072,6588,68.53
coder,12250,3062,4952,48.61
coder,14854,6551,8363,146.92
coder,12625,11194,12876,142.05
coder,18670,7938,9792,98.52
coder,15004,5357,7062,61.51
coder,18386,3318,4884,44.71
coder,18121,6280,8059,74.81
coder,14920,6348,8128,81.69
coder,15089,4629,6163,56.22
profiler,6845,4907,5088,64.20
profiler,5534,4287,4458,57.03
profiler,6597,2411,2599,33.98
sketch,5114,5786,6446,70.41
sketch,5362,14331,14903,139.07
sketch,5348,24180,26108,211.52
feature_extractor,4916,4702,5088,63.21
feature_extractor,4743,4658,4978,64.82
feature_extractor,6114,6577,7103,86.73
designer,3739,11930,12860,115.65
designer,3667,10590,12666,89.03
designer,3707,17876,19585,149.07
designer,3771,13100,14862,157.42
designer,3628,18638,19738,169.25
feature_extractor,4614,8102,8763,80.87
feature_extractor,3682,9899,10401,111.68
designer,4183,19985,23826,196.96
feature_extractor,4488,10513,11061,105.82
feature_extractor,3732,11524,12220,116.76
feature_extractor,6677,4761,5037,49.20
coder,15275,5029,6392,85.70
feature_extractor,4352,18807,19646,190.04
coder,12010,10110,11712,118.06
coder,12010,12099,13527,123.53
designer,3876,40746,44131,342.64
coder,15275,12152,13843,126.23
coder,15275,13802,15665,152.25
coder,12010,15962,17357,174.18
coder,14255,10279,13827,140.69
coder,13252,13786,17635,157.77
coder,15043,8436,12731,103.74
coder,17634,6370,7780,68.87
coder,13026,16602,19242,173.55
coder,14255,21143,24776,220.57
feature_extractor,6007,13578,13977,127.46
coder,15691,13332,15991,146.97
coder,13252,21381,23718,237.66
coder,14255,28202,31844,257.98
coder,15691,14793,16892,147.95
coder,15043,21045,24834,216.30
coder,14826,4662,6304,55.56
coder,15043,20521,24812,221.96
coder,16245,20878,23214,233.40
coder,15523,10345,15112,117.45
coder,15536,15528,20043,172.61
coder,14372,18710,22553,207.49
coder,17040,3883,5683,66.70
coder,20181,7083,10945,112.59
coder,14367,6744,8139,96.40
coder,16034,3981,6570,70.88
coder,20840,3375,8179,70.74
coder,19738,4371,8129,82.57
coder,18728,7453,11218,127.70
coder,17156,13850,16665,183.27
coder,18087,5714,7629,85.27
coder,18728,11549,15231,154.68
coder,20546,3448,8343,75.73
coder,20127,6871,11122,114.75
coder,16631,14840,17008,220.53
coder,18739,18857,22470,229.40
profiler,7316,2334,2464,36.30
coder,18893,4316,6531,69.83
coder,19737,5267,9054,99.78
coder,20183,4909,8724,89.13
coder,16624,12610,15464,180.31
profiler,2287,1157,1278,15.21
profiler,6666,1625,1773,19.30
coder,14479,10605,11995,91.94
coder,18754,5304,8827,82.00
coder,16162,7716,10538,85.56
coder,19100,12846,16498,152.94
profiler,6948,954,1119,13.28
coder,20163,1169,5421,35.97
coder,18120,4866,8638,68.43
coder,16229,8404,10577,108.85
profiler,10913,2536,2787,30.78
profiler,7105,3654,3842,43.96
coder,19378,3066,7158,57.78
coder,18061,4238,5839,56.82
coder,19681,3041,6800,58.95
coder,16988,6163,8980,85.33
coder,17410,15172,17078,174.16
profiler,2530,4643,4839,47.55
coder,14387,5520,6863,52.46
profiler,6760,3114,3276,32.94
sketch,6152,6943,7768,67.02
coder,16846,10013,12914,98.05
sketch,6709,11120,13208,94.21
coder,22774,7476,12031,91.96
coder,19579,12575,16019,124.08
sketch,6340,22050,23944,155.60
coder,18643,17102,20492,171.75
coder,19437,2055,6226,39.66
coder,14434,6584,7854,69.84
coder,20145,5797,9980,68.33
feature_extractor,7081,5559,5831,52.48
feature_extractor,5949,6210,6476,57.61
coder,18745,7681,11812,87.58
feature_extractor,7669,6575,6841,61.97
coder,17224,1597,3529,24.45
coder,19639,6234,10013,68.60
coder,16291,16256,18575,161.74
coder,16502,9302,12215,93.01
coder,20871,10841,15405,112.59
profiler,6834,4860,5011,45.81
designer,17876,11130,17584,102.86
sketch,5197,7288,8612,69.36
sketch,5479,10951,12560,99.91
sketch,5025,12216,12835,109.80
feature_extractor,8972,11043,11602,103.50
coder,18466,5409,8733,63.44
coder,21582,4121,8388,58.88
feature_extractor,4628,5476,6084,55.19
coder,19360,6541,9890,81.96
feature_extractor,5430,6936,7722,70.36
feature_extractor,5953,8449,8824,86.51
coder,16924,14458,17551,148.39
designer,9360,746,1993,16.41
coder,21625,16663,20015,255.85
coder,21625,18155,20360,221.67
feature_extractor,3907,16538,18148,189.56
coder,21052,2414,6998,59.27
coder,18555,3477,7555,72.22
coder,16484,6580,8800,91.93
coder,23885,24125,30523,382.40
coder,20307,7693,12082,133.75
coder,13483,5582,7743,86.76
coder,13816,9023,10387,132.44
coder,12927,10800,12274,160.33
profiler,2157,3348,3569,46.56
sketch,5359,8067,8727,78.02
sketch,4986,7334,8048,80.34
sketch,5116,7934,8890,87.34
coder,16972,3730,6561,55.65
coder,17002,8802,10688,100.28
coder,16450,2897,4927,48.74
feature_extractor,4650,5786,6182,73.15
coder,27034,15192,18834,155.57
coder,20361,11124,15590,126.28
coder,23811,3467,8066,65.25
feature_extractor,4974,12243,12652,130.92
coder,19762,11538,15856,152.58
feature_extractor,4998,13042,13686,154.19
coder,27589,11950,14212,152.91
coder,16965,6644,9697,90.93
coder,19651,3816,8205,66.55
coder,14562,7968,9303,101.21
coder,19482,13677,17106,191.90
coder,17002,5802,8628,83.99
coder,16312,10360,12590,146.97
coder,16417,8406,10384,120.15
profiler,13272,2992,3186,51.11
coder,17554,20338,23456,251.80
profiler,10567,2672,2861,49.34
coder,20096,10583,14684,153.35
coder,19069,17191,21126,212.97
profiler,6692,1940,2077,26.42
coder,16366,5252,8183,81.90
coder,24771,12401,14733,199.70
profiler,7641,2810,2987,34.90
coder,15673,4609,6848,74.37
coder,20486,11936,16588,193.17
coder,15550,6497,8055,92.16
coder,19427,11444,15000,170.87
coder,17210,14903,17686,198.52
coder,20290,8044,12070,115.95
coder,26172,18106,22073,227.67
profiler,11131,8743,8930,113.20
coder,16466,6252,9298,93.71
coder,21799,28678,33381,340.51
coder,19989,4188,9191,90.16
coder,19080,11528,15607,179.64
coder,16578,10044,12754,141.52
coder,19268,5533,9600,91.34
coder,21763,8278,13000,130.11
coder,19367,9712,13178,145.65
coder,17312,20132,23932,262.51
coder,17089,18722,21543,232.51
profiler,7001,948,1112,13.82
coder,21950,2620,7680,67.47
coder,19407,5106,9072,94.90
coder,20144,10743,14622,146.06
profiler,8633,816,989,15.00
profiler,6793,7275,7436,119.19
coder,21473,1955,7026,56.73
sketch,6394,6375,7045,73.82
coder,16423,18916,21990,229.13
sketch,5571,4610,5569,71.74
sketch,10273,4755,10831,96.43
coder,20976,10500,15235,169.67
sketch,5069,9757,10362,122.86
coder,16706,13548,16282,185.89
coder,20017,7097,11101,119.67
coder,19407,7549,11458,131.89
sketch,5157,9989,10899,144.04
coder,18892,14419,18307,203.10
coder,16104,11448,14278,163.85
sketch,7967,16514,18209,170.39
sketch,8456,14802,18762,160.07
coder,20702,6363,11008,97.14
feature_extractor,4696,7399,8135,103.50
feature_extractor,4995,8451,8784,107.22
feature_extractor,8489,6672,6980,91.47
feature_extractor,14974,6392,7440,98.79
feature_extractor,5444,8872,10082,124.77
feature_extractor,6039,7822,8178,107.27
coder,19269,20217,23972,277.81
sketch,8132,18785,23305,211.89
coder,17165,15119,18118,240.33
designer,9248,5121,6412,64.15
coder,19250,15927,20015,259.68
feature_extractor,11383,11775,12339,163.96
designer,28996,6654,12431,116.90
coder,19944,11570,15475,179.76
coder,15999,26306,29365,327.11
feature_extractor,3905,9239,9640,98.59
feature_extractor,11106,19611,20733,233.50
designer,29297,856,5480,32.82
feature_extractor,8487,13776,14897,150.58
coder,19454,11332,15083,162.58
sketch,5703,12895,14361,101.74
feature_extractor,7278,15242,16153,137.46
feature_extractor,6075,12008,12639,107.56
coder,12516,7419,9038,72.37
designer,10874,12527,13955,91.97
coder,13482,9657,11167,241.34
coder,13482,21078,22714,217.01
coder,18001,16825,22493,271.88
profiler,6843,5739,5958,183.86
coder,15320,1223,2780,18.84
coder,16001,7757,9537,267.57
feature_extractor,4175,11024,11613,295.94
coder,19444,11501,17753,371.54
coder,15828,14283,19659,368.05
coder,14994,5946,7428,55.35
coder,15828,18836,23672,344.45
coder,15828,17479,21870,407.97
coder,24482,5404,11232,80.23
coder,15837,9108,10902,84.10
coder,13679,11065,13539,107.85
coder,16738,13541,15533,109.48
coder,17034,24866,30294,506.71
profiler,12243,2513,2677,26.39
coder,27666,9069,15128,98.26
coder,24259,3328,9050,56.16
profiler,6234,3337,3514,37.09
coder,21323,12423,17201,111.80
coder,14141,31034,34897,285.37
coder,21263,3632,8129,51.22
coder,19647,9249,11618,93.64
coder,26183,3497,9597,57.94
coder,23798,8275,13644,94.90
coder,16242,16992,18688,123.38
profiler,11102,5121,5328,54.31
coder,20517,6896,11908,92.82
profiler,11737,2161,2339,25.58
coder,19814,10458,13075,138.04
coder,18135,17199,21085,191.20
profiler,10623,2494,2684,29.84
profiler,13029,1696,1815,19.37
profiler,6917,6640,6833,72.03
coder,18318,3581,5638,50.26
sketch,5077,7499,8607,82.38
sketch,5278,8783,9490,88.68
sketch,5218,11095,11707,99.30
coder,18618,5211,8876,72.43
feature_extractor,4802,5477,5798,58.41
feature_extractor,4949,5540,5895,60.28
profiler,11101,8417,8560,102.11
feature_extractor,5079,7011,8103,77.34
profiler,11356,2035,2207,22.85
coder,17175,4828,6913,49.99
coder,17186,1570,3765,28.47
designer,8650,1962,2676,23.50
coder,21231,4103,7487,65.25
sketch,8172,10483,15112,114.83
sketch,9643,10864,12654,112.33
feature_extractor,3400,2845,3161,31.61
sketch,8961,14536,19618,130.70
sketch,8651,17904,23053,165.73
sketch,9266,15274,17305,163.70
sketch,9967,20572,22304,167.82
profiler,11309,5448,5645,66.05
feature_extractor,10584,6225,6701,66.73
feature_extractor,10092,8873,9208,95.14
feature_extractor,12569,10848,11803,118.64
feature_extractor,11523,11722,12846,123.79
feature_extractor,10311,12175,12600,137.19
coder,11482,8996,10272,97.78
feature_extractor,12377,14497,15617,154.87
coder,10347,12395,13541,118.91
coder,10857,11392,12532,122.12
coder,20698,11281,14952,125.46
coder,20747,4031,7671,60.45
designer,25380,12050,14049,105.13
coder,13081,6210,7541,77.36
designer,30460,15886,20943,134.30
feature_extractor,5066,5450,5894,58.19
feature_extractor,7522,12616,13139,135.53
coder,21243,17471,20992,201.07
coder,13538,14595,19757,224.08
profiler,6363,7243,7430,100.49
coder,13538,16573,20638,270.53
coder,18656,10363,15466,175.42
coder,14540,22432,28129,276.20
coder,20736,11521,15109,150.93
coder,20313,23954,28800,255.37
coder,20313,20710,25956,285.85
coder,20829,6020,10497,103.15
coder,13930,1450,2644,28.99
profiler,6528,8498,8671,120.50
coder,24469,3441,8715,69.12
coder,18470,17715,21068,191.02
coder,18918,25354,29469,247.24
coder,14236,2706,3923,44.71
coder,28042,8742,13700,136.84
coder,19230,3874,7281,71.83
coder,21504,19932,25524,280.93
coder,12888,5311,6616,73.03
coder,19856,9714,14094,146.41
coder,13372,2278,3488,36.84
coder,19585,7824,11777,127.17
profiler,11743,5020,5184,65.58
sketch,5680,13615,15228,156.85
coder,21674,5253,10882,89.87
sketch,5884,16114,17244,169.72
profiler,11526,3883,4094,52.48
coder,19386,6267,10777,93.82
feature_extractor,6195,10599,11202,114.19
feature_extractor,6011,10019,10393,114.29
profiler,6404,4197,4363,46.79
profiler,11715,1266,1472,16.22
coder,20470,4320,9954,75.43
coder,19328,15854,19868,175.83
sketch,4811,7825,8424,76.45
sketch,4769,9927,10522,90.09
sketch,4928,9684,10251,99.18
sketch,8637,13684,16549,116.68
feature_extractor,4357,4037,4368,45.44
feature_extractor,4466,4883,5214,52.91
coder,19932,12431,16909,156.14
feature_extractor,4385,5359,5666,59.03
designer,17374,21999,24082,207.05
sketch,8830,18302,23454,165.82
profiler,11622,5424,5559,83.67
sketch,8872,25442,29956,210.35
designer,7870,5054,5899,48.09
coder,20666,15565,21199,195.06
feature_extractor,3517,6438,6794,72.30
coder,21428,8976,13550,129.09
feature_extractor,4732,17257,17961,184.48
feature_extractor,10240,12305,12581,131.02
feature_extractor,12022,13344,14531,146.70
feature_extractor,12618,16530,17775,170.45
coder,20485,4247,9947,136.37
coder,20303,3515,8025,98.85
coder,14752,19579,24473,244.32
coder,21723,2582,8272,80.72
coder,14752,25934,28011,293.91
coder,17696,887,3022,22.89
designer,39588,7689,12277,81.68
coder,14729,36697,40175,355.97
coder,20310,5955,10439,95.73
profiler,11287,6340,6542,88.95
coder,17644,5439,9225,93.83
feature_extractor,7152,13212,14293,158.08
coder,11887,6720,7905,120.65
coder,10921,8669,9875,159.84
coder,20902,21993,26137,290.14
coder,21610,18338,24036,229.82
coder,12128,10912,12276,158.11
coder,19182,18727,22938,181.96
coder,20196,6370,10151,109.92
coder,14868,5306,6390,81.09
coder,20901,4517,9034,91.82
coder,19066,5991,10252,105.94
coder,14841,4781,6018,73.15
coder,14550,5078,6427,67.31
coder,17375,6651,11799,180.41
coder,20572,5925,11907,128.29
coder,14307,5263,6348,72.68
coder,16848,14410,18964,344.34
coder,15563,16924,22009,214.61
coder,18189,15724,19569,246.17
coder,20815,11732,15772,152.28
coder,13175,8225,9423,127.09
coder,20826,17693,22061,216.40
coder,22882,8389,13546,140.22
coder,21741,12472,18392,152.31
coder,18246,4959,8800,89.55
profiler,6589,4845,5004,71.64
coder,24528,8877,13534,116.74
coder,20615,4622,9259,83.54
coder,23321,994,6211,40.51
coder,25212,7967,13280,112.73
coder,14175,3374,4647,51.65
profiler,6342,6965,7119,86.90
coder,24617,5694,10511,85.12
sketch,7991,18459,26137,190.29
coder,20526,10491,15066,147.77
coder,14755,4585,5792,54.87
profiler,12243,3403,3538,39.46
coder,19568,20294,24172,236.40
coder,22838,3443,8765,62.73
coder,20138,2724,7008,51.79
feature_extractor,14016,19937,21433,189.27
coder,14592,9070,10372,99.65
coder,22706,8579,13500,118.67
designer,32429,602,8374,48.79
profiler,11851,3387,3601,45.70
coder,19219,11944,16160,157.08
coder,15535,6353,7524,75.18
coder,18497,8202,12595,112.79
feature_extractor,10351,12401,13926,126.71
coder,20597,7486,11489,97.06
coder,21654,19268,23941,219.17
profiler,6467,2089,2226,25.06
coder,19237,12014,16199,152.86
sketch,4947,5219,5757,57.68
sketch,4787,6185,6791,66.91
coder,21139,3268,7290,57.60
sketch,4708,11022,11751,117.58
designer,39619,6326,14423,106.91
coder,19848,10129,14251,135.89
feature_extractor,4349,4068,4414,45.55
feature_extractor,4391,4325,4648,47.59
feature_extractor,4465,4585,4912,52.21
coder,21815,4914,8969,73.46
designer,9253,1945,2597,25.44
feature_extractor,3345,3276,3586,39.69
feature_extractor,10676,13570,14412,144.23
coder,24494,6024,10478,93.13
coder,18521,13719,17718,161.77
sketch,5864,14679,16245,166.45
coder,24093,15202,19515,189.82
coder,11732,6163,7268,76.49
coder,11732,7150,8410,157.30
coder,24323,5264,9625,92.99
coder,11079,9209,10413,153.72
coder,13043,2802,4053,44.95
feature_extractor,6346,17163,17781,226.50
coder,12584,2906,4149,45.12
coder,19263,12076,17794,241.51
profiler,6408,3536,3688,56.17
coder,20020,21144,28080,253.71
coder,20244,21836,27340,287.73
coder,13339,2590,3820,44.48
sketch,8891,17088,23109,180.92
sketch,8970,14660,17605,193.45
designer,17711,13507,15071,185.55
coder,26081,5281,11088,105.68
profiler,6472,3003,3209,40.02
coder,28210,6665,13204,113.86
feature_extractor,10700,8098,8509,98.69
feature_extractor,4298,11925,12623,137.48
feature_extractor,13444,13632,14579,154.63
coder,25512,4805,10612,122.96
coder,14033,8838,10987,121.55
coder,14033,10485,12838,137.43
profiler,6433,3615,3795,45.39
coder,26069,4230,9860,96.51
coder,14033,14718,16968,187.78
designer,41402,7185,13256,89.69
sketch,4836,4302,4873,58.72
sketch,4807,6939,7539,83.57
coder,26475,3958,10563,90.06
sketch,4870,8409,8949,108.12
feature_extractor,4388,3315,3664,38.61
profiler,11287,6625,6808,87.47
feature_extractor,4382,4500,4884,54.68
feature_extractor,4380,5452,5811,63.84
feature_extractor,8533,11936,12828,143.40
coder,28196,11082,16920,150.05
coder,17343,7621,9845,87.49
coder,25872,14139,19805,179.12
coder,26923,8339,15265,115.16
designer,11294,4475,5250,44.77
feature_extractor,3467,4297,4636,53.89
profiler,11887,5783,5917,67.73
coder,26539,2398,8094,87.94
profiler,11828,5437,5612,70.55
coder,19031,4007,9262,72.64
coder,26706,17347,23519,260.90
sketch,5925,12569,13781,112.57
sketch,5863,12585,14520,114.81
coder,17880,12109,17305,196.50
coder,18567,10500,15448,259.80
sketch,5946,15832,16984,137.13
coder,28139,17775,24731,217.87
coder,23681,3280,8156,55.68
feature_extractor,6689,10012,10700,100.67
feature_extractor,6009,10549,11105,107.26
feature_extractor,6094,11063,11760,114.77
coder,26495,7023,13179,119.11
coder,26103,15048,21418,197.32
coder,11783,7390,8632,72.17
coder,13704,8297,10041,129.46
designer,17920,13238,14691,140.12
coder,14378,13959,15126,177.76
profiler,11716,2092,2274,26.22
coder,18190,834,2073,17.49
coder,29275,16066,23503,226.38
feature_extractor,4196,9819,10473,115.62
coder,14127,3318,5064,48.85
coder,13289,2028,3160,32.87
coder,23395,10926,15871,162.42
coder,27367,17665,22836,215.77
profiler,6341,2284,2525,31.04
coder,14585,5463,7216,84.01
profiler,11468,8609,8804,137.53
coder,13817,10694,12909,141.30
profiler,11622,2018,2202,27.18
coder,26804,4872,10023,83.62
coder,13237,14319,16246,187.72
sketch,8604,2685,5078,53.61
coder,27796,33317,39485,286.55
coder,12256,16599,18652,217.74
profiler,6924,4313,4511,62.98
coder,16610,15387,16647,218.94
coder,17401,5755,7990,85.17
coder,25780,2014,7214,60.76
sketch,8833,12810,17855,154.58
coder,18568,3607,4879,58.26
coder,16406,8585,10444,115.41
coder,26452,1399,6595,51.24
coder,15477,4724,6715,65.10
coder,15650,6829,8860,101.71
coder,27952,21301,28759,321.06
sketch,8581,22492,27531,229.58
coder,16340,1996,3824,37.00
coder,15981,4989,6203,71.99
coder,16787,5844,7734,79.86
coder,28458,13920,20264,228.38
coder,14693,6063,7956,92.35
coder,17203,9133,11311,136.46
profiler,5987,4051,4240,53.92
sketch,5326,1111,1755,14.32
feature_extractor,12231,10815,11705,140.88
feature_extractor,12612,12364,13090,160.48
feature_extractor,9863,14862,15754,178.46
coder,28372,11718,19056,147.73
sketch,4822,5708,6236,63.04
coder,26110,20825,25987,221.23
sketch,4740,6498,7103,71.20
profiler,10619,7397,7540,92.51
feature_extractor,4934,3158,3490,36.90
feature_extractor,4310,3647,4007,40.75
coder,16663,8560,10649,89.51
coder,16668,9508,11392,105.87
coder,27065,13923,20248,148.34
coder,28127,2926,10214,67.81
feature_extractor,4334,9538,10749,96.20
designer,39015,6545,11044,74.29
coder,16880,5699,7885,72.37
coder,15443,8790,10684,95.89
designer,12013,4823,5534,46.97
feature_extractor,3389,1885,2223,23.26
coder,16851,8259,10269,100.87
feature_extractor,7061,18151,19421,180.87
coder,15116,5750,7792,56.83
coder,26589,13734,19987,189.79
coder,28589,27763,34699,350.09
profiler,11773,9995,10206,135.93
coder,23786,7758,14129,114.34
coder,16221,6620,8031,90.81
coder,15611,8962,13412,187.62
coder,13626,9960,11328,110.26
coder,12061,10914,12124,125.48
coder,18679,21792,28696,269.64
profiler,7515,9763,9892,132.89
coder,26281,1170,7915,49.21
sketch,5763,5520,6708,60.68
coder,30524,2750,2777,28.27
sketch,5740,7775,9150,96.64
profiler,6622,2253,2428,25.78
sketch,5629,17077,18338,159.70
coder,24114,1877,8790,50.78
coder,13255,3317,4546,37.03
feature_extractor,5812,7590,8259,82.31
feature_extractor,6054,8140,8797,86.53
feature_extractor,5878,11551,12198,125.36
profiler,14055,6957,7111,77.41
coder,13661,2491,3699,31.41
profiler,6570,6274,6439,81.30
coder,24106,2367,7345,55.70
coder,31465,15262,20193,151.19
profiler,6423,4397,4569,56.36
sketch,4821,1834,2418,22.37
sketch,5022,4055,4736,42.32
designer,17051,19852,20908,186.79
profiler,11065,3815,3992,46.79
sketch,4966,9869,10445,99.97
feature_extractor,3790,7587,8198,76.62
feature_extractor,4512,3292,3656,37.07
feature_extractor,4671,4856,5193,55.07
feature_extractor,4372,6032,6382,61.46
coder,27564,17139,22205,208.18
coder,14193,6098,7862,74.96
designer,11922,5456,6168,51.73
coder,14193,9116,10729,101.98
feature_extractor,3391,3561,3877,44.83
coder,16896,1737,3290,31.39
coder,14193,12028,14045,142.36
coder,26189,6848,12007,93.57
coder,17111,3523,5266,52.35
coder,16893,246,1989,14.66
coder,16995,12320,13947,169.48
coder,16918,12527,14134,143.04
coder,27651,4704,9870,93.73
coder,17067,7315,8869,105.50
profiler,11294,3402,3596,51.12
sketch,10316,1965,4297,46.88
coder,17166,14720,16472,203.95
coder,17000,12592,14263,176.57
sketch,8857,19848,24507,215.54
coder,12177,3832,5285,64.04
sketch,8626,25812,26671,263.51
coder,17151,13132,14948,191.21
coder,12533,8359,9688,107.13
coder,16993,20681,22210,264.79
coder,17062,14210,16126,196.12
coder,12957,9128,10699,135.90
coder,14627,5957,7175,76.84
feature_extractor,12183,6126,7234,88.13
feature_extractor,8458,7725,8231,101.43
profiler,6547,3859,4040,49.28
coder,17320,5630,7476,75.70
feature_extractor,11525,12553,13539,169.23
coder,16152,7020,8420,93.54
coder,17220,15176,16793,204.10
coder,16921,16887,18843,224.31
profiler,6010,4396,4583,57.51
coder,16909,3203,4943,54.44
designer,36027,3226,8076,69.71
coder,17253,8037,10755,128.26
profiler,6604,3430,3615,49.77
coder,17099,2583,4379,48.35
coder,17133,1055,4441,39.59
sketch,4945,5122,5726,62.48
sketch,4851,5970,6606,71.74
feature_extractor,7440,8860,9202,122.49
coder,17899,7733,9341,104.72
sketch,5001,9857,10608,128.73
feature_extractor,4516,4262,4630,53.56
coder,17268,9278,10902,124.86
feature_extractor,4459,5358,5719,71.16
feature_extractor,4707,5902,6250,78.32
coder,18653,8583,10277,114.07
designer,11254,3303,3936,44.43
coder,17132,3925,5554,57.92
feature_extractor,3302,3376,3698,40.48
coder,17085,23978,25705,280.15
coder,17079,12505,14250,153.44
coder,16263,12716,17081,129.18
coder,17070,6944,8569,84.11
coder,15221,14360,19624,167.20
coder,18398,18890,23881,199.39
profiler,9989,2840,2992,37.97
coder,12878,5405,6436,73.10
coder,24849,3026,8073,69.99
profiler,11720,5900,6085,89.06
coder,11912,6080,7251,86.98
coder,17149,18673,20431,266.37
coder,17076,15454,17040,207.43
profiler,6267,4900,5061,78.37
coder,12878,17526,18758,200.19
coder,21116,7389,12475,114.05
profiler,5960,10102,10282,125.64
profiler,5987,3724,3944,56.72
sketch,4669,6917,7507,77.69
profiler,12509,6112,6283,94.53
sketch,4791,7980,8574,96.70
sketch,4826,7702,8236,102.23
feature_extractor,4353,4144,4479,56.16
feature_extractor,4343,5302,5636,71.40
feature_extractor,4232,7307,7647,100.02
sketch,8774,13492,16916,151.51
sketch,8843,14693,18181,154.16
sketch,7971,32006,36440,277.51
feature_extractor,11153,10703,11780,117.69
feature_extractor,10918,9812,10111,118.04
feature_extractor,11215,15830,17022,186.32
designer,38212,11226,15426,96.69
feature_extractor,6767,15312,16397,146.12
coder,15827,11596,16259,125.05
coder,19004,13735,18370,139.88
coder,19291,16997,21438,152.00
coder,20700,728,5428,33.09
profiler,10565,2108,2290,27.19
coder,21681,5048,10028,81.17
profiler,10827,4913,5080,59.98
profiler,11492,2857,3016,38.79
sketch,8371,16512,19416,146.53
sketch,8113,17990,19850,161.74
sketch,8612,34014,38914,263.66
feature_extractor,8844,7997,8383,89.66
feature_extractor,10108,10145,10959,117.14
feature_extractor,12220,15378,16596,163.02
designer,34605,5995,11015,67.01
feature_extractor,7649,17522,18351,195.07
coder,19582,7189,12760,98.12
coder,16072,8411,13257,112.42
coder,17511,14000,18179,136.99
coder,22421,1078,6741,41.69
coder,25629,2832,7100,51.07
coder,25855,6158,11280,97.61
profiler,12630,3965,4145,52.62
profiler,10336,1490,1702,18.31
coder,25137,3299,8464,68.60
coder,22026,7108,12253,105.17
coder,23009,10009,15224,145.29
coder,23018,8313,13546,106.11
profiler,12614,4104,4270,47.61
sketch,7892,4416,8752,64.13
sketch,8840,9934,13991,95.92
sketch,9277,9951,13021,108.80
feature_extractor,11560,7837,8237,99.72
feature_extractor,11140,12337,13508,140.89
feature_extractor,10967,13657,14538,160.74
designer,35529,13010,17374,148.57
feature_extractor,6975,11389,12320,146.54
coder,15386,6692,12871,118.31
coder,19035,8183,13359,129.44
coder,15903,9625,13810,137.84
profiler,13129,2175,2344,34.77
coder,23866,849,5072,38.59
profiler,10813,796,954,14.29
coder,20468,2585,6791,56.66
profiler,9884,1690,1905,27.80
sketch,8798,4994,9051,79.02
sketch,7860,17057,20596,176.58
sketch,9828,17642,21582,183.31
feature_extractor,12427,7839,8152,108.35
feature_extractor,11613,11099,12028,147.98
feature_extractor,10130,15801,16882,198.14
designer,4196,3222,4228,56.30
designer,4817,4407,5201,76.67
designer,4104,5493,6822,89.46
designer,4358,11662,12154,151.62
feature_extractor,4220,9039,9344,127.03
feature_extractor,4640,12650,13368,153.33
designer,3841,21150,24785,251.00
feature_extractor,4375,12601,13950,162.02
feature_extractor,3889,13502,13937,179.82
coder,13791,8020,13718,148.70
coder,11474,13737,17963,205.70
coder,11089,12252,16810,218.44
feature_extractor,6298,11236,12047,152.76
designer,4485,40192,42552,418.53
coder,13666,23977,27563,298.34
coder,16704,3895,7886,78.23
coder,12670,16731,19720,235.49
coder,16337,4283,7627,82.41
coder,13791,19299,24468,289.54
coder,19518,10004,15329,157.56
coder,13108,27551,31403,337.61
coder,15818,11312,17243,186.98
coder,15571,15715,19204,206.96
coder,16799,16174,19325,208.49
feature_extractor,5754,16301,17498,212.75
coder,12777,21006,23623,303.17
coder,17720,3765,6763,70.72
coder,16267,9998,12902,146.12
coder,12178,22612,25284,312.57
coder,13159,27104,27104,314.13
coder,16456,4803,9000,94.53
coder,19482,4275,9533,80.69
coder,19046,4377,10802,100.62
coder,13791,40365,43686,444.34
coder,17729,4164,8071,72.01
coder,22462,4293,10319,80.28
coder,18543,31869,35498,442.85
coder,15953,7471,11182,107.43
coder,22460,6594,10170,84.37
coder,18920,8216,12444,124.30
coder,19926,7129,10162,104.27
coder,20158,9387,12857,134.08
coder,15739,11266,13343,141.53
coder,15591,9962,13534,128.92
coder,16387,15478,17942,179.23
coder,15765,20248,23408,241.87
coder,20854,3105,9091,68.90
coder,18146,9114,13351,126.28
coder,19019,8661,12768,112.77
coder,17831,5698,9385,88.67
coder,22286,6684,11699,99.35
coder,13159,21641,22746,274.01
coder,15494,22509,27221,289.12
coder,17935,6206,8431,85.34
coder,19118,9205,12813,103.95
profiler,10310,2831,3004,38.64
coder,22148,8893,15165,139.07
coder,19867,11549,17997,169.52
coder,19977,8446,11384,106.98
profiler,9970,3793,3947,44.47
coder,19685,13107,16642,166.09
coder,19191,7836,12081,114.10
coder,17793,17916,21091,180.98
profiler,10325,1369,1576,18.21
coder,20610,17293,23575,214.87
coder,20925,589,6538,35.90
coder,16244,7363,10889,100.65
coder,17637,27213,29454,276.55
coder,22439,4812,6840,51.37
coder,24305,3987,9125,67.22
coder,19362,2112,6338,43.07
coder,21602,10328,15875,133.12
coder,19107,16170,20454,182.86
coder,19965,13973,18890,155.69
coder,16929,15345,19373,206.27
coder,20851,4139,10439,72.65
coder,18738,9815,13353,106.29
coder,18365,9499,12685,94.77
coder,14489,17428,18991,190.81
coder,20514,10137,16099,142.65
coder,17425,20907,24172,258.77
profiler,13251,2400,2525,25.93
coder,16939,4703,6674,65.50
coder,14307,10947,14143,141.76
coder,24998,3760,9319,70.10
coder,20596,3189,7481,61.01
coder,16796,6435,10594,91.73
coder,20932,7680,13981,118.19
coder,23014,7993,11273,92.84
coder,23606,9502,15013,129.63
coder,15087,8814,10484,108.99
coder,20535,9874,14721,108.52
coder,23745,9100,12489,94.86
coder,17304,12236,15231,112.84
profiler,9797,7950,8169,83.57
coder,20974,7727,13024,113.11
coder,15714,3983,5633,43.28
coder,23943,2694,8031,61.20
profiler,8916,3472,3709,45.21
coder,23576,8422,12135,117.69
coder,20886,11483,15145,158.25
coder,25770,17651,23046,209.06
profiler,10197,5522,5803,74.35
coder,19497,11026,16505,122.12
coder,20812,24324,29103,225.94
coder,22450,8928,12503,102.76
profiler,9619,5602,5815,78.73
coder,18417,4363,7240,68.35
coder,15862,22510,24409,235.12
coder,15770,13001,14726,161.41
coder,22582,14416,19451,170.93
coder,21244,5087,10207,94.00
coder,20297,13079,18529,187.54
sketch,7694,8555,9975,94.00
sketch,7004,9575,11049,99.35
coder,20102,10410,15791,149.84
coder,16188,4568,6552,59.66
coder,15875,4704,6411,61.69
coder,16929,9100,12387,110.51
coder,19617,25698,29076,330.97
coder,19037,14266,14862,152.76
sketch,8142,22186,24158,183.45
coder,25079,3866,9419,75.41
coder,24251,10061,14400,121.68
coder,20825,9947,14458,137.39
coder,25092,20183,26166,262.92
profiler,8786,3003,3161,37.42
profiler,9530,3544,3691,39.20
feature_extractor,7362,9780,10104,106.25
feature_extractor,8037,10091,10395,108.88
coder,18843,13243,17535,139.04
coder,15189,8084,10728,96.41
sketch,6024,6702,7741,76.37
coder,20002,20184,23873,197.28
coder,15886,17085,18798,199.09
feature_extractor,8979,15898,16376,174.61
sketch,7166,14727,18641,149.90
coder,20686,9311,15022,131.54
sketch,7258,15654,19626,157.91
coder,25656,9650,15649,148.41
sketch,7938,9385,10301,98.78
designer,24306,10489,12504,95.12
coder,20626,16672,21330,180.83
sketch,8144,11177,11638,131.06
coder,24544,10905,14329,135.45
coder,18247,12746,15385,141.62
coder,23145,18062,22408,203.18
feature_extractor,6046,9711,10957,105.55
coder,20283,6002,12250,102.83
feature_extractor,9946,13274,14298,132.39
coder,21141,5865,11923,101.27
feature_extractor,9693,14595,15687,146.67
feature_extractor,7588,7288,7702,83.17
feature_extractor,5102,9926,10328,105.35
feature_extractor,7815,9955,10427,107.96
coder,20957,11452,15876,127.66
designer,20681,6626,7266,69.27
coder,15856,28665,31045,314.88
coder,22283,13652,17408,178.93
coder,21206,10540,16740,141.39
coder,20002,3526,7972,62.64
feature_extractor,4479,4322,4645,52.43
designer,24111,15586,19875,167.16
coder,26196,14326,20093,197.08
coder,13391,11620,15925,161.08
coder,13391,15662,19656,175.83
coder,23585,8654,11967,104.18
coder,12869,7409,8448,88.00
coder,13391,17683,22559,198.37
coder,20192,26556,31447,296.69
coder,13423,11765,13038,133.82
coder,12499,12721,13879,139.97
coder,18524,4460,8734,72.46
coder,16104,15059,17274,182.07
feature_extractor,7137,14646,15402,161.71
profiler,10467,2147,2314,28.97
coder,21886,10511,16222,153.87
designer,5369,0,5058,153.20
coder,13833,12615,14734,144.12
coder,18391,3670,8104,64.97
coder,16097,7636,9917,87.47
coder,14799,5819,8380,83.39
coder,17969,10158,17660,153.01
coder,16364,12917,15067,143.31
coder,16871,13900,21435,186.66
coder,20713,14178,19000,158.88
feature_extractor,5661,13885,14921,156.07
coder,17481,7161,9311,95.37
coder,19006,20256,24950,222.07
sketch,6328,5562,6029,58.97
coder,18483,10843,15198,122.47
coder,23957,5090,12616,91.48
coder,17969,25288,30725,262.32
coder,17952,12660,15179,147.77
sketch,6680,9826,10712,104.03
coder,15693,857,3193,23.71
coder,25012,8193,14927,118.88
coder,15430,19864,22201,199.39
coder,17737,3963,8328,73.06
coder,21962,3670,8514,68.74
coder,21442,11149,15830,132.05
coder,24708,4206,11099,81.67
coder,15076,10559,12615,134.45
feature_extractor,6538,5994,6416,76.14
coder,21583,0,11385,167.90
coder,26597,0,7487,186.50
feature_extractor,5788,9226,9722,107.38
coder,18872,10803,15165,150.18
coder,25208,0,11629,187.96
coder,24236,4948,11774,90.54
coder,17981,6571,9065,88.73
coder,18386,4900,9414,87.18
coder,18574,2235,6348,53.62
designer,15983,7668,9002,109.41
coder,24490,3971,10791,92.62
profiler,10048,3953,4068,53.50
coder,24097,15499,20850,195.22
profiler,11382,1548,1766,24.24
coder,18541,5840,10351,105.74
feature_extractor,4706,13282,13940,172.99
profiler,9938,5173,5341,77.14
coder,18324,11765,15815,152.53
coder,21794,8962,14446,135.68
profiler,10108,1673,1870,22.42
coder,13566,12297,14034,168.21
coder,23320,14907,21957,251.73
coder,18537,15615,20093,253.75
coder,23241,5785,11384,114.33
coder,13489,16316,18817,233.32
coder,13354,19956,21493,258.11
profiler,14949,2883,3065,46.03
coder,22827,3422,8835,78.59
coder,18658,2443,6827,60.91
profiler,10349,3540,3739,48.48
coder,15504,15516,18282,227.45
coder,18430,2418,6835,62.54
coder,23187,7770,12693,107.33
coder,14146,8726,10971,766.09
profiler,10049,7262,7444,709.69
coder,15184,15762,19360,215.81
sketch,7954,6653,8560,89.05
sketch,5474,8263,9416,110.09
coder,16563,13584,16279,190.28
sketch,8068,12686,14351,160.94
coder,23770,10865,15846,135.11
sketch,5464,15155,16380,177.18
coder,22549,19862,24967,955.89
sketch,5366,16261,17653,181.53
coder,17872,23940,26967,1012.49
coder,17829,6690,10319,117.01
coder,17856,14653,18675,187.09
feature_extractor,8726,7722,8167,105.43
feature_extractor,8618,8857,9287,114.11
coder,23448,6206,11332,109.82
profiler,9417,5451,5645,78.10
coder,23374,10673,16177,173.74
designer,25118,5142,6880,56.19
feature_extractor,5645,13081,13728,174.63
profiler,10811,1429,1602,23.65
profiler,10808,4797,4965,73.54
coder,16547,15616,17931,216.54
feature_extractor,5566,15851,16621,203.44
feature_extractor,5666,16791,17562,213.98
sketch,7202,5509,6109,66.96
feature_extractor,4869,7748,8063,102.95
profiler,11507,6501,6697,92.11
coder,16363,7700,10089,95.76
designer,14500,0,2403,74.02
sketch,8592,10290,16142,154.43
sketch,7688,12751,13384,159.44
feature_extractor,2800,6787,7109,86.21
sketch,10718,8147,11942,122.52
feature_extractor,6767,5630,5991,75.55
sketch,8995,12708,15033,128.54
feature_extractor,2800,11289,11958,148.48
coder,16919,10348,12733,137.39
coder,14216,13948,17776,179.69
feature_extractor,7302,11056,11398,151.35
feature_extractor,13230,11725,12115,156.90
feature_extractor,2800,11914,12571,189.72
coder,13146,19028,23147,236.07
coder,13233,20889,24827,248.13
feature_extractor,10160,10514,11210,135.59
designer,25082,4409,5016,57.08
coder,21211,0,2831,124.29
feature_extractor,4446,4521,4841,55.60
coder,17700,0,2320,99.25
coder,17481,0,3442,157.88
feature_extractor,13190,22390,23533,280.17
coder,19328,1879,5676,50.31
coder,14026,7446,8409,107.31
coder,14740,11621,13708,148.36
designer,31175,2269,7093,62.13
coder,16298,15055,17588,216.12
profiler,10541,4783,4943,62.43
coder,13050,17575,24465,252.44
coder,14779,4577,6577,69.33
coder,18005,20269,24597,299.50
feature_extractor,7579,18029,19291,218.57
coder,16684,12521,14960,155.71
coder,17049,26998,32763,258.07
coder,15996,24103,29955,303.08
coder,17061,38729,42252,402.63
profiler,10598,3506,3660,41.44
profiler,10426,6880,7080,88.92
coder,23943,11477,16825,120.27
coder,16818,11518,12638,143.58
coder,23967,6862,12817,104.89
profiler,11991,6076,6229,68.02
profiler,9824,4172,4407,55.24
coder,18445,671,4997,30.88
profiler,10674,3506,3677,44.29
sketch,4487,9766,10114,101.44
sketch,4548,8543,8834,101.56
coder,19689,10966,14656,123.69
sketch,4416,14482,15203,141.34
feature_extractor,3834,5592,5831,73.03
feature_extractor,4103,14825,15537,196.69
feature_extractor,3840,17085,18000,201.85
coder,18058,6017,10294,104.81
designer,13209,0,1544,66.64
feature_extractor,2800,6381,6763,82.03
feature_extractor,2800,14005,14485,172.00
feature_extractor,2800,13718,14292,186.46
coder,28033,0,3102,156.47
coder,23070,0,7781,201.96
coder,16911,0,2393,366.68
profiler,11885,4928,5163,64.77
profiler,9078,5527,5655,69.30
coder,21143,6020,12887,99.89
sketch,5435,9249,10205,107.99
sketch,6707,13150,14087,126.35
sketch,7732,12573,14091,128.98
feature_extractor,5336,5464,5694,65.01
feature_extractor,8136,8674,9076,99.14
feature_extractor,6593,10673,11365,109.99
designer,17049,4820,6640,65.47
profiler,11724,3850,4000,45.56
feature_extractor,5120,11064,11359,128.28
coder,20708,10413,13928,115.94
coder,13858,12563,15460,150.73
coder,13092,12093,16247,163.01
coder,13725,10908,21596,180.44
coder,19856,11930,18457,156.81
coder,24000,5113,11296,91.91
profiler,10300,3137,3258,44.26
profiler,10557,5686,5894,78.53
sketch,7770,4343,6160,63.44
sketch,7900,5937,7866,86.67
coder,17373,14896,17804,206.94
coder,20468,7450,12677,124.48
sketch,8250,15798,17483,164.73
coder,20369,1710,8243,61.96
coder,20387,9796,12750,136.23
profiler,10453,2185,2391,31.56
coder,22913,3953,9430,84.89
feature_extractor,8650,7889,8202,108.36
feature_extractor,8850,9250,9747,121.84
feature_extractor,8459,9439,9770,130.90
coder,26521,5327,13805,129.51
coder,18089,4084,7012,72.53
coder,20983,3081,9649,70.91
designer,26907,12826,14769,130.09
profiler,12109,3145,3344,38.19
profiler,10043,7055,7215,88.59
feature_extractor,5038,8921,9212,110.60
coder,18307,15037,18238,192.83
sketch,4432,8690,9705,93.85
sketch,5483,8536,9903,107.44
sketch,4342,10886,12483,128.79
coder,22488,11363,16765,157.00
coder,19623,13935,20284,158.67
coder,12345,13848,18390,172.27
feature_extractor,4367,11221,12001,133.07
coder,13043,14202,22156,186.29
feature_extractor,4834,12141,12849,135.62
feature_extractor,5735,12298,12892,137.50
coder,11951,17150,21130,193.50
coder,23786,7437,17599,144.00
coder,16890,5590,8509,76.21
coder,20357,9173,15692,145.92
coder,16855,7883,11112,108.73
designer,18481,0,2470,225.50
profiler,11780,5040,5322,56.83
feature_extractor,4157,7971,8604,97.94
sketch,9056,5097,7671,66.25
sketch,9207,6022,10379,81.54
profiler,10503,4600,4774,58.59
sketch,9260,14246,18200,133.95
coder,18030,11619,14572,126.69
coder,24765,22957,33040,302.89
feature_extractor,10423,15294,16693,166.82
feature_extractor,11897,15911,17570,172.68
feature_extractor,12235,17956,18804,185.11
profiler,14258,3837,4037,43.95
profiler,10042,944,1109,17.02
coder,20189,0,6781,210.56
sketch,6683,5296,5828,57.56
sketch,6790,5990,6604,69.37
coder,19116,13385,18922,204.37
coder,17689,12917,16007,166.31
sketch,11055,14017,14577,180.44
designer,36080,14336,19098,195.98
feature_extractor,6192,3514,3831,47.90
feature_extractor,6361,3984,4291,51.95
coder,19483,0,6104,345.86
coder,21056,0,10611,425.85
feature_extractor,10592,9741,10066,129.53
designer,20947,6582,7106,76.77
feature_extractor,4371,2363,2671,35.02
feature_extractor,7452,19259,20423,236.62
profiler,13762,2846,3032,45.01
coder,23820,9517,19622,193.31
coder,12880,7725,9047,107.72
coder,13863,9260,11221,130.36
coder,12107,11383,12290,144.44
coder,16975,12327,19556,204.55
profiler,9555,2797,2970,42.91
sketch,8453,10724,11707,150.59
coder,20046,15209,22253,258.37
sketch,7988,16169,18999,203.30
coder,18500,10977,14102,162.25
coder,18403,21227,25317,301.76
designer,6239,0,4564,163.97
coder,24320,3932,14099,119.72
coder,27390,1991,9064,71.70
coder,14873,9564,11690,133.29
profiler,9453,3930,4119,61.96
sketch,11699,29129,29997,322.14
coder,22435,2971,10006,86.96
feature_extractor,6101,9842,10381,130.09
coder,14965,35067,39402,472.14
feature_extractor,11547,9845,10329,131.76
feature_extractor,8385,11479,11960,155.52
feature_extractor,9678,13818,16082,172.12
profiler,11896,4417,4557,56.70
coder,19064,10253,13256,154.16
coder,14817,8379,10495,118.49
coder,22470,15617,19687,209.93
coder,28984,0,17451,199.79
coder,23788,0,16922,201.60
coder,24211,3205,10287,87.62
coder,28984,0,19264,225.03
profiler,9545,7684,7888,111.70
coder,24386,9213,17770,151.53
designer,27278,8838,10430,138.35
coder,15946,4393,6472,59.16
sketch,5406,7418,8361,93.36
sketch,5385,7272,8716,94.71
sketch,5293,13858,15346,142.62
feature_extractor,4767,12207,12525,163.63
feature_extractor,5719,8042,8680,102.76
coder,21646,12526,17101,179.12
feature_extractor,5295,9552,10116,119.47
feature_extractor,5671,11134,11718,138.84
coder,17492,5955,8976,86.12
coder,22713,17248,24413,247.62
profiler,10152,927,1053,13.50
coder,25587,13211,17192,164.42
coder,28009,2820,10039,70.09
profiler,12033,4290,4414,49.15
designer,20931,0,2063,121.63
coder,24164,17998,26513,255.67
feature_extractor,4024,10176,10803,109.45
coder,14984,11890,16034,176.25
coder,13492,14576,19417,215.56
coder,17187,11834,14789,145.34
coder,22023,11841,16440,163.00
profiler,10194,4764,4935,71.63
coder,13492,16173,23766,266.72
coder,21561,7400,14655,132.13
coder,21853,13911,17923,165.66
profiler,12011,4438,4627,49.87
sketch,6695,1230,1787,18.99
sketch,6810,1403,1967,19.07
sketch,6832,9011,9569,89.75
coder,22362,7403,16038,127.44
feature_extractor,6353,2332,2679,30.66
feature_extractor,6366,2943,3253,36.87
feature_extractor,6226,3505,3836,41.46
profiler,9781,1229,1387,14.84
designer,17059,2558,3214,28.92
coder,18914,8554,12192,108.20
coder,24387,13670,20874,196.30
feature_extractor,4497,3742,4055,45.89
coder,22845,14304,18948,160.26
sketch,8140,15962,17990,137.45
sketch,7728,13501,14286,138.90
coder,12870,6800,7798,74.43
sketch,8098,16037,17948,148.11
coder,13853,9295,10312,97.54
coder,12234,10390,12838,121.81
feature_extractor,8982,7132,7481,76.07
feature_extractor,7479,7930,8399,91.45
coder,20898,0,6970,292.02
coder,21765,0,7990,288.04
feature_extractor,8858,12259,12781,126.40
designer,57860,0,652,43.65
coder,15147,5477,7890,77.35
coder,21699,15392,21476,209.00
coder,24230,4789,13463,89.04
profiler,10846,2419,2605,27.78
feature_extractor,3374,5196,5444,60.37
coder,20707,0,10063,411.23
profiler,9995,2646,2823,29.26
coder,17387,0,2435,221.58
coder,14132,8471,10757,90.01
profiler,13461,4477,4674,48.64
coder,17379,0,2739,370.60
coder,19061,0,3235,374.40
coder,18162,13482,17061,151.53
profiler,11067,1697,1912,19.94
coder,25385,2293,9505,62.75
profiler,9441,10567,10754,123.64
profiler,12347,5343,5523,65.67
coder,18001,8927,12568,100.72
coder,26911,2250,9533,64.02
profiler,9658,4985,5135,56.22
profiler,8424,4305,4427,58.49
profiler,12305,3379,3536,47.81
profiler,9296,4572,4717,70.39
profiler,8844,4817,5061,71.24
sketch,5498,6873,8106,86.83
coder,27030,24519,31405,350.65
sketch,5728,8908,10412,120.88
sketch,5136,11895,12919,156.34
profiler,9738,2401,2596,33.92
feature_extractor,6067,7184,7831,97.65
feature_extractor,5639,7918,8459,103.08
sketch,7652,7893,9333,89.24
feature_extractor,5100,9599,10215,121.07
sketch,11396,10858,11290,127.06
profiler,12190,6549,6734,100.73
sketch,7103,5103,5767,65.87
sketch,6988,5261,5800,68.36
coder,23930,5497,12496,117.35
sketch,7146,12017,12584,126.94
profiler,8629,5659,5793,86.07
feature_extractor,6686,2694,3028,36.36
feature_extractor,6742,3600,3918,48.17
sketch,5903,3827,4060,49.06
feature_extractor,6505,3942,4267,51.83
sketch,5704,3852,4096,53.57
designer,39805,0,6064,215.39
sketch,6124,9078,9676,102.16
feature_extractor,4955,1819,2067,24.81
feature_extractor,2808,5091,5444,74.51
feature_extractor,5148,4759,5008,71.64
sketch,8783,44419,58267,449.44
designer,23676,10159,10900,129.84
feature_extractor,5730,8563,8947,122.70
feature_extractor,4575,3918,4213,52.65
coder,14869,2916,3974,46.94
feature_extractor,7972,8814,9158,126.25
coder,23275,16824,23796,243.11
coder,11453,9133,11014,117.40
feature_extractor,10831,14886,17455,201.25
feature_extractor,20646,14056,15035,202.50
coder,11453,12303,13388,156.17
coder,16768,6991,9376,99.51
sketch,7914,8060,12023,107.43
coder,15371,5552,6667,81.41
coder,14382,9506,11399,151.46
profiler,12281,2935,3139,43.54
coder,14079,3894,4877,52.47
designer,51897,0,3443,451.13
designer,40177,12966,15524,173.31
coder,16257,5632,7515,77.96
sketch,8511,33037,37648,340.26
feature_extractor,3374,5857,6110,62.29
coder,15069,3856,4933,62.06
profiler,11807,2033,2217,29.22
feature_extractor,11643,12799,13645,148.30
feature_extractor,5713,12646,13809,169.75
feature_extractor,10596,15229,16048,179.30
coder,13555,9384,11292,124.71
designer,39116,2144,6867,52.94
feature_extractor,7460,15106,16085,158.94
coder,18948,0,4141,381.07
coder,18948,0,2869,382.32
coder,17545,0,3762,774.78
coder,16306,4471,11168,80.50
profiler,11833,4604,4752,51.41
coder,17323,12597,17411,144.84
coder,18345,13899,18389,149.91
coder,17545,0,6247,834.59
sketch,6632,3461,4005,35.04
sketch,7080,4227,4765,42.92
sketch,6605,7482,8034,73.36
feature_extractor,6138,2472,2785,26.93
feature_extractor,6149,2939,3269,34.57
feature_extractor,6587,3333,3643,35.19
designer,18624,1004,1544,12.63
feature_extractor,4382,2306,2610,26.76
coder,11841,3299,4170,39.05
coder,11312,4120,4962,45.68
coder,11260,8193,10371,90.16
coder,22891,13846,19121,139.28
profiler,8986,2719,2864,36.16
coder,22980,6853,11717,95.33
coder,15724,12079,15630,210.99
coder,15498,15526,20643,218.60
coder,17545,0,9819,1121.82
coder,12856,3949,5979,54.10
coder,22509,2741,7305,52.47
profiler,10695,8167,8323,100.98
coder,18948,0,2589,981.79
coder,13649,5206,7177,60.76
profiler,8649,6664,6820,75.15
coder,24476,10444,15721,143.39
coder,14496,65534,65534,536.29
coder,19601,18245,26080,217.29
profiler,10499,4278,4496,56.08
coder,20425,13226,18295,199.86
coder,14496,16891,21729,229.09
coder,23930,10834,19049,168.67
profiler,12081,4290,4489,59.87
profiler,10803,3486,3678,50.51
profiler,10138,11031,11188,171.88
profiler,8496,5730,5870,81.81
coder,24387,6629,11746,125.74
sketch,5777,3285,3482,44.92
sketch,5297,6119,6453,81.96
sketch,6264,6574,7504,96.97
sketch,5531,11019,12479,122.01
sketch,4570,12814,14051,142.59
sketch,5929,11015,11587,143.34
feature_extractor,4988,2441,2675,39.34
coder,21052,2763,7599,77.84
feature_extractor,5481,3653,3906,58.08
feature_extractor,4625,7089,7376,100.72
coder,21350,17266,22296,267.57
feature_extractor,6130,8765,9339,138.12
profiler,11889,5304,5451,75.92
feature_extractor,5909,13188,13791,188.64
coder,22658,13958,18408,231.51
coder,23183,3258,8522,78.46
designer,40440,0,576,41.35
feature_extractor,4743,15113,16277,200.28
feature_extractor,3374,2811,3027,39.87
coder,25372,11071,19067,147.03
coder,20896,452,5318,38.26
coder,21465,2000,6555,61.37
profiler,11966,4065,4212,66.46
sketch,6880,3785,4422,49.98
sketch,6688,4720,5290,66.09
designer,43198,0,9283,268.14
coder,21711,5843,10923,116.28
sketch,6765,8259,8812,110.21
feature_extractor,6313,2135,2475,34.98
profiler,13817,1689,1830,32.01
feature_extractor,6485,3633,4000,52.40
feature_extractor,6232,3743,4062,56.68
coder,22593,12617,17932,219.02
coder,15465,0,3324,380.00
coder,17399,0,2719,400.09
feature_extractor,2808,9749,10058,148.72
designer,15852,4524,5089,58.28
feature_extractor,4406,4693,5005,74.42
coder,21722,11667,16125,225.52
coder,12967,5271,6233,94.90
coder,11170,7746,9502,137.41
coder,11118,7448,9356,147.24
coder,22633,11357,16691,223.23
coder,15459,0,2580,976.61
coder,14077,14407,16699,201.92
coder,15575,0,2816,376.03
coder,19491,0,3562,424.04
profiler,10795,2911,3063,65.28
coder,15335,0,6166,1213.08
coder,21316,8082,13108,92.27
coder,22806,8378,12939,98.51
coder,14558,2299,4056,34.81
profiler,8968,4488,4675,43.59
coder,22490,12020,16535,129.45
coder,15314,2665,4572,40.69
coder,15103,3224,5444,52.57
coder,23699,7940,12410,117.28
coder,20129,18000,21985,196.32
profiler,10606,3011,3177,44.37
coder,40620,0,2885,36.15
profiler,8436,5960,6100,85.30
coder,23814,16394,21638,257.25
coder,22824,6131,10645,118.05
coder,19347,9239,14041,138.81
profiler,8563,1564,1666,24.84
sketch,5717,2165,2363,30.60
coder,23327,3430,8586,77.97
sketch,5841,6784,6985,93.03
profiler,11716,4083,4327,59.81
sketch,6249,9011,9723,118.50
feature_extractor,4930,2557,2794,37.87
feature_extractor,5056,3995,4234,60.83
feature_extractor,5945,6795,7667,100.43
profiler,10514,5013,5151,76.67
designer,45067,0,996,66.89
coder,21145,4811,9657,90.57
coder,38398,0,10653,136.41
feature_extractor,3374,3095,3337,44.82
coder,22876,18043,22432,231.56
profiler,12139,3884,4083,55.11
coder,37775,0,3463,40.47
coder,19061,0,3720,374.23
coder,22787,8844,13315,145.52
profiler,11822,4808,4957,74.34
sketch,6515,4708,5311,66.22
sketch,6621,5006,5552,67.15
sketch,6938,9820,10395,97.68
coder,22272,20996,25834,319.61
feature_extractor,6155,2013,2322,26.91
feature_extractor,6094,3736,4051,49.38
feature_extractor,6496,5110,5458,69.87
sketch,8723,15982,19993,165.13
profiler,8143,2637,2807,43.01
designer,15481,6138,6756,82.73
coder,16213,0,2118,357.12
feature_extractor,4463,8676,8984,113.43
feature_extractor,11393,12503,13888,158.21
profiler,10433,3160,3302,46.12
coder,21030,6914,11847,132.67
coder,12424,6330,7395,83.03
coder,19061,0,4568,855.82
coder,14043,9283,10276,105.58
coder,19061,0,5843,867.22
designer,31702,6378,10796,108.60
sketch,4322,10700,11064,120.12
sketch,4835,10863,11077,121.35
sketch,4481,15058,16503,158.02
coder,11289,16076,17929,191.19
coder,13971,6442,8823,102.11
feature_extractor,4050,7656,7900,106.21
coder,13702,7009,9080,101.64
feature_extractor,7171,17717,18740,219.42
feature_extractor,3692,13305,14020,175.33
profiler,10892,6229,6394,99.74
coder,15515,7289,9202,107.79
profiler,9542,5411,5566,79.81
sketch,8775,8702,10032,106.09
coder,17245,15507,23491,219.42
sketch,11776,9952,12453,128.84
coder,17417,18034,24940,267.88
feature_extractor,4815,65535,65535,460.49
sketch,8844,19635,21574,232.15
coder,17541,28291,33236,376.80
profiler,8545,4010,4127,59.03
coder,27818,4571,12455,110.98
sketch,5420,3427,3596,47.63
feature_extractor,4815,11600,12333,148.87
feature_extractor,9011,8368,8657,115.79
feature_extractor,9677,9996,10491,136.76
sketch,6824,9109,9887,97.75
feature_extractor,13060,12487,12912,167.24
sketch,5822,9252,9460,113.40
profiler,12265,7838,8035,117.06
feature_extractor,4611,3338,3581,50.65
feature_extractor,6559,4760,5111,63.27
feature_extractor,5043,5012,5254,73.13
coder,22476,9990,16809,131.83
designer,35652,6054,10812,100.03
designer,44758,0,700,151.17
coder,14765,1832,3783,31.69
feature_extractor,3374,5595,5949,64.49
feature_extractor,7570,11430,12990,146.82
coder,22313,16597,21872,204.55
profiler,12001,7614,7792,89.23
designer,14910,0,1987,362.92
coder,26645,10121,17790,132.69
feature_extractor,3889,5005,5513,55.58
coder,21306,0,3712,394.67
profiler,14363,3492,3714,41.70
coder,23282,7013,12160,96.59
profiler,11849,6486,6644,77.31
sketch,7063,2262,2789,26.96
sketch,6799,4604,5232,49.02
sketch,6647,6954,7458,71.71
feature_extractor,6573,2137,2433,25.13
feature_extractor,6396,2089,2418,26.17
feature_extractor,6137,3009,3325,33.30
coder,17781,8730,15979,124.02
coder,16458,8464,14122,174.39
designer,21736,5803,6875,56.91
coder,23653,4448,12337,88.54
coder,17364,21165,28165,306.19
coder,20853,0,5812,146.20
feature_extractor,4909,12517,12883,139.35
profiler,8110,5545,5746,74.45
coder,25428,6440,13560,102.97
coder,20987,0,3112,984.20
coder,24183,4440,9588,64.93
profiler,11494,2562,2694,35.74
coder,18964,0,7820,1027.60
coder,20853,0,4893,268.01
coder,13832,12480,21854,173.31
coder,13993,19518,22347,215.05
coder,24128,3319,10426,76.71
coder,14470,24519,27428,255.35
coder,20853,0,6805,414.40
coder,24930,9700,19248,139.85
profiler,15321,3058,3258,41.99
profiler,12629,3802,4031,48.93
sketch,8978,6829,11334,99.90
sketch,10558,9372,13578,137.82
coder,18032,8420,11409,134.02
sketch,11512,19440,23987,200.17
profiler,8642,5823,5957,80.98
profiler,12937,2551,2733,38.32
coder,17555,3669,6704,59.47
feature_extractor,13425,11627,12990,137.94
profiler,11811,6837,6978,83.70
feature_extractor,12067,18853,20314,221.57
feature_extractor,14770,25500,26923,274.38
profiler,9407,4906,5137,78.68
profiler,11103,3590,3775,49.20
sketch,5388,3299,3503,43.32
designer,36613,8670,13287,112.31
sketch,5920,4341,4538,57.91
sketch,6728,6754,8333,107.20
coder,23855,41346,50615,304.07
feature_extractor,5131,3974,4207,53.78
feature_extractor,4608,4434,4672,63.24
feature_extractor,7383,17594,18645,198.29
feature_extractor,7187,13103,13681,176.41
coder,15338,4766,7547,74.69
coder,17174,8921,13190,122.00
coder,16784,13220,17595,145.26
designer,43710,0,282,140.48
coder,16918,17459,22625,213.70
feature_extractor,3374,7279,7607,95.85
coder,22256,9005,13332,117.56
profiler,10767,11559,11753,178.29
profiler,13493,3284,3438,44.74
coder,19242,13147,16100,180.38
coder,23418,1885,6248,52.18
sketch,5140,8331,9026,107.90
sketch,5192,11655,13008,140.08
sketch,5310,12279,13025,145.02
sketch,10971,13662,15502,151.60
sketch,10891,14504,16882,164.59
feature_extractor,5009,5691,6165,76.41
coder,23112,9001,14089,129.34
sketch,9056,23765,25720,236.65
feature_extractor,4787,7808,8257,104.34
profiler,15975,4321,4490,67.70
feature_extractor,5446,13310,14271,169.30
feature_extractor,11705,6218,6571,90.15
coder,20965,5756,10117,99.66
feature_extractor,9845,8962,9344,123.12
feature_extractor,12117,9999,10430,139.94
coder,18842,11159,13931,171.25
coder,21192,0,2980,609.47
designer,30189,6313,8455,89.85
coder,17162,25219,28144,290.41
profiler,10767,708,906,14.32
feature_extractor,5250,10085,10390,129.99
coder,17873,13019,15944,183.76
designer,15208,0,1932,471.43
coder,18317,0,2166,998.58
profiler,10735,5218,5386,73.89
profiler,8137,2385,2588,33.37
feature_extractor,2800,8187,8505,98.64
feature_extractor,2800,9594,9827,115.70
coder,23273,0,2227,1099.84
feature_extractor,2800,12672,13389,150.87
profiler,9337,1962,2094,26.22
coder,12648,15759,20272,188.36
coder,18118,6837,9787,93.11
profiler,11473,1155,1366,14.78
coder,12351,22842,26366,257.44
coder,13326,23296,27963,252.35
sketch,8241,4471,9336,70.11
coder,39318,0,7447,211.95
sketch,8957,10940,15046,109.29
profiler,8347,1572,1740,22.44
profiler,10481,3541,3705,43.12
sketch,8223,47999,51813,320.41
feature_extractor,2800,12438,13141,137.39
coder,18936,32147,35334,291.05
coder,17250,0,3726,575.33
feature_extractor,11712,11259,12146,141.82
coder,39361,0,7172,85.02
feature_extractor,11780,14098,15385,170.70
feature_extractor,10768,16812,18076,194.79
profiler,8368,6182,6352,97.89
sketch,5415,2084,2249,28.83
sketch,5648,3760,3963,46.71
sketch,5624,3532,3729,52.06
profiler,9612,3426,3644,51.67
feature_extractor,4863,2342,2583,31.05
feature_extractor,4600,3153,3392,41.47
designer,34292,8316,12771,104.65
feature_extractor,4837,4325,4570,58.45
profiler,10024,1531,1701,22.87
designer,45150,0,864,89.26
profiler,10462,4222,4407,65.15
profiler,10630,2793,2951,43.29
feature_extractor,2800,6375,6896,92.08
feature_extractor,3374,5132,5356,70.97
sketch,7836,9271,10151,113.74
sketch,7605,10661,11713,148.04
coder,13226,0,5505,1000.24
sketch,8441,7700,9524,90.03
feature_extractor,7269,22677,24175,253.33
sketch,8580,9814,11637,115.47
sketch,13781,20392,21825,228.97
sketch,7567,16787,18874,215.98
coder,17486,6312,11032,119.59
coder,16002,6894,12396,120.98
feature_extractor,7617,8435,8865,111.00
feature_extractor,14149,9055,9440,128.35
feature_extractor,7676,12020,12445,157.45
feature_extractor,9151,6092,6490,84.64
feature_extractor,9219,6683,6987,92.59
feature_extractor,8519,7239,7692,97.43
coder,20314,16128,21263,205.78
coder,18948,0,2003,384.80
coder,18367,0,2592,370.68
coder,24337,16081,21243,187.61
profiler,10407,6398,6568,86.71
coder,23587,2837,9304,71.96
designer,29889,15753,17717,120.63
feature_extractor,5093,7346,7737,78.60
profiler,11961,4882,5059,57.31
profiler,8091,8416,8618,109.50
profiler,10520,5141,5295,62.85
coder,22941,6328,12039,100.07
sketch,4409,9775,11251,100.82
coder,21983,2934,8122,57.58
sketch,4782,10995,12567,115.57
coder,13608,19211,24447,187.73
coder,13382,18832,22558,187.43
sketch,5204,14170,15260,134.46
coder,18948,0,6249,1062.78
coder,14969,25916,29735,253.30
coder,18948,0,2746,1131.84
designer,28750,0,2917,35.39
feature_extractor,5221,12220,13004,123.87
feature_extractor,5229,11810,12513,125.40
feature_extractor,4743,13522,14076,139.71
designer,28750,0,4131,50.28
coder,22029,629,5674,32.14
designer,27625,0,6054,97.54
feature_extractor,3666,5767,6055,61.36
feature_extractor,3666,8628,8934,95.07
feature_extractor,2899,5753,6033,61.98
designer,27379,0,6442,187.49
designer,41549,0,488,131.34
profiler,12522,2104,2291,29.56
feature_extractor,2730,9016,9532,99.26
feature_extractor,2808,3615,3894,45.45
coder,43014,0,6908,131.34
coder,41724,0,7869,100.94
coder,47644,0,2826,87.03
coder,25594,3580,8827,75.65
coder,43014,0,11189,115.59
coder,38908,0,6939,279.59
profiler,8085,5256,5374,77.15
profiler,10236,4471,4613,85.32
coder,40262,0,2797,33.12
coder,15157,0,2702,397.82
coder,20080,0,2052,462.24
coder,19748,0,2139,119.10
coder,22073,9916,14913,130.70
coder,41731,0,4250,44.55
coder,17702,0,2104,41.25
profiler,8558,2217,2379,36.18
coder,41324,0,2527,550.56
sketch,5365,1900,2088,25.63
coder,18242,0,12884,486.76
coder,19675,7366,11166,114.51
sketch,5372,3797,3978,52.47
profiler,12050,4290,4479,59.71
sketch,5836,6083,6294,85.63
coder,42152,0,4539,60.23
feature_extractor,5059,942,1176,16.06
feature_extractor,4567,2670,2911,36.23
feature_extractor,4571,3482,3721,50.06
designer,39337,0,134,7.56
coder,18165,0,12957,603.32
profiler,8197,3396,3579,43.57
sketch,8976,8969,13398,115.94
sketch,9540,10520,15348,127.40
coder,15258,0,2701,796.23
feature_extractor,3374,6078,6327,87.16
profiler,9960,4560,4718,68.55
sketch,9065,17403,21695,194.27
profiler,10949,1837,1997,57.55
profiler,9960,2789,2908,43.60
profiler,7564,2077,2278,32.24
feature_extractor,11995,9421,11053,129.38
coder,18093,4747,8645,92.12
coder,43736,0,2974,36.36
coder,18737,0,12237,866.42
coder,44032,0,6855,69.11
feature_extractor,11976,14047,15525,175.36
feature_extractor,12822,14596,15777,176.58
coder,40425,0,6140,60.44
profiler,8733,2404,2584,37.67
profiler,10002,6335,6491,96.87
coder,37438,0,8320,715.41
profiler,8320,3403,3594,56.41
coder,42248,0,4073,44.61
coder,44886,0,2412,104.44
coder,42101,0,2216,40.77
designer,38834,7921,12878,143.69
profiler,9898,2962,3131,38.30
profiler,6237,4534,4782,62.65
coder,40900,0,2777,32.28
coder,42795,0,2299,28.32
coder,20567,0,2111,59.62
sketch,7718,7818,9744,112.59
coder,40292,0,2139,25.77
coder,42185,0,2159,26.14
sketch,5080,6566,7618,91.66
sketch,8907,14653,16084,157.16
sketch,7850,15811,17703,166.21
feature_extractor,7645,15559,16743,197.66
sketch,5008,12232,13084,153.85
profiler,9969,2829,2973,39.93
sketch,5218,14996,16099,156.91
coder,41613,0,2276,27.04
coder,17326,0,2925,647.10
feature_extractor,8502,6635,6973,89.43
coder,17479,0,3831,593.28
feature_extractor,9249,7882,8231,109.28
feature_extractor,8603,9392,9820,118.65
coder,18355,0,3145,645.83
feature_extractor,5071,6299,6735,81.19
feature_extractor,5244,6466,7001,81.32
feature_extractor,4826,7730,8194,93.00
coder,43709,0,496,24.16
designer,16742,0,1866,45.10
profiler,10800,3930,4088,48.85
designer,43424,11477,16822,171.06
designer,28565,4124,6184,46.88
profiler,10626,1907,2090,25.55
feature_extractor,2722,4391,4834,59.66
coder,21062,0,2046,166.23
feature_extractor,2722,8406,8985,101.56
feature_extractor,2722,7986,8395,102.14
coder,16956,0,7686,838.03
coder,21333,0,1867,373.82
profiler,9984,4042,4285,53.02
feature_extractor,5135,11653,12009,153.22
feature_extractor,8030,15146,16032,174.95
coder,18832,0,1916,202.80
sketch,5685,3464,3671,43.20
sketch,5684,4204,4399,52.09
sketch,5699,4992,5191,65.86
profiler,9951,2559,2739,35.81
coder,16370,0,2283,606.32
feature_extractor,4913,2427,2656,34.20
feature_extractor,4893,3126,3359,41.73
feature_extractor,4905,3589,3840,43.45
coder,15543,0,14327,186.46
sketch,5679,3652,3861,47.24
sketch,5663,5550,6772,81.33
coder,16762,7242,14933,134.39
sketch,5715,7628,8045,91.72
profiler,8089,6445,6611,87.62
feature_extractor,4898,3699,3937,44.56
profiler,8296,2697,2892,35.56
coder,18355,0,3446,1105.64
feature_extractor,5118,5380,5603,72.84
sketch,4590,3558,3780,43.39
coder,18355,0,3979,1129.75
designer,37502,0,719,14.48
feature_extractor,5802,9049,9329,116.32
sketch,4471,5648,6195,72.26
profiler,7663,5233,5396,72.21
feature_extractor,3666,6286,6525,78.71
coder,17808,27227,33295,311.01
sketch,4467,15030,15765,134.72
profiler,8071,4389,4527,64.00
designer,39303,0,331,47.11
coder,26993,11688,18425,178.48
coder,17837,33835,37026,368.59
coder,42394,0,5496,434.75
profiler,8094,5631,5817,71.85
feature_extractor,3822,6469,6733,80.05
sketch,5370,1796,2412,29.90
feature_extractor,4187,8155,8757,95.67
coder,24846,1374,4569,33.75
sketch,5351,3928,4118,44.92
feature_extractor,3997,12036,12509,132.03
coder,12806,15513,19093,219.55
coder,12806,15006,18556,208.86
feature_extractor,3666,8877,9423,107.22
sketch,5374,7458,8923,94.47
feature_extractor,4966,2951,3214,35.42
feature_extractor,4555,3423,3678,39.55
designer,35611,0,5762,63.55
coder,11925,19916,23313,248.16
coder,26322,10981,16564,146.87
coder,39544,0,7854,81.49
coder,26395,21259,27293,223.13
feature_extractor,5765,8104,8336,96.93
feature_extractor,2899,5925,6194,66.82
designer,41212,0,559,70.23
coder,17540,10963,15078,150.29
coder,22684,18858,22138,229.57
coder,38308,0,3053,290.60
feature_extractor,3374,2933,3167,34.48
coder,42520,0,2446,100.64
profiler,9426,2112,2292,35.99
coder,18636,7788,11271,117.15
coder,40149,0,10388,299.51
coder,25207,11803,17641,132.39
coder,24162,7458,13551,111.90
coder,39877,0,2119,35.28
coder,39884,0,2256,118.70
coder,17926,6776,11131,93.61
coder,38977,0,2853,35.42
coder,39040,0,2560,31.25
coder,43600,0,5396,114.82
coder,38939,0,4539,56.73
coder,24527,8208,14066,110.65
coder,40066,0,7600,447.51
coder,21017,0,8292,1021.99
profiler,12907,4554,4730,54.26
coder,19507,8125,11256,131.70
coder,20832,0,2002,58.06
coder,18608,0,3720,79.00
coder,16789,0,1883,56.74
coder,16843,0,2685,387.83
coder,20413,21649,26106,269.79
coder,17082,0,3833,397.30
coder,17955,0,10881,1100.66
coder,39784,0,4944,51.20
coder,25354,5314,11249,88.98
coder,21084,0,2101,417.34
coder,21084,0,2074,387.68
coder,39776,0,7928,87.97
coder,19526,0,2802,373.91
coder,19526,0,2880,389.94
coder,25396,4889,9269,75.99
coder,20270,0,2662,429.46
coder,17761,0,4678,533.95
coder,18246,11215,14564,152.44
coder,16928,28034,31951,270.66
profiler,7375,9936,10104,115.65
coder,24962,4782,10729,86.85
profiler,9974,5365,5527,66.82
profiler,9962,6336,6516,85.47
profiler,8339,4328,4497,61.10
coder,17382,4040,7595,68.37
profiler,5821,4646,4815,61.13
coder,21693,13441,18922,197.13
sketch,4658,9714,10302,100.93
sketch,4810,9957,10838,114.21
sketch,5224,16714,17854,168.12
feature_extractor,4634,5786,6252,70.91
feature_extractor,4221,8762,9165,114.32
feature_extractor,5288,11188,11606,124.63
profiler,8656,2252,2384,30.89
profiler,9955,4443,4622,64.38
profiler,9934,1910,2077,24.49
coder,40792,0,619,39.67
coder,18047,6699,10510,95.79
profiler,8311,5705,5843,81.96
coder,16856,0,2927,804.10
profiler,8577,3459,3604,43.35
profiler,12240,2191,2319,31.80
coder,18679,9377,12407,109.50
profiler,9906,1198,1363,18.55
sketch,5684,1900,2099,23.73
coder,40795,0,2392,72.94
sketch,5723,4219,4468,49.79
profiler,8226,2996,3160,41.13
sketch,4607,4051,4392,45.54
sketch,5765,10271,10738,120.05
feature_extractor,5216,1305,1305,18.29
coder,38959,0,2200,30.81
sketch,4582,6563,7129,83.14
feature_extractor,4983,3013,3253,37.75
profiler,8606,3833,4015,48.79
feature_extractor,4896,3541,3790,42.16
coder,16739,2680,5874,51.24
coder,26251,20663,25998,209.79
sketch,4496,9393,9996,111.75
feature_extractor,5216,5025,5271,62.31
coder,16495,9770,13584,138.23
sketch,5934,4374,4590,53.13
sketch,5884,4625,5979,57.43
feature_extractor,4128,7964,8219,93.76
profiler,10584,5548,5713,63.35
feature_extractor,3951,9458,9904,103.25
sketch,5858,18385,20272,156.45
sketch,4675,3895,4234,44.89
feature_extractor,4082,12249,12731,140.97
sketch,4500,6704,6944,67.03
feature_extractor,5163,2199,2440,27.11
designer,35942,0,437,25.03
designer,37880,0,854,50.82
coder,40080,0,2111,82.71
coder,22452,5488,11003,89.32
coder,18282,4410,7579,85.41
sketch,4459,13240,14019,131.73
feature_extractor,2899,5621,6478,71.07
feature_extractor,6165,9622,11228,113.88
feature_extractor,6662,11562,11838,125.92
feature_extractor,3666,8141,8453,96.94
coder,18899,5594,9152,90.30
feature_extractor,4003,6848,7169,86.80
coder,24243,4042,8825,86.11
feature_extractor,3739,12883,13243,163.04
feature_extractor,4183,16953,17973,199.89
designer,9122,5257,5729,72.12
designer,12692,9169,10532,106.29
designer,39860,8775,13208,145.70
designer,10244,2303,2500,31.12
designer,11564,3213,3491,43.94
feature_extractor,3947,3936,4363,51.27
feature_extractor,3906,2186,2437,31.18
feature_extractor,3832,3508,3738,47.67
feature_extractor,3317,6975,7287,95.57
coder,12959,6172,7907,88.44
designer,13827,14573,16127,186.08
coder,14597,15028,17013,160.00
coder,15578,13766,15393,180.61
feature_extractor,7228,21218,22299,246.08
coder,12229,18388,20798,240.79
coder,11174,1393,1647,15.49
coder,12362,18536,21841,282.89
coder,12229,24146,26142,290.73
coder,10479,2211,2463,82.05
coder,17146,4968,11250,102.17
coder,18364,10437,12460,155.39
coder,10555,3042,3314,150.15
coder,10490,1920,2292,98.98
coder,11232,3114,3421,62.50
coder,16480,10908,16386,146.77
coder,10716,3105,3496,42.34
coder,17618,9390,11415,134.93
coder,15645,12173,17442,174.57
feature_extractor,4224,30612,31751,339.02
coder,18251,9070,11363,117.88
coder,11755,3815,5525,61.33
coder,17655,7857,9698,96.77
coder,26670,11330,16979,173.48
coder,11037,10924,12533,139.69
coder,11121,7456,8510,93.16
coder,14237,5007,7003,72.86
coder,11122,2969,4172,46.68
coder,11628,6974,8110,81.13
coder,18708,3139,5501,57.26
coder,15972,17361,19746,214.21
coder,17691,8704,11362,116.78
coder,17788,12172,13776,175.66
coder,22747,19490,24149,201.90
coder,11311,8408,9530,110.38
coder,14817,2535,4534,47.86
coder,25770,13425,18757,209.25
coder,18472,7514,10182,120.03
coder,12861,6228,7802,88.13
coder,23594,9046,14891,151.06
coder,16347,6054,7878,83.59
profiler,10406,3735,3899,58.90
designer,15393,10523,11984,116.12
coder,24249,13562,19096,201.29
coder,24009,5727,10968,109.95
feature_extractor,4173,11864,12594,154.02
profiler,9751,5894,6048,89.20
profiler,8250,6406,6592,99.93
profiler,9822,2579,2789,66.41
profiler,8574,3265,3452,44.17
coder,15604,11072,13578,171.95
coder,12682,8824,9948,122.99
coder,18426,10279,12642,138.03
profiler,12619,3630,3869,53.10
profiler,9859,3285,3413,77.94
coder,16262,18179,19705,245.21
coder,14880,5159,7290,89.22
coder,18934,4218,6934,79.88
coder,16591,16709,19276,246.09
coder,12714,4986,6067,73.62
profiler,11841,2799,3004,37.96
coder,13151,10853,12196,161.78
coder,21976,3357,8513,76.04
coder,19255,7791,10047,101.33
coder,12245,11066,13549,145.67
coder,13226,13944,16591,221.67
coder,19144,6699,9237,86.19
coder,14191,4197,5527,61.01
profiler,7429,3447,3595,44.15
coder,15120,7394,9445,97.44
coder,17849,3692,6010,56.83
coder,22920,8892,14107,130.29
profiler,9774,5071,5227,68.99
coder,12992,3114,4416,48.38
coder,12245,32339,35348,406.60
coder,17114,13974,16599,135.38
sketch,5583,5339,5489,64.49
sketch,6184,6103,6332,73.13
coder,15818,6018,8046,73.76
sketch,5643,6048,6299,82.86
feature_extractor,5424,2026,2289,26.45
feature_extractor,4901,2830,3060,33.69
coder,19126,12336,14445,137.57
feature_extractor,4751,4016,4232,49.93
coder,16330,5023,6712,58.28
coder,17134,10562,13194,134.94
coder,14941,2559,4585,43.04
coder,17490,3782,6871,86.63
designer,10857,7157,7600,83.77
profiler,9960,5563,5703,74.40
coder,16787,10256,12905,147.01
coder,15710,4919,7432,68.77
coder,17686,13799,16058,174.00
sketch,5692,2621,2855,38.67
coder,22342,23543,29231,292.40
feature_extractor,4057,7264,7630,90.85
coder,15777,8861,10772,108.31
coder,17002,4309,6981,104.77
sketch,5778,8980,9152,107.30
sketch,5564,10244,10662,122.10
feature_extractor,4935,1513,1732,20.78
feature_extractor,4971,4521,4774,57.80
coder,17538,3270,6513,84.26
feature_extractor,4967,4845,5092,68.36
coder,25534,9189,14190,139.13
coder,17892,12340,14613,172.01
coder,15571,8811,10697,130.30
coder,16807,9324,11866,189.14
designer,10478,4763,5019,69.16
coder,16003,9316,12005,118.28
coder,24896,3950,8982,83.09
feature_extractor,3885,3628,3864,47.28
sketch,5250,6317,7659,83.05
coder,17731,4368,7665,83.00
coder,11108,6167,6851,178.80
coder,18870,9604,11964,146.37
coder,16966,9790,10453,180.39
coder,11332,10180,11027,135.46
sketch,6070,15668,16536,201.32
coder,22268,5410,10486,100.57
coder,13414,1456,1712,18.18
coder,10523,1580,1838,35.19
coder,17358,17447,20118,216.49
coder,16096,4631,7280,76.81
coder,14624,4796,5348,71.06
feature_extractor,5883,13944,14473,185.20
coder,10561,7585,8671,116.46
feature_extractor,5485,16637,17389,220.18
sketch,6199,18583,20400,223.45
coder,12197,11433,14064,174.01
designer,13629,6428,8203,87.62
coder,11111,3769,4925,76.18
coder,13045,9287,10844,134.08
coder,17643,15963,19240,243.47
feature_extractor,6852,8505,9128,117.90
coder,18267,2037,4814,45.86
coder,11139,3721,4913,56.79
coder,23338,13024,18361,207.83
coder,14645,3742,6273,78.84
coder,16386,7381,8809,100.35
coder,17063,12316,15030,180.33
profiler,9759,2064,2246,29.43
designer,14277,5285,7637,87.72
sketch,9329,3121,5675,55.10
feature_extractor,4501,17637,18386,217.10
feature_extractor,4834,6642,7280,83.95
coder,16591,6289,9793,121.26
sketch,9634,7878,11872,99.67
coder,13657,12889,14454,154.99
profiler,9815,6426,6601,83.21
coder,13028,10594,13318,161.37
coder,16579,11472,12900,135.33
coder,18485,17828,20632,237.80
coder,13133,11623,14387,166.02
feature_extractor,12339,14927,16290,177.98
coder,14435,14119,16833,193.02
coder,14435,16990,19614,218.23
coder,13373,16764,18961,239.74
coder,15497,8512,9941,126.04
coder,17508,14787,17801,227.87
profiler,9848,6060,6230,82.10
feature_extractor,10742,26917,28968,296.17
sketch,5681,3134,3335,38.03
coder,13367,10427,12006,139.32
sketch,5648,4889,5118,65.50
coder,20003,6919,8960,97.67
coder,17813,16825,20230,249.35
coder,12769,2193,4660,43.90
coder,12534,27984,29981,381.69
sketch,5591,8153,8382,99.38
coder,17243,8193,10682,116.57
feature_extractor,4883,2813,3044,36.15
feature_extractor,4899,3938,4188,51.19
feature_extractor,4827,5653,5884,72.11
designer,41519,10861,15263,139.87
coder,18586,13242,16081,155.68
coder,18775,6033,8627,65.47
coder,17688,16085,18194,203.11
designer,10201,7533,7978,80.07
coder,15494,12495,13945,154.14
coder,17579,1067,4677,31.25
coder,15611,4617,6205,58.30
feature_extractor,4049,3743,4048,39.43
feature_extractor,7249,14857,16214,157.51
coder,19825,14482,16713,172.03
coder,19170,7345,9429,95.84
profiler,8746,3517,3666,38.01
coder,16023,2776,5675,45.48
coder,16619,3993,5343,51.25
coder,16028,4016,6618,61.84
coder,18342,15627,21243,178.96
coder,16299,12692,14713,155.13
coder,15751,21084,26379,221.91
coder,11891,4102,4528,107.62
coder,17415,6655,9227,139.19
coder,10910,4533,5028,96.25
coder,13817,10165,11608,139.82
coder,16825,31748,36618,341.31
coder,12129,6833,9398,104.32
coder,17926,6806,10282,97.19
coder,17267,21104,23383,258.54
coder,16737,9110,11187,119.43
coder,17113,5376,7613,60.07
coder,15822,14535,16135,169.07
profiler,10936,8086,8299,111.93
coder,11580,8539,10077,117.97
coder,13589,8227,9714,109.79
coder,17659,21847,25420,253.44
coder,18349,22418,24974,211.22
profiler,11947,2399,2556,33.02
coder,11824,6191,6823,76.22
profiler,8614,806,994,12.20
coder,23345,10512,15974,142.98
coder,16491,4498,6817,60.98
sketch,6255,7249,9009,76.93
coder,18281,15113,18405,190.48
sketch,6012,17977,19970,167.47
sketch,6110,19139,21280,172.78
feature_extractor,6908,7353,8041,78.69
feature_extractor,7049,7195,7937,78.94
feature_extractor,6870,8790,9433,97.32
designer,19171,4099,6181,49.30
feature_extractor,4600,10009,10642,103.70
coder,13612,14403,17153,147.77
coder,13856,15035,17535,157.10
coder,13856,15702,18721,176.58
profiler,8260,2954,3130,40.70
coder,16530,2565,4803,43.75
coder,22950,2188,7069,53.41
coder,14788,9935,11845,147.69
coder,13378,9513,11129,129.15
coder,14028,12053,13652,172.29
coder,16866,4696,7066,83.19
coder,15743,13688,15439,199.45
coder,13666,4433,5894,72.63
profiler,11594,5992,6197,82.03
coder,11758,10888,12377,141.22
profiler,11801,3942,4132,56.57
coder,24024,3282,8425,75.88
coder,13478,11115,12483,139.88
coder,13459,6397,7983,72.21
coder,18116,18776,21817,246.61
coder,13349,7178,8677,101.40
coder,13401,11571,13205,157.18
coder,22778,9862,15002,162.24
profiler,9944,5574,5797,82.48
coder,16307,22199,24932,314.47
coder,16804,13913,15997,186.62
coder,14047,7341,8924,92.91
coder,15331,13065,14565,192.49
coder,13371,8741,10234,125.15
profiler,8868,5186,5317,72.74
coder,24301,14150,19223,212.65
coder,17578,15393,18347,236.49
coder,13274,6938,8518,99.37
sketch,6528,10575,12807,130.71
sketch,5992,18607,20324,199.86
coder,13521,19510,20876,251.31
coder,17045,14298,16277,196.97
sketch,6289,28394,30174,264.39
coder,17638,3711,5341,57.47
coder,18008,27022,29505,359.55
coder,15510,21285,22767,282.34
coder,24229,3330,8394,73.41
feature_extractor,6934,7979,8686,99.30
coder,13266,13079,14590,166.88
feature_extractor,6555,9587,10288,114.93
feature_extractor,7550,12178,12934,136.07
designer,16143,5630,7672,68.88
profiler,9878,5452,5618,78.55
coder,13265,6762,8700,96.65
coder,17180,18470,20334,234.32
feature_extractor,4544,10139,10826,110.66
coder,13412,3170,4705,49.73
coder,24406,15742,20480,173.72
coder,13800,12280,15390,132.74
coder,15584,12826,15567,135.65
profiler,8237,2554,2707,30.49
coder,15194,19132,21793,223.79
coder,13533,10490,11860,116.72
coder,23920,2350,7105,48.36
coder,20134,13165,15126,157.07
coder,12833,5953,7465,75.79
coder,15955,8295,10216,88.71
profiler,10008,3760,3932,43.45
coder,13158,13050,14419,132.52
coder,20964,6430,9445,85.38
coder,22562,22787,27640,271.39
designer,4499,7945,10352,107.14
designer,3925,8022,9925,113.46
designer,4213,12523,13563,127.83
designer,4114,17163,19113,212.78
designer,3850,20772,21693,225.09
feature_extractor,4252,11557,12136,127.57
feature_extractor,5674,14108,14495,159.51
feature_extractor,3780,6058,6765,68.04
feature_extractor,4730,19621,20325,209.79
feature_extractor,4909,14956,15589,168.40
coder,14204,15876,24832,269.81
coder,15647,12558,16615,200.60
coder,13165,28797,32971,334.15
coder,13112,9960,14019,173.92
coder,15647,14276,17526,319.10
coder,12782,14726,16234,208.07
coder,13165,26814,34071,431.78
coder,13112,14266,18037,267.37
coder,12782,16548,19494,376.63
coder,14917,10880,16483,190.40
coder,16578,14888,21285,418.37
coder,12782,18647,20682,329.85
coder,23884,4111,14311,116.55
coder,13112,25995,29301,428.00
coder,15487,21537,25449,354.08
coder,16377,18402,22786,314.50
coder,20556,2336,4357,45.73
coder,20524,13046,18255,213.71
coder,18125,10952,13933,158.04
coder,15372,18636,21331,222.71
coder,22619,21322,26873,247.73
coder,17704,1626,5138,36.95
coder,22658,5920,11328,101.02
coder,16612,14787,17407,165.26
coder,21170,6583,11337,101.42
profiler,10757,980,1144,14.22
coder,21795,1361,8565,48.62
coder,17230,5071,8304,67.80
coder,19468,6497,8522,72.61
coder,21653,2017,6958,48.45
coder,16906,7180,10311,74.48
coder,24845,5007,15065,97.34
coder,16366,3822,6513,49.23
coder,20130,19019,23901,234.61
coder,15782,26387,28525,282.84
coder,21664,5950,11536,91.06
coder,21634,3222,8158,59.41
coder,21713,5367,12563,89.85
coder,17701,9109,12975,125.69
coder,21198,4743,9679,96.45
coder,16446,13886,16477,177.08
coder,18519,4439,6373,66.48
coder,24336,2335,12186,86.18
coder,17727,6107,9676,92.64
coder,20545,16237,21384,254.03
coder,17543,1159,4225,29.07
coder,21360,3512,13459,101.57
coder,21155,13112,19176,174.91
coder,21725,11734,17304,161.59
profiler,8388,2396,2605,34.07
coder,17903,10478,14216,175.18
coder,22093,5371,10327,101.18
coder,21301,23522,27981,341.76
coder,18540,9346,11069,110.71
coder,22363,12016,16970,154.34
profiler,16853,3122,3258,44.82
coder,18085,18401,21538,255.99
profiler,9509,2991,3216,40.75
coder,17108,7851,10848,105.22
coder,20002,8467,14501,119.76
coder,25939,15869,21218,216.76
coder,20673,8921,13585,122.14
coder,21690,10982,16201,151.85
coder,21984,3667,8719,77.01
coder,18355,3121,4846,42.16
coder,15874,16400,19632,196.97
coder,17768,13036,16894,169.20
coder,17190,7827,10949,103.72
coder,20636,2126,7133,45.63
coder,17517,8260,12001,159.33
coder,21949,653,5399,36.50
coder,19952,15573,21571,210.33
coder,22661,6078,11298,119.86
coder,22358,12647,17842,178.32
coder,16891,13201,16484,192.17
coder,21317,5083,10007,92.94
profiler,10359,3409,3569,107.66
coder,21367,16104,21081,232.48
coder,17975,17526,21535,253.81
coder,18172,11583,15150,160.56
coder,19148,5110,11302,100.40
coder,21217,5615,10347,128.20
coder,17194,21632,24754,290.18
coder,22250,3241,8501,150.11
coder,22499,5035,10250,136.29
coder,16933,11696,14482,167.81
coder,20413,1872,8057,56.91
coder,22217,4180,9194,153.38
coder,21244,12043,17373,250.96
coder,22092,5676,10591,155.58
coder,18483,5349,9865,197.20
coder,21464,4888,9832,130.21
coder,19385,3379,9610,82.50
coder,21622,11188,16330,183.09
coder,18091,18000,21544,251.99
coder,18490,2693,7182,62.29
coder,16473,20617,23190,266.73
coder,21305,10339,16665,209.22
coder,21562,3877,8830,88.67
coder,22095,3032,7922,65.59
coder,22332,13278,18423,256.67
coder,17673,20453,23514,324.24
coder,21183,2698,8828,71.82
coder,17773,8404,11972,121.21
coder,18510,1132,5620,42.09
sketch,13457,8469,9868,98.81
coder,20646,968,6189,46.22
sketch,8205,8855,10870,108.37
coder,22555,9747,14641,153.02
coder,22426,7380,12379,133.59
coder,21602,14555,19975,246.21
feature_extractor,9054,7135,7463,98.64
feature_extractor,13732,7938,8289,107.37
coder,17795,10237,13768,132.87
coder,16255,23146,26037,341.15
coder,21187,12535,16989,171.70
coder,17183,24769,27559,327.08
coder,20418,7774,12658,115.05
coder,20910,17059,21580,220.57
coder,18669,24152,28011,255.52
coder,22552,9562,14956,144.46
coder,16837,4453,7257,68.63
coder,16618,15320,17849,193.74
sketch,6107,7389,7928,70.98
feature_extractor,5627,4183,4493,48.15
coder,17475,6338,9153,81.44
coder,16259,9152,11763,104.55
coder,16425,12480,15279,148.94
sketch,6438,6299,8491,77.85
sketch,6336,11204,13421,135.22
feature_extractor,7447,8285,8947,83.92
feature_extractor,7404,12802,13614,123.07
designer,4408,4725,5600,51.62
designer,4276,6000,6346,64.70
feature_extractor,3669,3514,3790,37.75
designer,4194,10972,11618,107.24
designer,3988,10004,10881,100.09
designer,4898,11845,13365,113.02
designer,4792,11437,14073,138.93
feature_extractor,4274,11102,11681,116.72
designer,4188,20027,23326,170.68
feature_extractor,3845,10393,10768,103.40
coder,11459,12517,14268,128.86
coder,11459,11581,13274,129.07
coder,11459,13985,15776,133.68
feature_extractor,5339,15280,16058,151.73
coder,15254,1806,3593,29.68
feature_extractor,3881,16478,17455,179.04
feature_extractor,6228,15489,15874,148.32
feature_extractor,6093,10446,11854,102.17
coder,13736,12708,16087,139.52
profiler,11073,3156,3322,34.47
coder,13736,14930,17362,168.73
coder,15276,3464,5281,46.17
coder,13610,4846,7015,72.00
coder,13450,10083,12546,123.47
coder,13736,23092,26164,232.99
coder,11919,14675,17650,178.55
profiler,11152,3862,4000,41.56
coder,17092,8003,10437,88.08
coder,17992,8376,11930,110.11
coder,12116,22962,25374,227.14
coder,16697,6490,15035,137.72
coder,17436,19762,26861,210.59
coder,14212,9950,11858,110.22
coder,17436,19974,26452,213.52
coder,13610,22164,26548,236.58
coder,13854,13366,18070,178.80
coder,15130,9237,11716,108.25
coder,13610,23626,28782,259.57
coder,15413,2652,4656,38.05
coder,17692,10174,15043,138.44
coder,15281,8776,11563,95.38
coder,18184,7639,10927,100.49
coder,13677,18506,23599,271.46
coder,23151,3651,10574,63.70
coder,20575,1167,5787,37.42
coder,14957,15955,18085,183.48
coder,18678,2556,7025,49.77
coder,15412,28345,36992,298.64
coder,15877,20187,24863,208.77
coder,24998,4217,12459,94.00
coder,16697,24474,30031,253.78
coder,16697,20959,27939,300.58
coder,19508,3859,8062,64.86
coder,15518,8173,10023,85.90
coder,22446,11703,18223,138.07
coder,15161,26993,30718,337.24
coder,22783,4509,11425,81.14
coder,19506,2909,7416,55.01
coder,20229,4018,8969,86.34
coder,24534,3720,12432,82.57
coder,17142,20022,22993,213.09
coder,19505,11160,16992,147.78
coder,17307,6749,9580,89.56
coder,19084,7769,12177,104.70
coder,18803,10452,15266,123.69
coder,15269,17190,20022,203.93
coder,22567,3785,10364,70.13
coder,25450,9026,16563,126.56
coder,15448,18157,20921,204.45
coder,23012,6234,11812,94.86
coder,22914,4936,11747,77.87
coder,20078,1784,7506,46.89
coder,17919,20529,22777,223.76
coder,14300,11531,13471,122.49
coder,23652,6465,13382,96.04
coder,18798,12130,15543,146.65
coder,24685,4734,13446,91.22
coder,18672,7076,10260,89.04
coder,17652,9550,12826,111.06
coder,24655,2345,8919,54.87
coder,15688,5231,7981,65.67
coder,19517,10122,14590,106.74
coder,18346,15662,19839,176.04
coder,19145,8706,14779,109.42
coder,18780,13383,17946,152.71
coder,15078,13884,16242,183.84
coder,17190,4584,7431,59.64
coder,15753,6678,8578,83.56
coder,24784,3706,11155,76.48
coder,20427,4101,10077,74.42
coder,23088,3713,10236,77.44
coder,18086,6065,9353,78.98
coder,16956,14826,16870,151.00
coder,20117,11595,17448,158.65
coder,18661,5322,9955,84.94
coder,26775,7386,14355,120.89
coder,15491,11486,14221,130.00
coder,19110,13612,16845,156.74
coder,22747,16854,23667,209.25
coder,18931,1518,6087,40.16
coder,24300,5530,12233,103.38
coder,17889,5465,8513,70.72
coder,22455,5646,12207,89.87
coder,19129,11173,14861,125.56
coder,14535,10237,13133,104.21
coder,20291,7561,13876,114.39
coder,23178,4169,10208,83.91
coder,16739,6535,8585,85.29
coder,24729,7578,15643,125.11
coder,15420,17169,19012,205.75
coder,17939,13142,16133,142.67
coder,22692,13900,20540,186.58
coder,24828,7528,14304,122.64
profiler,11247,8496,8626,97.30
coder,16243,12060,14770,146.57
sketch,5893,2882,3408,34.45
sketch,5972,3176,3709,37.47
coder,17683,11669,14243,110.69
coder,20163,15792,21569,180.93
coder,19497,17266,21984,205.94
coder,18048,9558,13023,108.87
coder,19087,11568,16144,161.60
coder,15327,9577,12495,117.32
sketch,6066,9054,9721,88.08
coder,22520,11860,18684,152.54
coder,20632,11717,17917,160.99
feature_extractor,5402,3747,4061,43.85
feature_extractor,5694,3966,4296,48.32
coder,23400,20626,27711,197.15
feature_extractor,5484,6010,6351,71.68
coder,17201,23558,27921,272.12
coder,16742,9054,11254,119.50
coder,13978,10272,12056,113.60
coder,20093,11384,17371,168.28
coder,19619,14177,18979,177.85
coder,22768,15622,22404,215.85
coder,23459,16063,22182,235.52
coder,25427,5206,14042,110.02
coder,14553,9152,11912,119.96
coder,17655,15415,18402,189.95
coder,22907,11984,18726,180.09
coder,17267,3179,5758,54.20
coder,19091,15374,20045,220.55
coder,24472,3414,10496,85.43
coder,17755,21940,25497,243.44
coder,15481,10035,13125,131.64
coder,22847,11482,18467,183.97
coder,20585,14154,20381,224.70
coder,20008,25138,29596,310.48
coder,20208,2934,8962,60.98
coder,16877,8351,10914,93.11
coder,22912,4975,12537,99.39
coder,23527,7606,13127,114.55
coder,20533,7921,13005,103.47
coder,17643,5075,8292,67.41
profiler,9914,4198,4340,49.53
coder,19129,7097,11674,100.25
coder,26093,9827,18695,156.76
coder,24834,14546,21079,178.68
coder,17264,15349,17924,160.39
coder,24556,10655,18850,159.20
coder,18215,16260,20420,183.11
coder,15649,9830,12942,127.37
coder,20560,16057,21735,177.51
coder,22998,18055,24923,234.28
coder,19058,16076,21243,218.55
coder,21954,4202,10627,76.68
coder,17226,6312,9046,70.12
coder,15651,5786,8606,81.69
coder,23695,6914,14712,110.43
coder,20308,8355,15009,119.11
coder,25418,2914,11466,72.31
coder,21090,6418,11113,95.52
coder,17212,9374,12091,99.00
coder,22608,12533,20182,151.84
coder,19544,8115,12303,105.94
coder,17882,20915,24038,233.84
coder,19007,18372,22845,221.42
coder,25440,4307,12510,86.69
coder,17467,6610,8987,79.14
coder,19983,8888,14522,127.68
coder,19854,6417,11918,103.29
coder,17811,6648,9548,85.13
coder,23676,4641,10128,79.95
coder,17240,12911,15568,153.07
coder,22901,13396,19509,166.23
coder,25468,10177,17318,132.85
coder,19670,6084,12116,102.17
coder,15483,10521,13140,120.00
coder,21042,15187,21564,199.04
coder,25858,1588,10200,118.89
coder,23550,6194,13736,108.65
coder,19001,6866,11388,103.19
coder,19604,7793,12014,106.81
coder,23372,7181,14217,98.80
coder,17816,16147,19355,195.76
coder,15687,13139,15919,153.90
coder,25472,11955,19953,177.17
coder,21071,16260,22091,218.72
coder,21957,3609,9149,75.68
sketch,5673,3285,3878,45.53
coder,23236,5384,12409,95.33
coder,21877,6149,12051,108.25
coder,17325,6671,9644,93.90
feature_extractor,5237,10814,11231,128.26
coder,20711,21632,26882,249.59
coder,20000,13483,17906,178.91
coder,25108,24441,32507,224.51
coder,25197,8954,16870,144.07
coder,21987,4895,10355,89.85
coder,20959,7529,12108,125.80
coder,25264,7841,15655,146.00
